order_id,order_date,ship_date,customer_id,customer_name,segment,country,city,state,region,product_id,category,sub_category,product_name,quantity,discount,sales,profit
ORD-100000,2024-03-27,2024-03-31,CU-10112,Barbara Anderson,Consumer,United States,Ann Arbor,Michigan,Central,PRD-OFF-1444,Office Supplies,Storage,Storage Executive 841,3,0.0,332.24,100.82
ORD-100001,2023-06-21,2023-06-27,CU-10219,Jennifer Martin,Consumer,United States,Las Vegas,Nevada,West,PRD-OFF-2341,Office Supplies,Art,Art Advanced 316,8,0.3,518.23,-12.37
ORD-100002,2025-08-21,2025-08-22,CU-10276,Jessica Thomas,Home Office,United States,Philadelphia,Pennsylvania,East,PRD-FUR-4571,Furniture,Chairs,Chairs Pro 353,4,0.4,1832.03,338.43
ORD-100003,2025-08-10,2025-08-16,CU-10131,Richard Smith,Consumer,United States,Chicago,Illinois,Central,PRD-OFF-4978,Office Supplies,Binders,Binders Pro 419,10,0.1,1036.71,-116.11
ORD-100004,2023-07-28,2023-08-03,CU-10154,David Rodriguez,Home Office,United States,Buffalo,New York,East,PRD-OFF-8532,Office Supplies,Storage,Storage Elite 618,6,0.3,223.89,73.97
ORD-100005,2023-11-10,2023-11-14,CU-10090,Sarah Miller,Corporate,United States,Ann Arbor,Michigan,Central,PRD-TEC-7209,Technology,Accessories,Accessories Advanced 972,4,0.1,4782.11,1077.11
ORD-100006,2024-11-19,2024-11-20,CU-10253,Robert Davis,Consumer,United States,Springfield,Illinois,Central,PRD-OFF-7658,Office Supplies,Storage,Storage Advanced 386,10,0.1,330.94,-35.47
ORD-100007,2025-09-27,2025-10-02,CU-10123,Joseph Jackson,Consumer,United States,Memphis,Tennessee,South,PRD-FUR-6419,Furniture,Bookcases,Bookcases Deluxe 514,4,0.2,992.88,62.31
ORD-100008,2024-12-21,2024-12-27,CU-10232,David Lee,Consumer,United States,Cleveland,Ohio,Central,PRD-FUR-9595,Furniture,Tables,Tables Advanced 222,9,0.4,4634.53,-54.46
ORD-100009,2024-08-02,2024-08-03,CU-10099,Linda Smith,Consumer,United States,Springfield,Illinois,Central,PRD-OFF-9042,Office Supplies,Binders,Binders Standard 380,1,0.0,68.64,11.6
ORD-100010,2023-07-30,2023-08-06,CU-10006,James Williams,Corporate,United States,Ann Arbor,Michigan,Central,PRD-OFF-5978,Office Supplies,Paper,Paper Pro 358,8,0.0,100.12,-7.42
ORD-100011,2023-06-24,2023-06-26,CU-10060,Robert Wilson,Corporate,United States,Savannah,Georgia,South,PRD-OFF-5335,Office Supplies,Storage,Storage Executive 412,10,0.1,675.97,110.02
ORD-100012,2023-06-16,2023-06-18,CU-10122,Linda Williams,Consumer,United States,Los Angeles,California,West,PRD-OFF-4824,Office Supplies,Art,Art Classic 398,1,0.4,51.78,-5.92
ORD-100013,2024-06-25,2024-07-02,CU-10101,Linda Williams,Consumer,United States,Tampa,Florida,South,PRD-TEC-8679,Technology,Machines,Machines Basic 946,3,0.15,1264.89,88.01
ORD-100014,2024-09-14,2024-09-20,CU-10206,Patricia Wilson,Consumer,United States,Ann Arbor,Michigan,Central,PRD-TEC-5415,Technology,Phones,Phones Executive 852,6,0.0,2291.64,801.58
ORD-100015,2023-03-24,2023-03-31,CU-10089,Susan Miller,Consumer,United States,Memphis,Tennessee,South,PRD-TEC-9117,Technology,Copiers,Copiers Classic 193,8,0.0,8173.55,121.8
ORD-100016,2024-08-13,2024-08-19,CU-10205,William Garcia,Corporate,United States,Boston,Massachusetts,East,PRD-OFF-4073,Office Supplies,Storage,Storage Elite 891,7,0.4,419.44,23.75
ORD-100017,2025-11-27,2025-11-30,CU-10255,Michael Jones,Corporate,United States,Miami,Florida,South,PRD-TEC-6091,Technology,Machines,Machines Basic 548,8,0.1,6716.62,1376.18
ORD-100018,2023-01-29,2023-02-03,CU-10208,Linda Miller,Corporate,United States,Newark,New Jersey,East,PRD-FUR-3369,Furniture,Tables,Tables Classic 833,5,0.4,1447.62,-40.73
ORD-100019,2025-02-24,2025-02-26,CU-10260,Charles Miller,Corporate,United States,San Francisco,California,West,PRD-OFF-8316,Office Supplies,Labels,Labels Basic 940,1,0.4,23.6,6.67
ORD-100020,2025-09-18,2025-09-21,CU-10170,Karen Moore,Consumer,United States,Memphis,Tennessee,South,PRD-TEC-3492,Technology,Machines,Machines Executive 339,7,0.3,5255.64,226.2
ORD-100021,2025-10-11,2025-10-12,CU-10064,James Brown,Consumer,United States,Dallas,Texas,Central,PRD-TEC-5342,Technology,Copiers,Copiers Pro 839,3,0.4,492.88,118.67
ORD-100022,2024-11-24,2024-11-29,CU-10203,Jennifer Hernandez,Corporate,United States,Pittsburgh,Pennsylvania,East,PRD-TEC-8110,Technology,Copiers,Copiers Pro 732,2,0.1,840.06,187.66
ORD-100023,2023-07-21,2023-07-28,CU-10051,Sarah Rodriguez,Consumer,United States,Savannah,Georgia,South,PRD-FUR-2293,Furniture,Bookcases,Bookcases Pro 400,6,0.0,2211.69,-143.78
ORD-100024,2025-02-22,2025-02-27,CU-10123,Joseph Jackson,Corporate,United States,Atlanta,Georgia,South,PRD-TEC-6661,Technology,Accessories,Accessories Classic 361,1,0.0,467.07,-52.81
ORD-100025,2024-09-04,2024-09-10,CU-10217,David Smith,Consumer,United States,Ann Arbor,Michigan,Central,PRD-OFF-7484,Office Supplies,Art,Art Elite 342,7,0.15,423.07,-58.82
ORD-100026,2024-07-16,2024-07-17,CU-10289,Susan Hernandez,Consumer,United States,Worcester,Massachusetts,East,PRD-TEC-1645,Technology,Accessories,Accessories Deluxe 751,4,0.0,4381.38,719.09
ORD-100027,2024-09-24,2024-10-01,CU-10225,Patricia Wilson,Consumer,United States,Philadelphia,Pennsylvania,East,PRD-OFF-5210,Office Supplies,Storage,Storage Executive 279,4,0.15,227.91,60.45
ORD-100028,2025-09-13,2025-09-20,CU-10151,Karen Williams,Consumer,United States,Dallas,Texas,Central,PRD-FUR-5295,Furniture,Tables,Tables Executive 966,9,0.0,3248.18,251.39
ORD-100029,2025-02-19,2025-02-26,CU-10190,Sarah Johnson,Consumer,United States,Jersey City,New Jersey,East,PRD-TEC-1742,Technology,Accessories,Accessories Deluxe 763,2,0.3,1493.19,-136.87
ORD-100030,2023-03-18,2023-03-21,CU-10252,Karen Hernandez,Home Office,United States,New York City,New York,East,PRD-FUR-9017,Furniture,Furnishings,Furnishings Classic 479,9,0.3,2559.42,454.2
ORD-100031,2025-04-15,2025-04-18,CU-10016,John Miller,Corporate,United States,Springfield,Illinois,Central,PRD-FUR-3001,Furniture,Bookcases,Bookcases Elite 802,6,0.3,2153.74,-25.97
ORD-100032,2025-07-20,2025-07-21,CU-10108,Jessica Davis,Consumer,United States,Buffalo,New York,East,PRD-FUR-1046,Furniture,Tables,Tables Elite 949,9,0.2,1627.8,386.09
ORD-100033,2024-07-21,2024-07-28,CU-10074,John Lopez,Consumer,United States,Portland,Oregon,West,PRD-TEC-3076,Technology,Phones,Phones Standard 115,6,0.0,3116.81,-53.97
ORD-100034,2025-05-12,2025-05-17,CU-10058,John Garcia,Corporate,United States,Worcester,Massachusetts,East,PRD-TEC-1510,Technology,Phones,Phones Classic 615,4,0.15,4031.31,318.56
ORD-100035,2023-05-05,2023-05-09,CU-10205,William Garcia,Home Office,United States,Orlando,Florida,South,PRD-OFF-9692,Office Supplies,Binders,Binders Elite 429,10,0.2,156.1,6.31
ORD-100036,2024-08-26,2024-08-30,CU-10258,Karen Williams,Consumer,United States,Tampa,Florida,South,PRD-TEC-6120,Technology,Machines,Machines Executive 562,4,0.0,2512.64,15.76
ORD-100037,2024-06-06,2024-06-09,CU-10078,Jessica Smith,Consumer,United States,Miami,Florida,South,PRD-FUR-7730,Furniture,Furnishings,Furnishings Elite 862,6,0.2,3552.02,657.15
ORD-100038,2024-12-25,2025-01-01,CU-10216,Richard Jackson,Corporate,United States,Pittsburgh,Pennsylvania,East,PRD-FUR-5564,Furniture,Tables,Tables Standard 772,8,0.2,1539.89,-142.53
ORD-100039,2024-04-08,2024-04-15,CU-10219,Jennifer Martin,Consumer,United States,Philadelphia,Pennsylvania,East,PRD-OFF-1502,Office Supplies,Storage,Storage Advanced 459,1,0.0,21.47,-1.7
ORD-100040,2023-07-07,2023-07-13,CU-10271,Sarah Lee,Corporate,United States,Reno,Nevada,West,PRD-OFF-1815,Office Supplies,Paper,Paper Advanced 419,6,0.0,421.64,-30.45
ORD-100041,2023-06-17,2023-06-20,CU-10226,Charles Miller,Corporate,United States,Memphis,Tennessee,South,PRD-OFF-7475,Office Supplies,Paper,Paper Elite 453,7,0.15,493.82,-62.86
ORD-100042,2023-04-23,2023-04-24,CU-10104,Linda Rodriguez,Corporate,United States,Chicago,Illinois,Central,PRD-OFF-6802,Office Supplies,Storage,Storage Elite 107,8,0.1,181.48,18.17
ORD-100043,2023-05-28,2023-06-01,CU-10021,William Johnson,Consumer,United States,Orlando,Florida,South,PRD-OFF-3815,Office Supplies,Labels,Labels Executive 687,7,0.0,371.24,123.66
ORD-100044,2025-07-31,2025-08-07,CU-10185,William Garcia,Consumer,United States,Boston,Massachusetts,East,PRD-OFF-2251,Office Supplies,Labels,Labels Executive 636,2,0.2,65.09,15.59
ORD-100045,2025-11-11,2025-11-17,CU-10058,John Garcia,Home Office,United States,Eugene,Oregon,West,PRD-TEC-9095,Technology,Machines,Machines Deluxe 205,3,0.0,814.98,-50.06
ORD-100046,2025-08-08,2025-08-15,CU-10288,Robert Anderson,Consumer,United States,Raleigh,North Carolina,South,PRD-OFF-8404,Office Supplies,Binders,Binders Classic 552,5,0.0,365.07,1.9
ORD-100047,2023-03-19,2023-03-20,CU-10188,James Brown,Consumer,United States,Austin,Texas,Central,PRD-TEC-8792,Technology,Copiers,Copiers Classic 694,9,0.1,886.81,9.55
ORD-100048,2025-10-23,2025-10-25,CU-10031,Richard Rodriguez,Home Office,United States,Orlando,Florida,South,PRD-FUR-5634,Furniture,Tables,Tables Pro 353,8,0.2,5710.96,208.03
ORD-100049,2025-03-04,2025-03-08,CU-10173,John Rodriguez,Corporate,United States,Philadelphia,Pennsylvania,East,PRD-FUR-6082,Furniture,Furnishings,Furnishings Basic 358,10,0.0,7922.88,2443.2
ORD-100050,2025-03-13,2025-03-15,CU-10043,David Wilson,Consumer,United States,Ann Arbor,Michigan,Central,PRD-TEC-8967,Technology,Phones,Phones Executive 620,6,0.2,6860.14,2221.55
ORD-100051,2024-01-29,2024-01-31,CU-10070,Thomas Garcia,Consumer,United States,San Francisco,California,West,PRD-TEC-1715,Technology,Phones,Phones Advanced 997,10,0.0,2852.58,600.73
ORD-100052,2025-04-21,2025-04-24,CU-10121,William Thomas,Consumer,United States,Raleigh,North Carolina,South,PRD-TEC-5616,Technology,Machines,Machines Basic 928,8,0.4,4961.02,401.05
ORD-100053,2025-02-21,2025-02-26,CU-10270,Joseph Moore,Home Office,United States,Atlanta,Georgia,South,PRD-FUR-3626,Furniture,Bookcases,Bookcases Pro 756,8,0.0,6344.0,-47.38
ORD-100054,2024-07-12,2024-07-16,CU-10262,Richard Davis,Consumer,United States,Las Vegas,Nevada,West,PRD-OFF-1461,Office Supplies,Storage,Storage Pro 524,1,0.0,48.01,1.8
ORD-100055,2024-10-14,2024-10-15,CU-10171,James Jackson,Corporate,United States,Seattle,Washington,West,PRD-OFF-9647,Office Supplies,Paper,Paper Classic 559,10,0.0,141.11,17.55
ORD-100056,2025-05-16,2025-05-17,CU-10147,Linda Wilson,Consumer,United States,Portland,Oregon,West,PRD-FUR-5772,Furniture,Furnishings,Furnishings Classic 164,2,0.1,1370.13,286.73
ORD-100057,2025-05-29,2025-05-30,CU-10180,Jessica Rodriguez,Home Office,United States,Las Vegas,Nevada,West,PRD-TEC-8702,Technology,Phones,Phones Advanced 169,9,0.0,7074.47,319.96
ORD-100058,2023-03-31,2023-04-06,CU-10198,Barbara Jackson,Corporate,United States,Columbus,Ohio,Central,PRD-FUR-6546,Furniture,Bookcases,Bookcases Deluxe 850,2,0.0,1411.55,36.91
ORD-100059,2023-12-25,2024-01-01,CU-10237,Elizabeth Jackson,Consumer,United States,Atlanta,Georgia,South,PRD-TEC-9897,Technology,Copiers,Copiers Pro 400,4,0.15,376.6,40.56
ORD-100060,2025-08-27,2025-08-30,CU-10018,Robert Wilson,Consumer,United States,Eugene,Oregon,West,PRD-TEC-4060,Technology,Accessories,Accessories Basic 227,6,0.3,2888.0,56.37
ORD-100061,2025-10-13,2025-10-19,CU-10254,Elizabeth Davis,Home Office,United States,Columbus,Ohio,Central,PRD-OFF-7981,Office Supplies,Binders,Binders Executive 716,3,0.15,106.95,0.35
ORD-100062,2023-12-08,2023-12-14,CU-10227,William Johnson,Home Office,United States,Detroit,Michigan,Central,PRD-OFF-3339,Office Supplies,Labels,Labels Executive 381,1,0.0,78.31,25.56
ORD-100063,2025-06-16,2025-06-17,CU-10064,James Brown,Corporate,United States,Jersey City,New Jersey,East,PRD-OFF-9674,Office Supplies,Labels,Labels Pro 719,3,0.0,342.34,46.89
ORD-100064,2025-01-21,2025-01-25,CU-10160,James Thomas,Consumer,United States,Chicago,Illinois,Central,PRD-TEC-5678,Technology,Machines,Machines Classic 630,7,0.4,4929.53,-210.56
ORD-100065,2025-10-02,2025-10-04,CU-10062,Joseph Moore,Consumer,United States,San Francisco,California,West,PRD-TEC-3580,Technology,Copiers,Copiers Elite 929,6,0.15,4322.23,1277.94
ORD-100066,2023-12-23,2023-12-30,CU-10185,William Garcia,Consumer,United States,Los Angeles,California,West,PRD-FUR-2412,Furniture,Furnishings,Furnishings Pro 469,9,0.0,4827.92,753.03
ORD-100067,2023-05-15,2023-05-18,CU-10203,Jennifer Hernandez,Home Office,United States,Memphis,Tennessee,South,PRD-FUR-3114,Furniture,Tables,Tables Advanced 757,2,0.0,864.96,202.31
ORD-100068,2025-06-05,2025-06-10,CU-10028,Mary Davis,Consumer,United States,Jersey City,New Jersey,East,PRD-FUR-5961,Furniture,Bookcases,Bookcases Deluxe 454,9,0.15,6201.76,-542.13
ORD-100069,2025-12-28,2025-12-29,CU-10257,Linda Taylor,Home Office,United States,Seattle,Washington,West,PRD-TEC-7825,Technology,Accessories,Accessories Pro 945,1,0.15,992.79,174.3
ORD-100070,2023-03-04,2023-03-08,CU-10279,Jessica Davis,Consumer,United States,Cleveland,Ohio,Central,PRD-TEC-3353,Technology,Copiers,Copiers Basic 564,2,0.4,783.18,-37.58
ORD-100071,2024-10-02,2024-10-09,CU-10163,Sarah Miller,Corporate,United States,Detroit,Michigan,Central,PRD-TEC-7293,Technology,Phones,Phones Advanced 347,8,0.0,2034.18,-9.96
ORD-100072,2025-05-06,2025-05-08,CU-10081,Mary Davis,Consumer,United States,Columbus,Ohio,Central,PRD-OFF-4524,Office Supplies,Labels,Labels Classic 610,5,0.4,46.07,15.36
ORD-100073,2024-12-23,2024-12-24,CU-10025,Elizabeth Lee,Corporate,United States,Ann Arbor,Michigan,Central,PRD-TEC-1838,Technology,Phones,Phones Elite 541,3,0.2,2778.22,-353.89
ORD-100074,2024-02-03,2024-02-06,CU-10283,David Hernandez,Home Office,United States,Dallas,Texas,Central,PRD-OFF-6555,Office Supplies,Labels,Labels Basic 945,10,0.3,130.64,4.78
ORD-100075,2025-01-18,2025-01-25,CU-10073,Karen Miller,Consumer,United States,Las Vegas,Nevada,West,PRD-FUR-6218,Furniture,Tables,Tables Advanced 923,8,0.0,3931.46,54.97
ORD-100076,2023-11-29,2023-12-03,CU-10153,Charles Moore,Corporate,United States,Ann Arbor,Michigan,Central,PRD-FUR-5350,Furniture,Bookcases,Bookcases Advanced 789,2,0.0,1765.83,262.15
ORD-100077,2024-04-11,2024-04-17,CU-10026,Barbara Martin,Consumer,United States,Savannah,Georgia,South,PRD-TEC-7723,Technology,Machines,Machines Pro 686,2,0.3,920.12,179.65
ORD-100078,2025-10-24,2025-10-31,CU-10241,Charles Martinez,Home Office,United States,Newark,New Jersey,East,PRD-OFF-4150,Office Supplies,Art,Art Executive 421,3,0.15,169.09,26.22
ORD-100079,2024-05-19,2024-05-22,CU-10285,John Jones,Corporate,United States,Springfield,Illinois,Central,PRD-TEC-9899,Technology,Machines,Machines Classic 424,8,0.15,8182.7,-49.96
ORD-100080,2025-02-16,2025-02-20,CU-10176,William Martinez,Corporate,United States,Portland,Oregon,West,PRD-TEC-5450,Technology,Phones,Phones Advanced 552,5,0.15,5314.75,1682.18
ORD-100081,2023-10-09,2023-10-10,CU-10122,Linda Williams,Home Office,United States,San Diego,California,West,PRD-FUR-3587,Furniture,Tables,Tables Pro 202,7,0.0,2315.25,-341.29
ORD-100082,2025-04-13,2025-04-19,CU-10243,James Martinez,Corporate,United States,Savannah,Georgia,South,PRD-OFF-3868,Office Supplies,Binders,Binders Elite 767,10,0.0,899.49,275.8
ORD-100083,2025-05-05,2025-05-12,CU-10090,Sarah Miller,Consumer,United States,Worcester,Massachusetts,East,PRD-TEC-9901,Technology,Accessories,Accessories Pro 109,5,0.15,6270.2,483.9
ORD-100084,2025-12-09,2025-12-13,CU-10068,Jennifer Thomas,Consumer,United States,Charlotte,North Carolina,South,PRD-OFF-4164,Office Supplies,Paper,Paper Classic 763,5,0.15,28.13,3.77
ORD-100085,2023-12-26,2023-12-31,CU-10207,Mary Taylor,Corporate,United States,Charlotte,North Carolina,South,PRD-TEC-5374,Technology,Phones,Phones Standard 243,8,0.1,3082.6,226.16
ORD-100086,2024-11-06,2024-11-09,CU-10298,Susan Jackson,Home Office,United States,Pittsburgh,Pennsylvania,East,PRD-FUR-5833,Furniture,Chairs,Chairs Elite 576,5,0.15,789.48,154.06
ORD-100087,2025-01-22,2025-01-27,CU-10113,Susan Thomas,Consumer,United States,Spokane,Washington,West,PRD-OFF-2341,Office Supplies,Labels,Labels Advanced 525,9,0.1,745.97,172.27
ORD-100088,2025-12-12,2025-12-16,CU-10270,Joseph Moore,Consumer,United States,Austin,Texas,Central,PRD-FUR-9361,Furniture,Tables,Tables Standard 268,6,0.4,2794.73,-292.13
ORD-100089,2025-07-01,2025-07-08,CU-10028,Mary Davis,Corporate,United States,Savannah,Georgia,South,PRD-TEC-1742,Technology,Phones,Phones Classic 788,5,0.1,5552.36,772.64
ORD-100090,2025-05-17,2025-05-20,CU-10032,Joseph Lopez,Consumer,United States,Buffalo,New York,East,PRD-OFF-7266,Office Supplies,Art,Art Standard 887,3,0.3,246.77,9.19
ORD-100091,2025-07-07,2025-07-14,CU-10193,Susan Jones,Home Office,United States,Tampa,Florida,South,PRD-TEC-1372,Technology,Machines,Machines Advanced 221,3,0.1,633.56,169.42
ORD-100092,2024-09-03,2024-09-07,CU-10278,William Moore,Consumer,United States,Nashville,Tennessee,South,PRD-OFF-1256,Office Supplies,Storage,Storage Standard 382,4,0.3,247.46,38.97
ORD-100093,2024-05-07,2024-05-09,CU-10034,Barbara Miller,Home Office,United States,Buffalo,New York,East,PRD-TEC-5739,Technology,Phones,Phones Deluxe 858,1,0.0,365.04,-29.18
ORD-100094,2024-04-24,2024-05-01,CU-10294,James Martin,Corporate,United States,Columbus,Ohio,Central,PRD-FUR-7999,Furniture,Tables,Tables Executive 407,5,0.0,509.07,82.98
ORD-100095,2025-10-12,2025-10-13,CU-10176,William Martinez,Corporate,United States,Raleigh,North Carolina,South,PRD-FUR-1944,Furniture,Bookcases,Bookcases Executive 288,9,0.0,4072.42,1029.87
ORD-100096,2025-04-25,2025-04-29,CU-10285,John Jones,Corporate,United States,Las Vegas,Nevada,West,PRD-FUR-1647,Furniture,Bookcases,Bookcases Elite 560,6,0.15,655.83,25.3
ORD-100097,2023-05-30,2023-06-01,CU-10286,Linda Wilson,Corporate,United States,Las Vegas,Nevada,West,PRD-OFF-4921,Office Supplies,Binders,Binders Deluxe 294,2,0.1,165.15,7.98
ORD-100098,2024-10-20,2024-10-27,CU-10144,Thomas Williams,Corporate,United States,Memphis,Tennessee,South,PRD-OFF-7073,Office Supplies,Storage,Storage Classic 577,2,0.2,140.92,43.29
ORD-100099,2024-10-02,2024-10-06,CU-10023,Patricia Wilson,Corporate,United States,Seattle,Washington,West,PRD-TEC-6530,Technology,Copiers,Copiers Basic 256,4,0.4,3020.1,378.48
ORD-100100,2024-06-11,2024-06-18,CU-10250,Jennifer Williams,Home Office,United States,Nashville,Tennessee,South,PRD-OFF-2217,Office Supplies,Paper,Paper Standard 837,9,0.0,993.99,111.3
ORD-100101,2023-04-10,2023-04-17,CU-10003,Patricia Jackson,Consumer,United States,Atlanta,Georgia,South,PRD-TEC-1257,Technology,Machines,Machines Pro 323,9,0.4,5263.41,945.53
ORD-100102,2023-01-14,2023-01-19,CU-10282,Linda Rodriguez,Home Office,United States,Miami,Florida,South,PRD-TEC-2578,Technology,Accessories,Accessories Basic 117,9,0.0,10970.49,-1058.56
ORD-100103,2025-12-09,2025-12-11,CU-10123,Joseph Jackson,Corporate,United States,Eugene,Oregon,West,PRD-OFF-1519,Office Supplies,Binders,Binders Advanced 515,8,0.0,951.01,168.2
ORD-100104,2023-07-11,2023-07-15,CU-10194,Mary Martinez,Home Office,United States,Nashville,Tennessee,South,PRD-FUR-1697,Furniture,Tables,Tables Elite 611,7,0.0,4187.2,1245.25
ORD-100105,2024-04-15,2024-04-17,CU-10290,Sarah Thomas,Consumer,United States,Charlotte,North Carolina,South,PRD-TEC-5903,Technology,Accessories,Accessories Pro 283,6,0.3,1088.13,342.15
ORD-100106,2023-11-29,2023-12-04,CU-10123,Joseph Jackson,Home Office,United States,Raleigh,North Carolina,South,PRD-FUR-6347,Furniture,Chairs,Chairs Advanced 154,2,0.3,590.14,197.38
ORD-100107,2023-03-02,2023-03-08,CU-10139,Mary Hernandez,Corporate,United States,Nashville,Tennessee,South,PRD-TEC-2344,Technology,Copiers,Copiers Executive 290,10,0.1,8522.94,1760.45
ORD-100108,2024-07-02,2024-07-04,CU-10194,Mary Martinez,Corporate,United States,Reno,Nevada,West,PRD-FUR-9395,Furniture,Chairs,Chairs Pro 415,8,0.0,2847.44,186.48
ORD-100109,2025-04-15,2025-04-16,CU-10013,William Smith,Home Office,United States,Philadelphia,Pennsylvania,East,PRD-TEC-3778,Technology,Accessories,Accessories Executive 112,5,0.1,4954.61,673.73
ORD-100110,2025-02-18,2025-02-20,CU-10071,Thomas Brown,Corporate,United States,Cleveland,Ohio,Central,PRD-FUR-9123,Furniture,Chairs,Chairs Standard 545,5,0.15,1733.73,558.45
ORD-100111,2024-02-05,2024-02-09,CU-10054,Barbara Davis,Corporate,United States,Portland,Oregon,West,PRD-OFF-4290,Office Supplies,Labels,Labels Executive 923,6,0.0,327.13,0.07
ORD-100112,2025-09-08,2025-09-11,CU-10090,Sarah Miller,Home Office,United States,Raleigh,North Carolina,South,PRD-TEC-9939,Technology,Copiers,Copiers Deluxe 433,7,0.1,3649.42,533.23
ORD-100113,2024-01-04,2024-01-10,CU-10281,Robert Martinez,Corporate,United States,Boston,Massachusetts,East,PRD-OFF-7176,Office Supplies,Binders,Binders Executive 789,8,0.0,318.61,66.15
ORD-100114,2023-06-01,2023-06-05,CU-10245,Susan Martin,Corporate,United States,Nashville,Tennessee,South,PRD-TEC-7547,Technology,Phones,Phones Elite 887,4,0.0,3952.6,520.2
ORD-100115,2024-11-10,2024-11-17,CU-10220,William Johnson,Corporate,United States,New York City,New York,East,PRD-FUR-1402,Furniture,Tables,Tables Classic 483,7,0.0,3105.23,69.82
ORD-100116,2025-09-15,2025-09-16,CU-10151,Karen Williams,Home Office,United States,Miami,Florida,South,PRD-FUR-8412,Furniture,Bookcases,Bookcases Basic 451,8,0.0,5733.04,396.06
ORD-100117,2024-10-15,2024-10-16,CU-10153,Charles Moore,Corporate,United States,New York City,New York,East,PRD-TEC-4798,Technology,Phones,Phones Standard 858,4,0.3,1483.82,488.52
ORD-100118,2025-04-09,2025-04-15,CU-10094,Patricia Davis,Consumer,United States,Reno,Nevada,West,PRD-TEC-9796,Technology,Machines,Machines Classic 706,7,0.0,2438.71,338.19
ORD-100119,2024-01-18,2024-01-21,CU-10166,Robert Davis,Corporate,United States,Las Vegas,Nevada,West,PRD-TEC-5873,Technology,Copiers,Copiers Advanced 711,7,0.4,2328.86,369.55
ORD-100120,2023-06-23,2023-06-29,CU-10068,Jennifer Thomas,Corporate,United States,Houston,Texas,Central,PRD-FUR-8973,Furniture,Tables,Tables Advanced 810,3,0.3,1016.82,62.55
ORD-100121,2023-12-21,2023-12-26,CU-10085,John Jones,Consumer,United States,Charlotte,North Carolina,South,PRD-OFF-9281,Office Supplies,Art,Art Pro 986,6,0.3,255.07,84.66
ORD-100122,2025-10-10,2025-10-14,CU-10251,Elizabeth Moore,Consumer,United States,Memphis,Tennessee,South,PRD-FUR-9115,Furniture,Chairs,Chairs Deluxe 399,1,0.4,170.17,22.6
ORD-100123,2025-11-12,2025-11-13,CU-10293,Richard Martin,Home Office,United States,Pittsburgh,Pennsylvania,East,PRD-FUR-6711,Furniture,Furnishings,Furnishings Deluxe 535,2,0.0,1351.18,101.16
ORD-100124,2023-06-28,2023-07-02,CU-10060,Robert Wilson,Home Office,United States,Spokane,Washington,West,PRD-TEC-9827,Technology,Copiers,Copiers Standard 730,3,0.2,2922.93,339.47
ORD-100125,2023-12-11,2023-12-14,CU-10149,Linda Martin,Consumer,United States,Columbus,Ohio,Central,PRD-OFF-7434,Office Supplies,Binders,Binders Basic 987,3,0.2,48.62,12.85
ORD-100126,2025-09-29,2025-10-01,CU-10295,Richard Taylor,Corporate,United States,Ann Arbor,Michigan,Central,PRD-FUR-1040,Furniture,Chairs,Chairs Executive 627,5,0.4,1921.49,26.22
ORD-100127,2023-07-10,2023-07-16,CU-10234,Elizabeth Moore,Corporate,United States,Austin,Texas,Central,PRD-FUR-8951,Furniture,Furnishings,Furnishings Deluxe 606,5,0.0,1622.18,215.87
ORD-100128,2024-12-04,2024-12-10,CU-10024,Robert Jackson,Consumer,United States,Buffalo,New York,East,PRD-FUR-5945,Furniture,Tables,Tables Classic 567,1,0.0,893.06,259.95
ORD-100129,2023-11-22,2023-11-29,CU-10140,Mary Johnson,Consumer,United States,Pittsburgh,Pennsylvania,East,PRD-OFF-1017,Office Supplies,Paper,Paper Pro 505,5,0.0,459.26,92.7
ORD-100130,2024-03-13,2024-03-17,CU-10039,Richard Rodriguez,Consumer,United States,Spokane,Washington,West,PRD-FUR-2678,Furniture,Bookcases,Bookcases Elite 980,7,0.0,4479.48,964.8
ORD-100131,2023-07-31,2023-08-03,CU-10188,James Brown,Consumer,United States,Springfield,Illinois,Central,PRD-TEC-3480,Technology,Machines,Machines Elite 643,10,0.1,6193.3,1015.95
ORD-100132,2025-04-23,2025-04-28,CU-10226,Charles Miller,Consumer,United States,Los Angeles,California,West,PRD-FUR-5668,Furniture,Furnishings,Furnishings Advanced 539,6,0.1,3901.04,494.26
ORD-100133,2023-02-24,2023-03-03,CU-10154,David Rodriguez,Corporate,United States,Spokane,Washington,West,PRD-TEC-6185,Technology,Phones,Phones Deluxe 606,7,0.0,6378.39,2190.6
ORD-100134,2023-09-28,2023-10-02,CU-10291,Susan Johnson,Corporate,United States,Charlotte,North Carolina,South,PRD-FUR-9209,Furniture,Chairs,Chairs Elite 114,5,0.3,816.84,84.38
ORD-100135,2025-04-30,2025-05-04,CU-10205,William Garcia,Consumer,United States,Jersey City,New Jersey,East,PRD-OFF-8167,Office Supplies,Binders,Binders Deluxe 927,3,0.0,149.8,0.76
ORD-100136,2024-05-03,2024-05-04,CU-10125,Sarah Smith,Corporate,United States,Boston,Massachusetts,East,PRD-TEC-6680,Technology,Phones,Phones Basic 782,3,0.0,3201.52,314.41
ORD-100137,2025-12-07,2025-12-12,CU-10132,Richard Rodriguez,Home Office,United States,Portland,Oregon,West,PRD-OFF-9368,Office Supplies,Binders,Binders Pro 443,7,0.0,86.42,8.48
ORD-100138,2025-01-07,2025-01-08,CU-10255,Michael Jones,Corporate,United States,Portland,Oregon,West,PRD-FUR-7274,Furniture,Chairs,Chairs Deluxe 858,9,0.0,469.65,40.33
ORD-100139,2023-11-04,2023-11-06,CU-10018,Robert Wilson,Consumer,United States,Savannah,Georgia,South,PRD-OFF-9450,Office Supplies,Storage,Storage Basic 945,2,0.0,37.46,-2.26
ORD-100140,2023-04-05,2023-04-09,CU-10035,William Williams,Corporate,United States,Raleigh,North Carolina,South,PRD-FUR-9083,Furniture,Furnishings,Furnishings Pro 477,4,0.1,1072.28,87.89
ORD-100141,2024-02-05,2024-02-11,CU-10279,Jessica Davis,Corporate,United States,Seattle,Washington,West,PRD-FUR-9680,Furniture,Tables,Tables Advanced 751,1,0.15,729.59,-71.52
ORD-100142,2024-05-02,2024-05-06,CU-10251,Elizabeth Moore,Consumer,United States,Jersey City,New Jersey,East,PRD-FUR-7461,Furniture,Tables,Tables Executive 817,6,0.0,2638.14,444.81
ORD-100143,2023-06-03,2023-06-08,CU-10290,Sarah Thomas,Consumer,United States,Boston,Massachusetts,East,PRD-OFF-4321,Office Supplies,Storage,Storage Advanced 920,7,0.15,532.92,-17.69
ORD-100144,2023-10-06,2023-10-13,CU-10299,Sarah Lee,Consumer,United States,Newark,New Jersey,East,PRD-OFF-2964,Office Supplies,Art,Art Advanced 516,2,0.15,197.09,16.1
ORD-100145,2023-07-05,2023-07-07,CU-10155,Michael Hernandez,Consumer,United States,Jersey City,New Jersey,East,PRD-FUR-7625,Furniture,Tables,Tables Advanced 505,9,0.0,824.47,-110.86
ORD-100146,2025-07-15,2025-07-20,CU-10281,Robert Martinez,Consumer,United States,San Francisco,California,West,PRD-FUR-5240,Furniture,Chairs,Chairs Pro 163,4,0.0,644.43,90.97
ORD-100147,2023-06-03,2023-06-04,CU-10033,Jennifer Lopez,Consumer,United States,Las Vegas,Nevada,West,PRD-OFF-7270,Office Supplies,Binders,Binders Pro 572,1,0.3,49.7,4.87
ORD-100148,2025-05-23,2025-05-25,CU-10181,Mary Williams,Corporate,United States,Spokane,Washington,West,PRD-OFF-5583,Office Supplies,Paper,Paper Pro 728,10,0.4,476.62,-56.96
ORD-100149,2025-02-23,2025-02-25,CU-10214,Robert Rodriguez,Corporate,United States,Seattle,Washington,West,PRD-TEC-6224,Technology,Accessories,Accessories Classic 657,8,0.15,3511.02,-210.98
ORD-100150,2024-03-24,2024-03-25,CU-10143,Jennifer Johnson,Home Office,United States,Worcester,Massachusetts,East,PRD-FUR-4594,Furniture,Tables,Tables Elite 353,4,0.0,1106.19,256.66
ORD-100151,2025-03-06,2025-03-09,CU-10088,Thomas Lee,Home Office,United States,Spokane,Washington,West,PRD-TEC-9064,Technology,Accessories,Accessories Pro 820,6,0.1,4679.14,1255.64
ORD-100152,2024-09-24,2024-09-26,CU-10251,Elizabeth Moore,Consumer,United States,New York City,New York,East,PRD-TEC-3907,Technology,Machines,Machines Pro 639,8,0.0,2736.99,55.78
ORD-100153,2024-10-24,2024-10-25,CU-10011,Susan Davis,Home Office,United States,Seattle,Washington,West,PRD-OFF-8157,Office Supplies,Binders,Binders Advanced 821,7,0.0,305.93,66.13
ORD-100154,2025-09-24,2025-09-30,CU-10162,Patricia Williams,Home Office,United States,Portland,Oregon,West,PRD-TEC-1530,Technology,Machines,Machines Executive 414,5,0.3,4990.1,1374.17
ORD-100155,2024-01-08,2024-01-13,CU-10162,Patricia Williams,Consumer,United States,San Francisco,California,West,PRD-OFF-5345,Office Supplies,Binders,Binders Deluxe 455,6,0.2,512.7,37.59
ORD-100156,2024-03-05,2024-03-07,CU-10034,Barbara Miller,Home Office,United States,Columbus,Ohio,Central,PRD-FUR-7149,Furniture,Chairs,Chairs Executive 548,7,0.3,4281.31,109.67
ORD-100157,2023-07-27,2023-08-03,CU-10245,Susan Martin,Consumer,United States,Spokane,Washington,West,PRD-FUR-2228,Furniture,Bookcases,Bookcases Pro 426,5,0.3,3006.19,-209.07
ORD-100158,2023-07-10,2023-07-13,CU-10247,Joseph Thomas,Home Office,United States,Boston,Massachusetts,East,PRD-OFF-5872,Office Supplies,Paper,Paper Pro 203,6,0.15,136.93,24.69
ORD-100159,2024-05-01,2024-05-02,CU-10025,Elizabeth Lee,Consumer,United States,Nashville,Tennessee,South,PRD-OFF-3798,Office Supplies,Binders,Binders Executive 189,5,0.0,384.43,-52.72
ORD-100160,2024-08-20,2024-08-21,CU-10242,Richard Jackson,Corporate,United States,Pittsburgh,Pennsylvania,East,PRD-OFF-5313,Office Supplies,Storage,Storage Elite 757,9,0.0,429.01,31.27
ORD-100161,2025-06-19,2025-06-23,CU-10134,Susan Jackson,Consumer,United States,Portland,Oregon,West,PRD-TEC-7342,Technology,Phones,Phones Elite 784,6,0.1,6193.06,785.29
ORD-100162,2025-12-06,2025-12-10,CU-10274,Susan Jackson,Corporate,United States,Savannah,Georgia,South,PRD-FUR-8357,Furniture,Furnishings,Furnishings Pro 614,10,0.0,8153.87,-732.7
ORD-100163,2023-12-21,2023-12-23,CU-10108,Jessica Davis,Corporate,United States,Seattle,Washington,West,PRD-FUR-7510,Furniture,Furnishings,Furnishings Deluxe 942,3,0.0,2276.98,-242.47
ORD-100164,2024-10-29,2024-11-05,CU-10141,Charles Taylor,Home Office,United States,Tampa,Florida,South,PRD-TEC-2654,Technology,Copiers,Copiers Elite 524,3,0.0,3448.94,1077.67
ORD-100165,2024-08-08,2024-08-15,CU-10274,Susan Jackson,Corporate,United States,Ann Arbor,Michigan,Central,PRD-TEC-6431,Technology,Copiers,Copiers Classic 138,3,0.3,1958.36,-255.78
ORD-100166,2024-05-01,2024-05-02,CU-10243,James Martinez,Corporate,United States,Columbus,Ohio,Central,PRD-OFF-8259,Office Supplies,Storage,Storage Basic 963,8,0.1,603.06,-49.94
ORD-100167,2024-10-19,2024-10-22,CU-10213,David Rodriguez,Consumer,United States,Jersey City,New Jersey,East,PRD-OFF-9589,Office Supplies,Art,Art Advanced 940,1,0.3,16.3,-1.34
ORD-100168,2023-03-01,2023-03-03,CU-10098,Linda Martin,Consumer,United States,Los Angeles,California,West,PRD-OFF-4963,Office Supplies,Binders,Binders Advanced 821,4,0.0,398.81,76.01
ORD-100169,2025-02-01,2025-02-05,CU-10228,Susan Smith,Corporate,United States,Reno,Nevada,West,PRD-FUR-4688,Furniture,Bookcases,Bookcases Elite 391,1,0.1,340.72,94.91
ORD-100170,2024-02-28,2024-03-02,CU-10209,Joseph Lopez,Consumer,United States,Buffalo,New York,East,PRD-TEC-7168,Technology,Machines,Machines Pro 329,5,0.15,4604.76,285.05
ORD-100171,2024-12-15,2024-12-19,CU-10129,Michael Wilson,Home Office,United States,Reno,Nevada,West,PRD-TEC-2771,Technology,Copiers,Copiers Elite 107,9,0.15,9693.31,-7.39
ORD-100172,2025-09-13,2025-09-14,CU-10172,Elizabeth Brown,Corporate,United States,Cleveland,Ohio,Central,PRD-TEC-3292,Technology,Accessories,Accessories Deluxe 253,9,0.3,7672.6,1383.1
ORD-100173,2023-02-22,2023-02-28,CU-10254,Elizabeth Davis,Corporate,United States,Cleveland,Ohio,Central,PRD-OFF-3785,Office Supplies,Binders,Binders Deluxe 451,4,0.2,250.9,26.01
ORD-100174,2024-01-06,2024-01-09,CU-10049,William Jones,Home Office,United States,Savannah,Georgia,South,PRD-TEC-6428,Technology,Machines,Machines Advanced 770,2,0.3,1839.01,448.8
ORD-100175,2025-01-31,2025-02-03,CU-10299,Sarah Lee,Corporate,United States,Detroit,Michigan,Central,PRD-FUR-3470,Furniture,Chairs,Chairs Classic 299,9,0.3,956.61,-117.63
ORD-100176,2023-10-09,2023-10-11,CU-10175,Sarah Jones,Corporate,United States,Nashville,Tennessee,South,PRD-TEC-4430,Technology,Machines,Machines Elite 599,6,0.0,5820.14,442.49
ORD-100177,2023-12-12,2023-12-17,CU-10081,Mary Davis,Home Office,United States,Miami,Florida,South,PRD-OFF-6279,Office Supplies,Art,Art Executive 539,8,0.2,59.77,19.43
ORD-100178,2025-12-23,2025-12-25,CU-10009,James Jackson,Home Office,United States,Newark,New Jersey,East,PRD-OFF-5764,Office Supplies,Storage,Storage Standard 205,7,0.0,281.42,-0.25
ORD-100179,2025-07-22,2025-07-28,CU-10266,Thomas Thomas,Corporate,United States,Detroit,Michigan,Central,PRD-OFF-9267,Office Supplies,Storage,Storage Deluxe 268,7,0.1,194.02,42.11
ORD-100180,2023-12-13,2023-12-14,CU-10187,Susan Jackson,Home Office,United States,Worcester,Massachusetts,East,PRD-TEC-3024,Technology,Phones,Phones Pro 777,2,0.3,1470.19,106.08
ORD-100181,2024-06-01,2024-06-05,CU-10078,Jessica Smith,Corporate,United States,San Francisco,California,West,PRD-TEC-2741,Technology,Phones,Phones Basic 737,10,0.0,13530.02,-116.99
ORD-100182,2025-10-16,2025-10-18,CU-10102,Mary Hernandez,Home Office,United States,Springfield,Illinois,Central,PRD-OFF-1208,Office Supplies,Storage,Storage Standard 140,9,0.2,207.97,-6.81
ORD-100183,2023-07-02,2023-07-03,CU-10293,Richard Martin,Home Office,United States,Atlanta,Georgia,South,PRD-FUR-3862,Furniture,Chairs,Chairs Basic 759,4,0.0,1752.95,-175.46
ORD-100184,2023-03-22,2023-03-29,CU-10148,Patricia Martin,Home Office,United States,Cleveland,Ohio,Central,PRD-FUR-5395,Furniture,Chairs,Chairs Pro 109,3,0.4,1104.93,361.91
ORD-100185,2023-07-10,2023-07-13,CU-10175,Sarah Jones,Corporate,United States,San Francisco,California,West,PRD-OFF-1960,Office Supplies,Storage,Storage Executive 806,8,0.0,636.94,-53.34
ORD-100186,2023-11-23,2023-11-24,CU-10213,David Rodriguez,Home Office,United States,Nashville,Tennessee,South,PRD-OFF-5286,Office Supplies,Storage,Storage Pro 983,3,0.4,110.04,-13.98
ORD-100187,2024-10-05,2024-10-06,CU-10268,Linda Brown,Corporate,United States,Portland,Oregon,West,PRD-TEC-3571,Technology,Machines,Machines Classic 454,7,0.0,9404.43,-1355.91
ORD-100188,2025-11-01,2025-11-08,CU-10240,Jennifer Lee,Corporate,United States,Atlanta,Georgia,South,PRD-OFF-8277,Office Supplies,Paper,Paper Advanced 384,1,0.1,61.48,-6.8
ORD-100189,2025-07-06,2025-07-07,CU-10255,Michael Jones,Corporate,United States,Charlotte,North Carolina,South,PRD-TEC-4389,Technology,Phones,Phones Elite 513,7,0.15,7423.03,2190.21
ORD-100190,2025-07-23,2025-07-26,CU-10186,Joseph Jackson,Corporate,United States,Jersey City,New Jersey,East,PRD-TEC-5783,Technology,Copiers,Copiers Advanced 833,8,0.2,2377.81,65.56
ORD-100191,2025-12-05,2025-12-08,CU-10054,Barbara Davis,Consumer,United States,Jersey City,New Jersey,East,PRD-TEC-4122,Technology,Copiers,Copiers Elite 360,10,0.1,11571.14,908.6
ORD-100192,2024-11-23,2024-11-24,CU-10212,Michael Wilson,Corporate,United States,Buffalo,New York,East,PRD-TEC-3903,Technology,Machines,Machines Classic 104,9,0.4,3658.91,1142.26
ORD-100193,2023-12-22,2023-12-28,CU-10065,Sarah Rodriguez,Home Office,United States,Worcester,Massachusetts,East,PRD-OFF-9393,Office Supplies,Art,Art Deluxe 380,7,0.0,816.25,-66.04
ORD-100194,2024-09-04,2024-09-11,CU-10280,William Thomas,Consumer,United States,Chicago,Illinois,Central,PRD-TEC-6771,Technology,Accessories,Accessories Advanced 788,3,0.2,3454.98,708.88
ORD-100195,2025-09-10,2025-09-15,CU-10292,Michael Anderson,Consumer,United States,Raleigh,North Carolina,South,PRD-TEC-5105,Technology,Phones,Phones Pro 490,3,0.0,1311.36,448.18
ORD-100196,2023-10-27,2023-11-03,CU-10031,Richard Rodriguez,Corporate,United States,Chicago,Illinois,Central,PRD-OFF-1769,Office Supplies,Binders,Binders Deluxe 860,9,0.15,487.73,95.82
ORD-100197,2025-02-20,2025-02-24,CU-10213,David Rodriguez,Home Office,United States,Houston,Texas,Central,PRD-OFF-4170,Office Supplies,Paper,Paper Classic 949,4,0.1,309.72,73.74
ORD-100198,2024-08-25,2024-08-29,CU-10090,Sarah Miller,Home Office,United States,Newark,New Jersey,East,PRD-TEC-8640,Technology,Phones,Phones Executive 141,7,0.15,1685.91,-248.13
ORD-100199,2023-11-14,2023-11-15,CU-10078,Jessica Smith,Home Office,United States,Austin,Texas,Central,PRD-TEC-9529,Technology,Accessories,Accessories Classic 908,10,0.1,9685.24,3181.54
ORD-100200,2023-05-20,2023-05-27,CU-10258,Karen Williams,Consumer,United States,Reno,Nevada,West,PRD-OFF-1144,Office Supplies,Paper,Paper Deluxe 779,6,0.4,139.54,48.6
ORD-100201,2023-08-23,2023-08-29,CU-10177,Karen Miller,Consumer,United States,Atlanta,Georgia,South,PRD-TEC-9335,Technology,Accessories,Accessories Executive 915,2,0.2,736.16,78.88
ORD-100202,2025-07-01,2025-07-05,CU-10022,Joseph Jackson,Home Office,United States,Springfield,Illinois,Central,PRD-FUR-7950,Furniture,Chairs,Chairs Standard 891,9,0.1,4076.12,1151.4
ORD-100203,2023-08-01,2023-08-03,CU-10275,Joseph Garcia,Home Office,United States,Tampa,Florida,South,PRD-FUR-4729,Furniture,Chairs,Chairs Classic 834,6,0.15,419.24,54.1
ORD-100204,2024-06-13,2024-06-17,CU-10198,Barbara Jackson,Corporate,United States,Memphis,Tennessee,South,PRD-FUR-2189,Furniture,Furnishings,Furnishings Elite 647,1,0.0,595.21,119.3
ORD-100205,2025-01-02,2025-01-07,CU-10054,Barbara Davis,Corporate,United States,Columbus,Ohio,Central,PRD-OFF-9941,Office Supplies,Art,Art Executive 941,1,0.3,46.44,11.54
ORD-100206,2024-08-27,2024-09-02,CU-10073,Karen Miller,Home Office,United States,Columbus,Ohio,Central,PRD-TEC-6633,Technology,Machines,Machines Elite 142,1,0.0,843.91,1.98
ORD-100207,2024-03-09,2024-03-13,CU-10262,Richard Davis,Consumer,United States,Seattle,Washington,West,PRD-TEC-2198,Technology,Accessories,Accessories Deluxe 217,3,0.4,231.95,39.97
ORD-100208,2024-08-18,2024-08-24,CU-10034,Barbara Miller,Home Office,United States,Houston,Texas,Central,PRD-TEC-6206,Technology,Copiers,Copiers Advanced 465,3,0.0,1390.35,417.19
ORD-100209,2025-09-22,2025-09-26,CU-10168,Jennifer Thomas,Corporate,United States,Springfield,Illinois,Central,PRD-OFF-3200,Office Supplies,Paper,Paper Pro 420,4,0.15,295.47,79.79
ORD-100210,2024-11-10,2024-11-14,CU-10236,David Wilson,Corporate,United States,Raleigh,North Carolina,South,PRD-TEC-2252,Technology,Phones,Phones Standard 761,10,0.1,11235.09,-206.53
ORD-100211,2023-06-04,2023-06-05,CU-10259,Joseph Anderson,Consumer,United States,Boston,Massachusetts,East,PRD-TEC-9210,Technology,Accessories,Accessories Classic 769,3,0.15,2982.51,-247.73
ORD-100212,2025-11-11,2025-11-12,CU-10203,Jennifer Hernandez,Consumer,United States,Austin,Texas,Central,PRD-TEC-8921,Technology,Machines,Machines Standard 556,3,0.0,3018.45,657.9
ORD-100213,2025-01-04,2025-01-05,CU-10112,Barbara Anderson,Corporate,United States,Atlanta,Georgia,South,PRD-OFF-1653,Office Supplies,Paper,Paper Pro 784,4,0.4,230.44,67.01
ORD-100214,2024-10-25,2024-10-26,CU-10266,Thomas Thomas,Corporate,United States,Columbus,Ohio,Central,PRD-TEC-6653,Technology,Copiers,Copiers Advanced 701,2,0.3,1911.7,50.56
ORD-100215,2025-09-24,2025-10-01,CU-10246,Karen Hernandez,Consumer,United States,Jersey City,New Jersey,East,PRD-FUR-7793,Furniture,Chairs,Chairs Basic 316,3,0.0,626.61,113.14
ORD-100216,2024-11-07,2024-11-13,CU-10058,John Garcia,Consumer,United States,Memphis,Tennessee,South,PRD-TEC-3406,Technology,Machines,Machines Executive 122,4,0.0,1134.55,335.14
ORD-100217,2023-04-25,2023-04-27,CU-10132,Richard Rodriguez,Home Office,United States,Las Vegas,Nevada,West,PRD-TEC-3338,Technology,Accessories,Accessories Elite 321,8,0.1,5388.62,1428.96
ORD-100218,2024-01-08,2024-01-13,CU-10261,Richard Taylor,Corporate,United States,Springfield,Illinois,Central,PRD-TEC-2577,Technology,Phones,Phones Deluxe 487,7,0.3,3958.86,1042.2
ORD-100219,2023-12-30,2024-01-03,CU-10019,Patricia Lopez,Home Office,United States,Buffalo,New York,East,PRD-FUR-8899,Furniture,Chairs,Chairs Executive 634,7,0.1,2298.37,733.66
ORD-100220,2025-02-19,2025-02-22,CU-10294,James Martin,Corporate,United States,Boston,Massachusetts,East,PRD-OFF-2930,Office Supplies,Paper,Paper Elite 390,10,0.0,519.94,72.27
ORD-100221,2025-11-30,2025-12-01,CU-10192,Sarah Jones,Corporate,United States,Eugene,Oregon,West,PRD-FUR-7511,Furniture,Tables,Tables Executive 767,10,0.2,2124.7,331.33
ORD-100222,2024-02-22,2024-02-26,CU-10282,Linda Rodriguez,Home Office,United States,Savannah,Georgia,South,PRD-TEC-8317,Technology,Copiers,Copiers Basic 414,10,0.0,11168.85,2500.78
ORD-100223,2023-11-28,2023-11-29,CU-10109,Jessica Anderson,Consumer,United States,Charlotte,North Carolina,South,PRD-OFF-2311,Office Supplies,Binders,Binders Elite 943,3,0.15,188.77,-7.38
ORD-100224,2023-03-19,2023-03-25,CU-10196,Barbara Miller,Consumer,United States,Charlotte,North Carolina,South,PRD-TEC-9364,Technology,Copiers,Copiers Classic 110,4,0.1,2884.76,-384.24
ORD-100225,2025-11-22,2025-11-28,CU-10118,Michael Jackson,Consumer,United States,San Francisco,California,West,PRD-TEC-2124,Technology,Phones,Phones Standard 188,5,0.1,2803.31,305.2
ORD-100226,2023-07-04,2023-07-09,CU-10145,Jennifer Williams,Consumer,United States,Cleveland,Ohio,Central,PRD-TEC-6570,Technology,Machines,Machines Classic 513,10,0.0,7840.45,796.47
ORD-100227,2023-08-28,2023-09-04,CU-10262,Richard Davis,Corporate,United States,Cleveland,Ohio,Central,PRD-TEC-5224,Technology,Copiers,Copiers Deluxe 875,6,0.0,4308.27,391.99
ORD-100228,2023-05-19,2023-05-23,CU-10112,Barbara Anderson,Corporate,United States,Eugene,Oregon,West,PRD-TEC-3924,Technology,Phones,Phones Basic 354,5,0.0,6202.79,789.46
ORD-100229,2025-09-02,2025-09-05,CU-10181,Mary Williams,Home Office,United States,Portland,Oregon,West,PRD-TEC-5091,Technology,Machines,Machines Classic 854,4,0.1,1565.42,-76.11
ORD-100230,2024-12-30,2025-01-01,CU-10054,Barbara Davis,Home Office,United States,Buffalo,New York,East,PRD-FUR-9374,Furniture,Chairs,Chairs Classic 480,10,0.15,2703.89,257.96
ORD-100231,2024-07-27,2024-07-31,CU-10113,Susan Thomas,Corporate,United States,San Diego,California,West,PRD-OFF-8537,Office Supplies,Labels,Labels Pro 614,6,0.0,503.57,100.27
ORD-100232,2024-10-08,2024-10-14,CU-10004,Robert Martin,Home Office,United States,Jersey City,New Jersey,East,PRD-FUR-9171,Furniture,Bookcases,Bookcases Advanced 727,5,0.2,836.32,27.57
ORD-100233,2025-05-18,2025-05-20,CU-10214,Robert Rodriguez,Corporate,United States,Cleveland,Ohio,Central,PRD-OFF-4212,Office Supplies,Paper,Paper Standard 689,4,0.3,246.1,68.45
ORD-100234,2023-10-26,2023-11-02,CU-10076,Thomas Smith,Corporate,United States,Miami,Florida,South,PRD-OFF-3676,Office Supplies,Paper,Paper Advanced 904,8,0.3,390.02,-39.2
ORD-100235,2023-05-03,2023-05-05,CU-10130,Mary Garcia,Home Office,United States,Orlando,Florida,South,PRD-OFF-4259,Office Supplies,Storage,Storage Advanced 468,9,0.3,618.36,-55.27
ORD-100236,2023-12-24,2023-12-31,CU-10145,Jennifer Williams,Home Office,United States,Cleveland,Ohio,Central,PRD-OFF-7631,Office Supplies,Binders,Binders Executive 728,5,0.2,460.03,28.02
ORD-100237,2023-05-27,2023-05-28,CU-10082,Charles Williams,Corporate,United States,Springfield,Illinois,Central,PRD-TEC-9535,Technology,Accessories,Accessories Basic 719,7,0.2,7285.99,1631.68
ORD-100238,2025-07-11,2025-07-15,CU-10085,John Jones,Home Office,United States,Los Angeles,California,West,PRD-FUR-1431,Furniture,Bookcases,Bookcases Elite 315,3,0.4,697.48,86.64
ORD-100239,2025-03-24,2025-03-29,CU-10042,Linda Johnson,Consumer,United States,Philadelphia,Pennsylvania,East,PRD-TEC-6846,Technology,Copiers,Copiers Basic 334,4,0.0,933.19,-126.65
ORD-100240,2024-10-28,2024-11-04,CU-10243,James Martinez,Consumer,United States,Raleigh,North Carolina,South,PRD-TEC-4721,Technology,Machines,Machines Classic 746,10,0.2,6591.9,598.71
ORD-100241,2023-07-03,2023-07-07,CU-10157,Richard Jones,Consumer,United States,Ann Arbor,Michigan,Central,PRD-OFF-8816,Office Supplies,Binders,Binders Pro 635,3,0.4,106.12,34.33
ORD-100242,2024-09-05,2024-09-06,CU-10220,William Johnson,Home Office,United States,Chicago,Illinois,Central,PRD-OFF-4614,Office Supplies,Paper,Paper Executive 674,7,0.3,116.5,30.78
ORD-100243,2024-06-22,2024-06-23,CU-10216,Richard Jackson,Home Office,United States,Eugene,Oregon,West,PRD-TEC-9060,Technology,Accessories,Accessories Executive 292,2,0.4,1168.19,-16.28
ORD-100244,2024-01-20,2024-01-23,CU-10009,James Jackson,Consumer,United States,San Diego,California,West,PRD-FUR-4558,Furniture,Chairs,Chairs Basic 375,3,0.0,1973.75,-281.53
ORD-100245,2024-12-01,2024-12-05,CU-10159,David Williams,Home Office,United States,Raleigh,North Carolina,South,PRD-FUR-5097,Furniture,Bookcases,Bookcases Elite 963,3,0.4,175.74,-10.4
ORD-100246,2025-02-20,2025-02-27,CU-10006,James Williams,Corporate,United States,Jersey City,New Jersey,East,PRD-FUR-3598,Furniture,Chairs,Chairs Deluxe 571,2,0.15,838.05,266.59
ORD-100247,2023-03-28,2023-04-03,CU-10281,Robert Martinez,Home Office,United States,Pittsburgh,Pennsylvania,East,PRD-OFF-5523,Office Supplies,Paper,Paper Advanced 153,4,0.0,128.54,-8.52
ORD-100248,2023-09-03,2023-09-07,CU-10124,Patricia Johnson,Home Office,United States,Buffalo,New York,East,PRD-TEC-1983,Technology,Machines,Machines Advanced 889,2,0.2,1671.39,527.2
ORD-100249,2023-05-03,2023-05-06,CU-10078,Jessica Smith,Consumer,United States,Jersey City,New Jersey,East,PRD-OFF-1646,Office Supplies,Labels,Labels Advanced 924,8,0.0,59.64,-1.47
ORD-100250,2025-09-20,2025-09-26,CU-10224,Karen Moore,Home Office,United States,Detroit,Michigan,Central,PRD-FUR-3539,Furniture,Bookcases,Bookcases Advanced 849,8,0.0,2272.21,-262.58
ORD-100251,2025-07-09,2025-07-12,CU-10134,Susan Jackson,Home Office,United States,Detroit,Michigan,Central,PRD-TEC-9830,Technology,Copiers,Copiers Standard 119,10,0.0,3962.41,709.84
ORD-100252,2025-03-04,2025-03-06,CU-10268,Linda Brown,Corporate,United States,Savannah,Georgia,South,PRD-OFF-4310,Office Supplies,Storage,Storage Elite 198,9,0.0,90.31,25.9
ORD-100253,2023-08-08,2023-08-12,CU-10098,Linda Martin,Home Office,United States,Buffalo,New York,East,PRD-OFF-2310,Office Supplies,Labels,Labels Basic 150,6,0.1,472.78,84.1
ORD-100254,2025-08-16,2025-08-23,CU-10031,Richard Rodriguez,Home Office,United States,Ann Arbor,Michigan,Central,PRD-FUR-4784,Furniture,Bookcases,Bookcases Pro 851,2,0.0,1518.58,-150.93
ORD-100255,2025-12-24,2025-12-28,CU-10097,Charles Jackson,Home Office,United States,Seattle,Washington,West,PRD-TEC-3955,Technology,Copiers,Copiers Elite 884,10,0.0,10146.01,-675.68
ORD-100256,2025-04-02,2025-04-07,CU-10172,Elizabeth Brown,Corporate,United States,Reno,Nevada,West,PRD-TEC-5162,Technology,Accessories,Accessories Advanced 522,7,0.1,2514.0,94.35
ORD-100257,2025-01-07,2025-01-11,CU-10229,Thomas Jackson,Consumer,United States,Tampa,Florida,South,PRD-OFF-6159,Office Supplies,Labels,Labels Pro 630,3,0.1,107.22,-4.57
ORD-100258,2023-02-14,2023-02-21,CU-10141,Charles Taylor,Corporate,United States,Los Angeles,California,West,PRD-OFF-7550,Office Supplies,Paper,Paper Standard 371,6,0.15,172.04,-17.9
ORD-100259,2024-03-21,2024-03-27,CU-10039,Richard Rodriguez,Corporate,United States,Detroit,Michigan,Central,PRD-TEC-8115,Technology,Phones,Phones Basic 138,10,0.2,11093.71,265.86
ORD-100260,2025-05-03,2025-05-10,CU-10061,Richard Lee,Home Office,United States,San Diego,California,West,PRD-OFF-7436,Office Supplies,Binders,Binders Basic 636,1,0.1,62.97,-4.62
ORD-100261,2025-07-01,2025-07-08,CU-10294,James Martin,Corporate,United States,Jersey City,New Jersey,East,PRD-OFF-9221,Office Supplies,Paper,Paper Standard 444,2,0.15,154.21,-16.57
ORD-100262,2025-06-08,2025-06-15,CU-10066,David Brown,Corporate,United States,Las Vegas,Nevada,West,PRD-OFF-6298,Office Supplies,Labels,Labels Deluxe 674,10,0.15,554.95,132.29
ORD-100263,2023-07-03,2023-07-04,CU-10211,Linda Smith,Consumer,United States,Raleigh,North Carolina,South,PRD-OFF-8216,Office Supplies,Storage,Storage Pro 888,5,0.4,135.65,21.92
ORD-100264,2023-04-02,2023-04-09,CU-10119,Joseph Jones,Home Office,United States,Portland,Oregon,West,PRD-FUR-2823,Furniture,Chairs,Chairs Pro 348,10,0.0,8377.2,181.25
ORD-100265,2024-09-16,2024-09-20,CU-10241,Charles Martinez,Home Office,United States,Philadelphia,Pennsylvania,East,PRD-TEC-1301,Technology,Machines,Machines Deluxe 659,9,0.0,8580.7,1694.99
ORD-100266,2025-02-10,2025-02-15,CU-10269,Joseph Jones,Consumer,United States,Philadelphia,Pennsylvania,East,PRD-OFF-6901,Office Supplies,Paper,Paper Basic 154,8,0.15,40.52,7.35
ORD-100267,2023-08-09,2023-08-10,CU-10149,Linda Martin,Home Office,United States,Savannah,Georgia,South,PRD-TEC-1352,Technology,Phones,Phones Advanced 596,10,0.4,4655.66,606.84
ORD-100268,2023-03-23,2023-03-25,CU-10271,Sarah Lee,Corporate,United States,Cleveland,Ohio,Central,PRD-TEC-5221,Technology,Machines,Machines Pro 455,6,0.15,7620.38,1950.41
ORD-100269,2025-03-03,2025-03-10,CU-10015,David Rodriguez,Corporate,United States,Chicago,Illinois,Central,PRD-OFF-3502,Office Supplies,Paper,Paper Elite 847,7,0.1,522.71,30.67
ORD-100270,2025-05-23,2025-05-26,CU-10168,Jennifer Thomas,Home Office,United States,Atlanta,Georgia,South,PRD-FUR-3589,Furniture,Tables,Tables Standard 416,9,0.0,7408.15,1319.51
ORD-100271,2024-10-12,2024-10-13,CU-10285,John Jones,Consumer,United States,Jersey City,New Jersey,East,PRD-TEC-4079,Technology,Phones,Phones Advanced 523,7,0.15,7386.7,-546.77
ORD-100272,2023-08-07,2023-08-09,CU-10094,Patricia Davis,Home Office,United States,Philadelphia,Pennsylvania,East,PRD-FUR-7126,Furniture,Tables,Tables Pro 467,2,0.4,761.9,156.96
ORD-100273,2024-01-12,2024-01-19,CU-10198,Barbara Jackson,Consumer,United States,Nashville,Tennessee,South,PRD-FUR-2083,Furniture,Tables,Tables Pro 518,1,0.1,752.96,172.34
ORD-100274,2023-12-29,2024-01-02,CU-10250,Jennifer Williams,Corporate,United States,Detroit,Michigan,Central,PRD-OFF-8399,Office Supplies,Binders,Binders Executive 837,6,0.0,678.01,74.8
ORD-100275,2025-07-24,2025-07-31,CU-10021,William Johnson,Home Office,United States,Las Vegas,Nevada,West,PRD-OFF-7921,Office Supplies,Labels,Labels Pro 294,5,0.15,453.5,36.59
ORD-100276,2024-08-25,2024-08-30,CU-10027,Michael Williams,Consumer,United States,Reno,Nevada,West,PRD-TEC-1408,Technology,Phones,Phones Standard 897,10,0.3,1723.36,20.22
ORD-100277,2024-01-02,2024-01-06,CU-10103,Robert Moore,Corporate,United States,Orlando,Florida,South,PRD-TEC-9383,Technology,Machines,Machines Elite 193,2,0.3,243.17,51.9
ORD-100278,2023-11-24,2023-11-28,CU-10281,Robert Martinez,Corporate,United States,Miami,Florida,South,PRD-TEC-8311,Technology,Machines,Machines Standard 989,3,0.15,1678.9,361.1
ORD-100279,2024-08-14,2024-08-20,CU-10092,Barbara Thomas,Consumer,United States,Newark,New Jersey,East,PRD-TEC-8794,Technology,Accessories,Accessories Pro 569,8,0.4,280.02,-8.7
ORD-100280,2025-07-18,2025-07-22,CU-10226,Charles Miller,Home Office,United States,New York City,New York,East,PRD-OFF-5889,Office Supplies,Labels,Labels Deluxe 150,3,0.0,240.38,44.11
ORD-100281,2024-11-09,2024-11-10,CU-10025,Elizabeth Lee,Consumer,United States,Boston,Massachusetts,East,PRD-TEC-7208,Technology,Accessories,Accessories Standard 566,10,0.2,9314.74,319.35
ORD-100282,2023-05-19,2023-05-26,CU-10218,Patricia Rodriguez,Consumer,United States,Pittsburgh,Pennsylvania,East,PRD-FUR-9666,Furniture,Bookcases,Bookcases Advanced 639,7,0.0,3471.64,471.04
ORD-100283,2023-06-29,2023-07-03,CU-10147,Linda Wilson,Home Office,United States,Raleigh,North Carolina,South,PRD-TEC-4812,Technology,Accessories,Accessories Standard 729,10,0.0,7717.25,2252.14
ORD-100284,2024-08-17,2024-08-19,CU-10000,Patricia Smith,Home Office,United States,Buffalo,New York,East,PRD-FUR-5614,Furniture,Tables,Tables Executive 523,1,0.0,333.72,56.84
ORD-100285,2024-06-05,2024-06-12,CU-10034,Barbara Miller,Consumer,United States,Cleveland,Ohio,Central,PRD-FUR-8849,Furniture,Bookcases,Bookcases Advanced 505,10,0.2,4588.75,1224.8
ORD-100286,2025-08-29,2025-09-05,CU-10018,Robert Wilson,Home Office,United States,Las Vegas,Nevada,West,PRD-OFF-1306,Office Supplies,Labels,Labels Advanced 573,7,0.2,64.08,8.18
ORD-100287,2024-03-02,2024-03-07,CU-10169,Sarah Martinez,Corporate,United States,Houston,Texas,Central,PRD-FUR-6050,Furniture,Bookcases,Bookcases Executive 741,9,0.0,6894.4,1946.27
ORD-100288,2024-10-06,2024-10-12,CU-10016,John Miller,Corporate,United States,Detroit,Michigan,Central,PRD-FUR-2517,Furniture,Bookcases,Bookcases Classic 949,5,0.0,1168.59,279.17
ORD-100289,2025-06-27,2025-07-02,CU-10012,Joseph Martin,Corporate,United States,Atlanta,Georgia,South,PRD-OFF-1598,Office Supplies,Labels,Labels Basic 894,6,0.0,631.54,-29.94
ORD-100290,2025-07-29,2025-08-02,CU-10267,Mary Jackson,Consumer,United States,Buffalo,New York,East,PRD-TEC-6114,Technology,Phones,Phones Advanced 578,1,0.0,1131.05,156.97
ORD-100291,2024-03-05,2024-03-08,CU-10102,Mary Hernandez,Home Office,United States,Eugene,Oregon,West,PRD-OFF-6739,Office Supplies,Art,Art Elite 379,3,0.0,54.49,-2.55
ORD-100292,2024-10-14,2024-10-17,CU-10072,Elizabeth Moore,Consumer,United States,Chicago,Illinois,Central,PRD-OFF-1881,Office Supplies,Labels,Labels Advanced 653,8,0.0,66.67,-6.47
ORD-100293,2023-06-26,2023-06-30,CU-10200,John Davis,Corporate,United States,Reno,Nevada,West,PRD-OFF-6085,Office Supplies,Paper,Paper Elite 873,8,0.4,75.29,-7.63
ORD-100294,2025-08-11,2025-08-15,CU-10118,Michael Jackson,Corporate,United States,Spokane,Washington,West,PRD-OFF-3798,Office Supplies,Paper,Paper Advanced 907,6,0.2,40.71,3.64
ORD-100295,2024-08-01,2024-08-08,CU-10178,David Miller,Home Office,United States,San Francisco,California,West,PRD-FUR-8903,Furniture,Bookcases,Bookcases Elite 911,5,0.1,2262.75,280.52
ORD-100296,2025-02-25,2025-02-26,CU-10174,Patricia Brown,Home Office,United States,Reno,Nevada,West,PRD-OFF-8584,Office Supplies,Labels,Labels Deluxe 277,2,0.0,173.74,25.38
ORD-100297,2024-10-28,2024-11-02,CU-10049,William Jones,Corporate,United States,Savannah,Georgia,South,PRD-FUR-1003,Furniture,Chairs,Chairs Executive 435,8,0.0,4785.93,1405.3
ORD-100298,2023-10-28,2023-11-03,CU-10076,Thomas Smith,Home Office,United States,Raleigh,North Carolina,South,PRD-TEC-6640,Technology,Copiers,Copiers Deluxe 310,6,0.3,4348.51,908.38
ORD-100299,2023-07-02,2023-07-07,CU-10004,Robert Martin,Consumer,United States,Savannah,Georgia,South,PRD-OFF-7459,Office Supplies,Labels,Labels Pro 100,9,0.0,416.82,-13.5
ORD-100300,2024-10-13,2024-10-19,CU-10195,Barbara Johnson,Home Office,United States,Memphis,Tennessee,South,PRD-FUR-3056,Furniture,Tables,Tables Classic 242,4,0.3,1461.9,-106.52
ORD-100301,2023-10-03,2023-10-04,CU-10036,Karen Garcia,Home Office,United States,Jersey City,New Jersey,East,PRD-OFF-8444,Office Supplies,Paper,Paper Elite 240,7,0.3,528.03,85.34
ORD-100302,2025-11-09,2025-11-13,CU-10282,Linda Rodriguez,Consumer,United States,Memphis,Tennessee,South,PRD-FUR-7012,Furniture,Furnishings,Furnishings Pro 691,8,0.3,4310.79,1350.49
ORD-100303,2023-03-10,2023-03-11,CU-10290,Sarah Thomas,Home Office,United States,Charlotte,North Carolina,South,PRD-OFF-9574,Office Supplies,Binders,Binders Standard 847,9,0.4,637.86,69.19
ORD-100304,2023-07-01,2023-07-03,CU-10241,Charles Martinez,Corporate,United States,Philadelphia,Pennsylvania,East,PRD-TEC-5827,Technology,Phones,Phones Classic 564,9,0.2,3821.01,1262.04
ORD-100305,2024-08-15,2024-08-17,CU-10018,Robert Wilson,Home Office,United States,Columbus,Ohio,Central,PRD-OFF-2351,Office Supplies,Labels,Labels Standard 686,1,0.0,38.55,-0.25
ORD-100306,2023-09-17,2023-09-22,CU-10039,Richard Rodriguez,Home Office,United States,Columbus,Ohio,Central,PRD-OFF-3873,Office Supplies,Storage,Storage Basic 114,2,0.4,131.6,4.59
ORD-100307,2024-06-19,2024-06-26,CU-10120,Susan Garcia,Corporate,United States,Atlanta,Georgia,South,PRD-FUR-3740,Furniture,Tables,Tables Standard 957,8,0.4,3311.27,705.3
ORD-100308,2024-03-07,2024-03-12,CU-10176,William Martinez,Consumer,United States,Philadelphia,Pennsylvania,East,PRD-FUR-7390,Furniture,Furnishings,Furnishings Executive 587,5,0.1,2046.72,81.66
ORD-100309,2025-08-29,2025-09-01,CU-10074,John Lopez,Corporate,United States,Orlando,Florida,South,PRD-OFF-5375,Office Supplies,Storage,Storage Pro 199,9,0.15,879.45,15.38
ORD-100310,2023-07-21,2023-07-24,CU-10299,Sarah Lee,Home Office,United States,Nashville,Tennessee,South,PRD-TEC-2600,Technology,Machines,Machines Advanced 793,3,0.0,186.87,-26.91
ORD-100311,2025-12-11,2025-12-12,CU-10228,Susan Smith,Corporate,United States,Springfield,Illinois,Central,PRD-FUR-2995,Furniture,Chairs,Chairs Pro 734,2,0.1,177.03,57.58
ORD-100312,2023-09-03,2023-09-04,CU-10066,David Brown,Home Office,United States,Atlanta,Georgia,South,PRD-FUR-6298,Furniture,Bookcases,Bookcases Basic 578,2,0.3,830.15,162.8
ORD-100313,2024-06-11,2024-06-13,CU-10037,Sarah Davis,Corporate,United States,Dallas,Texas,Central,PRD-OFF-3923,Office Supplies,Binders,Binders Basic 932,5,0.1,58.41,9.06
ORD-100314,2025-10-04,2025-10-05,CU-10073,Karen Miller,Corporate,United States,Atlanta,Georgia,South,PRD-TEC-3438,Technology,Accessories,Accessories Elite 135,2,0.0,2353.99,702.09
ORD-100315,2023-01-02,2023-01-03,CU-10199,Susan Lee,Corporate,United States,Springfield,Illinois,Central,PRD-TEC-1054,Technology,Phones,Phones Classic 589,7,0.0,8594.6,1031.91
ORD-100316,2025-02-26,2025-03-04,CU-10246,Karen Hernandez,Home Office,United States,Pittsburgh,Pennsylvania,East,PRD-OFF-5750,Office Supplies,Art,Art Pro 747,2,0.4,123.76,28.49
ORD-100317,2024-02-20,2024-02-22,CU-10283,David Hernandez,Corporate,United States,Boston,Massachusetts,East,PRD-TEC-4163,Technology,Copiers,Copiers Elite 745,6,0.1,3699.41,-296.06
ORD-100318,2023-02-21,2023-02-27,CU-10122,Linda Williams,Home Office,United States,Nashville,Tennessee,South,PRD-TEC-1701,Technology,Accessories,Accessories Classic 646,8,0.2,3468.57,845.95
ORD-100319,2025-04-10,2025-04-11,CU-10108,Jessica Davis,Consumer,United States,Atlanta,Georgia,South,PRD-FUR-1818,Furniture,Tables,Tables Classic 769,1,0.0,450.54,-64.34
ORD-100320,2024-09-21,2024-09-28,CU-10049,William Jones,Consumer,United States,Atlanta,Georgia,South,PRD-FUR-9943,Furniture,Furnishings,Furnishings Deluxe 164,4,0.3,1154.38,13.99
ORD-100321,2023-10-09,2023-10-12,CU-10109,Jessica Anderson,Consumer,United States,Jersey City,New Jersey,East,PRD-FUR-1666,Furniture,Bookcases,Bookcases Standard 875,7,0.1,1214.91,380.07
ORD-100322,2023-10-01,2023-10-02,CU-10192,Sarah Jones,Consumer,United States,San Francisco,California,West,PRD-FUR-4377,Furniture,Chairs,Chairs Standard 191,10,0.4,4823.27,946.23
ORD-100323,2023-10-21,2023-10-27,CU-10138,Charles Jackson,Consumer,United States,Nashville,Tennessee,South,PRD-TEC-1074,Technology,Phones,Phones Standard 834,8,0.15,8489.13,203.12
ORD-100324,2024-04-27,2024-04-29,CU-10060,Robert Wilson,Corporate,United States,Philadelphia,Pennsylvania,East,PRD-TEC-3617,Technology,Machines,Machines Basic 154,4,0.4,3056.36,301.84
ORD-100325,2023-03-30,2023-03-31,CU-10186,Joseph Jackson,Corporate,United States,Springfield,Illinois,Central,PRD-OFF-2901,Office Supplies,Labels,Labels Classic 144,2,0.0,222.72,20.61
ORD-100326,2023-05-26,2023-05-28,CU-10227,William Johnson,Home Office,United States,Detroit,Michigan,Central,PRD-TEC-4615,Technology,Accessories,Accessories Deluxe 897,2,0.1,2015.52,76.12
ORD-100327,2023-05-31,2023-06-04,CU-10299,Sarah Lee,Consumer,United States,Orlando,Florida,South,PRD-FUR-3084,Furniture,Furnishings,Furnishings Standard 496,6,0.15,846.31,-41.38
ORD-100328,2023-03-07,2023-03-13,CU-10291,Susan Johnson,Consumer,United States,Philadelphia,Pennsylvania,East,PRD-OFF-4763,Office Supplies,Art,Art Executive 275,6,0.0,233.66,32.49
ORD-100329,2023-06-27,2023-07-01,CU-10267,Mary Jackson,Corporate,United States,Savannah,Georgia,South,PRD-OFF-1083,Office Supplies,Binders,Binders Executive 853,4,0.0,219.75,67.44
ORD-100330,2025-05-05,2025-05-06,CU-10020,Barbara Lee,Home Office,United States,Orlando,Florida,South,PRD-OFF-3174,Office Supplies,Art,Art Elite 563,8,0.3,387.67,125.98
ORD-100331,2025-01-04,2025-01-07,CU-10122,Linda Williams,Home Office,United States,Buffalo,New York,East,PRD-OFF-7641,Office Supplies,Paper,Paper Classic 978,10,0.0,78.08,22.42
ORD-100332,2024-01-14,2024-01-21,CU-10189,Robert Jones,Consumer,United States,Tampa,Florida,South,PRD-OFF-2326,Office Supplies,Storage,Storage Pro 403,7,0.1,537.24,131.0
ORD-100333,2024-11-18,2024-11-24,CU-10028,Mary Davis,Corporate,United States,Houston,Texas,Central,PRD-OFF-6487,Office Supplies,Art,Art Pro 474,6,0.1,374.01,-30.22
ORD-100334,2024-05-03,2024-05-08,CU-10058,John Garcia,Corporate,United States,Atlanta,Georgia,South,PRD-OFF-9714,Office Supplies,Storage,Storage Executive 383,1,0.0,44.7,3.8
ORD-100335,2025-12-27,2025-12-30,CU-10231,Susan Williams,Corporate,United States,Houston,Texas,Central,PRD-FUR-9131,Furniture,Chairs,Chairs Executive 283,5,0.0,4322.59,858.21
ORD-100336,2023-11-05,2023-11-12,CU-10104,Linda Rodriguez,Home Office,United States,Pittsburgh,Pennsylvania,East,PRD-TEC-4806,Technology,Machines,Machines Classic 455,7,0.0,3308.9,-459.88
ORD-100337,2025-11-30,2025-12-06,CU-10171,James Jackson,Corporate,United States,Raleigh,North Carolina,South,PRD-TEC-7093,Technology,Copiers,Copiers Classic 411,10,0.15,2541.66,-93.05
ORD-100338,2024-08-13,2024-08-20,CU-10024,Robert Jackson,Corporate,United States,Eugene,Oregon,West,PRD-FUR-2915,Furniture,Tables,Tables Basic 286,3,0.0,2290.3,-158.88
ORD-100339,2023-03-26,2023-03-29,CU-10294,James Martin,Corporate,United States,Reno,Nevada,West,PRD-FUR-2990,Furniture,Tables,Tables Pro 781,6,0.0,5287.92,617.74
ORD-100340,2023-02-21,2023-02-25,CU-10255,Michael Jones,Consumer,United States,Reno,Nevada,West,PRD-FUR-8243,Furniture,Bookcases,Bookcases Basic 585,5,0.0,4370.82,1091.78
ORD-100341,2024-11-24,2024-11-30,CU-10057,Mary Brown,Home Office,United States,Miami,Florida,South,PRD-TEC-4197,Technology,Phones,Phones Basic 125,7,0.2,3182.04,-389.75
ORD-100342,2025-12-14,2025-12-16,CU-10142,Thomas Moore,Home Office,United States,Los Angeles,California,West,PRD-OFF-8006,Office Supplies,Binders,Binders Executive 299,8,0.2,477.34,23.28
ORD-100343,2025-01-27,2025-01-31,CU-10190,Sarah Johnson,Corporate,United States,Pittsburgh,Pennsylvania,East,PRD-OFF-7944,Office Supplies,Art,Art Elite 320,8,0.0,422.36,106.79
ORD-100344,2025-04-28,2025-04-30,CU-10044,William Williams,Corporate,United States,Spokane,Washington,West,PRD-TEC-8571,Technology,Accessories,Accessories Elite 704,7,0.3,6741.89,-421.73
ORD-100345,2023-10-08,2023-10-10,CU-10095,Linda Williams,Consumer,United States,Raleigh,North Carolina,South,PRD-OFF-8742,Office Supplies,Labels,Labels Basic 605,9,0.0,277.38,-5.18
ORD-100346,2023-09-12,2023-09-18,CU-10147,Linda Wilson,Home Office,United States,Savannah,Georgia,South,PRD-TEC-8144,Technology,Machines,Machines Pro 222,5,0.2,3673.57,516.26
ORD-100347,2024-06-12,2024-06-18,CU-10243,James Martinez,Corporate,United States,Philadelphia,Pennsylvania,East,PRD-FUR-6832,Furniture,Chairs,Chairs Standard 427,8,0.15,5416.67,165.65
ORD-100348,2023-04-10,2023-04-13,CU-10149,Linda Martin,Consumer,United States,Newark,New Jersey,East,PRD-TEC-6761,Technology,Machines,Machines Advanced 993,6,0.2,2335.46,-238.41
ORD-100349,2023-10-22,2023-10-23,CU-10070,Thomas Garcia,Corporate,United States,Cleveland,Ohio,Central,PRD-OFF-2251,Office Supplies,Paper,Paper Elite 323,3,0.0,301.89,17.71
ORD-100350,2023-08-27,2023-09-03,CU-10067,Elizabeth Anderson,Corporate,United States,Worcester,Massachusetts,East,PRD-TEC-5991,Technology,Accessories,Accessories Standard 936,8,0.2,7406.11,-473.22
ORD-100351,2023-02-28,2023-03-06,CU-10060,Robert Wilson,Home Office,United States,Seattle,Washington,West,PRD-FUR-8934,Furniture,Bookcases,Bookcases Standard 314,3,0.0,2651.83,-294.7
ORD-100352,2025-06-02,2025-06-03,CU-10100,Robert Johnson,Corporate,United States,New York City,New York,East,PRD-FUR-4277,Furniture,Bookcases,Bookcases Pro 167,5,0.1,2778.52,399.56
ORD-100353,2024-01-14,2024-01-20,CU-10179,William Moore,Home Office,United States,New York City,New York,East,PRD-OFF-1229,Office Supplies,Labels,Labels Advanced 460,3,0.0,284.38,-28.57
ORD-100354,2025-12-19,2025-12-21,CU-10098,Linda Martin,Home Office,United States,Chicago,Illinois,Central,PRD-FUR-7948,Furniture,Tables,Tables Classic 475,10,0.2,1658.86,565.09
ORD-100355,2024-03-14,2024-03-19,CU-10116,David Brown,Consumer,United States,Orlando,Florida,South,PRD-OFF-7304,Office Supplies,Binders,Binders Standard 607,6,0.2,331.54,32.11
ORD-100356,2024-08-03,2024-08-07,CU-10159,David Williams,Corporate,United States,Savannah,Georgia,South,PRD-OFF-7494,Office Supplies,Paper,Paper Elite 961,8,0.4,226.83,42.2
ORD-100357,2025-06-16,2025-06-21,CU-10043,David Wilson,Corporate,United States,Jersey City,New Jersey,East,PRD-TEC-7958,Technology,Phones,Phones Standard 166,6,0.3,3833.31,-339.7
ORD-100358,2025-10-19,2025-10-22,CU-10297,Elizabeth Wilson,Corporate,United States,Ann Arbor,Michigan,Central,PRD-TEC-3205,Technology,Copiers,Copiers Classic 623,5,0.4,681.53,67.22
ORD-100359,2023-03-02,2023-03-03,CU-10027,Michael Williams,Consumer,United States,Boston,Massachusetts,East,PRD-OFF-4308,Office Supplies,Labels,Labels Advanced 256,5,0.4,48.24,11.88
ORD-100360,2024-08-24,2024-08-30,CU-10254,Elizabeth Davis,Home Office,United States,Raleigh,North Carolina,South,PRD-TEC-3897,Technology,Phones,Phones Pro 540,2,0.4,714.83,-94.36
ORD-100361,2024-09-12,2024-09-18,CU-10084,Robert Jackson,Corporate,United States,Nashville,Tennessee,South,PRD-TEC-3560,Technology,Copiers,Copiers Classic 882,2,0.4,1023.58,90.03
ORD-100362,2025-11-03,2025-11-04,CU-10200,John Davis,Home Office,United States,Ann Arbor,Michigan,Central,PRD-TEC-1440,Technology,Accessories,Accessories Basic 428,1,0.2,1010.84,257.54
ORD-100363,2024-11-29,2024-12-03,CU-10049,William Jones,Corporate,United States,Raleigh,North Carolina,South,PRD-OFF-2875,Office Supplies,Binders,Binders Deluxe 353,4,0.0,292.56,83.22
ORD-100364,2024-11-22,2024-11-24,CU-10010,Michael Jackson,Home Office,United States,Dallas,Texas,Central,PRD-OFF-6282,Office Supplies,Labels,Labels Executive 373,1,0.3,50.83,6.87
ORD-100365,2023-07-20,2023-07-27,CU-10250,Jennifer Williams,Corporate,United States,Jersey City,New Jersey,East,PRD-TEC-9779,Technology,Accessories,Accessories Standard 729,5,0.0,3852.9,1041.02
ORD-100366,2024-03-14,2024-03-17,CU-10135,Jessica Jones,Consumer,United States,Pittsburgh,Pennsylvania,East,PRD-TEC-2256,Technology,Phones,Phones Elite 706,6,0.3,3444.18,-155.44
ORD-100367,2024-09-10,2024-09-15,CU-10153,Charles Moore,Corporate,United States,Charlotte,North Carolina,South,PRD-OFF-4489,Office Supplies,Storage,Storage Classic 787,9,0.0,64.25,8.89
ORD-100368,2025-08-15,2025-08-18,CU-10272,David Thomas,Consumer,United States,Tampa,Florida,South,PRD-OFF-2055,Office Supplies,Art,Art Standard 346,3,0.3,195.38,1.82
ORD-100369,2024-02-21,2024-02-28,CU-10211,Linda Smith,Corporate,United States,Columbus,Ohio,Central,PRD-TEC-8145,Technology,Machines,Machines Executive 344,2,0.15,2049.72,168.24
ORD-100370,2025-05-14,2025-05-20,CU-10018,Robert Wilson,Consumer,United States,Spokane,Washington,West,PRD-FUR-1906,Furniture,Bookcases,Bookcases Basic 774,9,0.4,1077.77,259.87
ORD-100371,2023-06-21,2023-06-24,CU-10152,Susan Martin,Home Office,United States,Worcester,Massachusetts,East,PRD-TEC-9605,Technology,Phones,Phones Executive 959,3,0.0,2326.08,258.15
ORD-100372,2024-05-30,2024-06-03,CU-10046,David Miller,Corporate,United States,San Francisco,California,West,PRD-TEC-1916,Technology,Copiers,Copiers Deluxe 533,4,0.4,3495.33,189.4
ORD-100373,2025-10-01,2025-10-06,CU-10191,Barbara Martin,Corporate,United States,Pittsburgh,Pennsylvania,East,PRD-TEC-1570,Technology,Machines,Machines Basic 903,3,0.0,3722.94,642.95
ORD-100374,2023-04-22,2023-04-28,CU-10122,Linda Williams,Home Office,United States,Ann Arbor,Michigan,Central,PRD-TEC-5186,Technology,Accessories,Accessories Elite 647,4,0.3,3833.74,1202.85
ORD-100375,2024-09-08,2024-09-09,CU-10120,Susan Garcia,Corporate,United States,Chicago,Illinois,Central,PRD-TEC-7765,Technology,Accessories,Accessories Executive 908,1,0.4,708.13,60.58
ORD-100376,2024-11-12,2024-11-18,CU-10216,Richard Jackson,Home Office,United States,Jersey City,New Jersey,East,PRD-FUR-4010,Furniture,Bookcases,Bookcases Executive 716,9,0.0,6094.06,1040.17
ORD-100377,2025-06-27,2025-07-04,CU-10069,James Rodriguez,Home Office,United States,Boston,Massachusetts,East,PRD-OFF-7722,Office Supplies,Storage,Storage Elite 213,3,0.0,261.18,71.43
ORD-100378,2024-10-16,2024-10-20,CU-10244,Elizabeth Miller,Home Office,United States,Portland,Oregon,West,PRD-TEC-1376,Technology,Accessories,Accessories Basic 303,2,0.1,2377.38,-331.96
ORD-100379,2024-04-13,2024-04-14,CU-10236,David Wilson,Consumer,United States,Portland,Oregon,West,PRD-OFF-9615,Office Supplies,Labels,Labels Executive 714,5,0.0,575.87,-82.32
ORD-100380,2025-06-10,2025-06-17,CU-10232,David Lee,Home Office,United States,Miami,Florida,South,PRD-FUR-5636,Furniture,Tables,Tables Basic 394,8,0.1,2698.29,937.94
ORD-100381,2024-01-23,2024-01-27,CU-10092,Barbara Thomas,Corporate,United States,Atlanta,Georgia,South,PRD-OFF-6296,Office Supplies,Paper,Paper Classic 354,6,0.4,285.96,-23.85
ORD-100382,2025-03-25,2025-03-31,CU-10108,Jessica Davis,Consumer,United States,Memphis,Tennessee,South,PRD-FUR-9266,Furniture,Chairs,Chairs Pro 440,4,0.0,1801.17,-265.35
ORD-100383,2025-02-19,2025-02-22,CU-10202,Susan Smith,Home Office,United States,Chicago,Illinois,Central,PRD-FUR-8093,Furniture,Bookcases,Bookcases Standard 615,8,0.2,5380.98,1103.79
ORD-100384,2023-10-18,2023-10-21,CU-10059,Susan Lee,Corporate,United States,Houston,Texas,Central,PRD-OFF-3703,Office Supplies,Storage,Storage Executive 389,5,0.2,370.32,25.14
ORD-100385,2024-10-08,2024-10-14,CU-10251,Elizabeth Moore,Consumer,United States,Las Vegas,Nevada,West,PRD-FUR-9108,Furniture,Chairs,Chairs Deluxe 287,1,0.0,449.71,156.32
ORD-100386,2023-03-25,2023-03-29,CU-10182,Susan Rodriguez,Consumer,United States,Memphis,Tennessee,South,PRD-TEC-4479,Technology,Machines,Machines Elite 457,2,0.15,2143.16,282.09
ORD-100387,2023-01-09,2023-01-14,CU-10292,Michael Anderson,Consumer,United States,Las Vegas,Nevada,West,PRD-OFF-3519,Office Supplies,Binders,Binders Advanced 126,5,0.0,416.37,111.79
ORD-100388,2023-03-01,2023-03-02,CU-10235,Elizabeth Anderson,Home Office,United States,Memphis,Tennessee,South,PRD-TEC-1797,Technology,Phones,Phones Advanced 144,10,0.0,11107.41,-492.24
ORD-100389,2024-08-02,2024-08-05,CU-10028,Mary Davis,Corporate,United States,Boston,Massachusetts,East,PRD-OFF-3525,Office Supplies,Paper,Paper Deluxe 889,7,0.3,504.8,-3.8
ORD-100390,2023-09-04,2023-09-07,CU-10251,Elizabeth Moore,Corporate,United States,Charlotte,North Carolina,South,PRD-TEC-7922,Technology,Phones,Phones Advanced 624,4,0.3,2074.35,-217.58
ORD-100391,2025-01-24,2025-01-29,CU-10095,Linda Williams,Consumer,United States,Nashville,Tennessee,South,PRD-TEC-8165,Technology,Accessories,Accessories Classic 792,4,0.0,5597.87,-26.02
ORD-100392,2023-06-12,2023-06-19,CU-10244,Elizabeth Miller,Home Office,United States,Chicago,Illinois,Central,PRD-OFF-7766,Office Supplies,Paper,Paper Executive 402,10,0.0,138.01,14.54
ORD-100393,2023-07-13,2023-07-17,CU-10291,Susan Johnson,Home Office,United States,Cleveland,Ohio,Central,PRD-FUR-5876,Furniture,Chairs,Chairs Elite 858,8,0.0,1620.95,94.22
ORD-100394,2024-10-04,2024-10-09,CU-10232,David Lee,Consumer,United States,Raleigh,North Carolina,South,PRD-FUR-2911,Furniture,Tables,Tables Elite 864,10,0.0,2704.2,-397.72
ORD-100395,2023-01-28,2023-01-30,CU-10244,Elizabeth Miller,Corporate,United States,Memphis,Tennessee,South,PRD-TEC-4083,Technology,Accessories,Accessories Executive 923,5,0.0,1633.32,323.42
ORD-100396,2023-02-24,2023-02-26,CU-10246,Karen Hernandez,Home Office,United States,Spokane,Washington,West,PRD-TEC-8295,Technology,Machines,Machines Elite 408,8,0.0,1750.92,384.14
ORD-100397,2025-09-20,2025-09-24,CU-10010,Michael Jackson,Corporate,United States,Atlanta,Georgia,South,PRD-TEC-5764,Technology,Copiers,Copiers Pro 441,1,0.3,473.26,129.82
ORD-100398,2023-03-17,2023-03-21,CU-10204,Susan Davis,Home Office,United States,Nashville,Tennessee,South,PRD-FUR-6681,Furniture,Chairs,Chairs Executive 690,6,0.4,1872.96,-171.43
ORD-100399,2025-07-07,2025-07-13,CU-10223,David Anderson,Home Office,United States,Jersey City,New Jersey,East,PRD-FUR-5806,Furniture,Furnishings,Furnishings Advanced 548,4,0.4,1155.58,-97.55
ORD-100400,2025-03-10,2025-03-14,CU-10184,David Jones,Corporate,United States,Atlanta,Georgia,South,PRD-TEC-9089,Technology,Phones,Phones Classic 232,3,0.3,412.25,132.55
ORD-100401,2024-09-13,2024-09-15,CU-10107,Charles Martin,Corporate,United States,Buffalo,New York,East,PRD-OFF-4671,Office Supplies,Paper,Paper Standard 947,9,0.1,99.8,-8.95
ORD-100402,2025-09-23,2025-09-26,CU-10174,Patricia Brown,Corporate,United States,Austin,Texas,Central,PRD-FUR-1687,Furniture,Chairs,Chairs Pro 548,8,0.0,6946.0,1818.5
ORD-100403,2025-11-04,2025-11-05,CU-10085,John Jones,Consumer,United States,Jersey City,New Jersey,East,PRD-TEC-3257,Technology,Accessories,Accessories Classic 880,9,0.2,1970.85,34.1
ORD-100404,2023-09-09,2023-09-16,CU-10103,Robert Moore,Consumer,United States,Nashville,Tennessee,South,PRD-OFF-5021,Office Supplies,Storage,Storage Basic 617,3,0.2,114.79,18.91
ORD-100405,2023-11-07,2023-11-14,CU-10271,Sarah Lee,Corporate,United States,Atlanta,Georgia,South,PRD-OFF-9476,Office Supplies,Art,Art Classic 972,9,0.0,419.44,98.6
ORD-100406,2023-05-23,2023-05-24,CU-10173,John Rodriguez,Corporate,United States,Detroit,Michigan,Central,PRD-FUR-5986,Furniture,Furnishings,Furnishings Pro 776,3,0.15,2083.69,124.3
ORD-100407,2024-10-04,2024-10-07,CU-10004,Robert Martin,Corporate,United States,Springfield,Illinois,Central,PRD-TEC-2380,Technology,Machines,Machines Classic 814,6,0.1,3437.28,998.49
ORD-100408,2023-03-17,2023-03-22,CU-10171,James Jackson,Consumer,United States,Savannah,Georgia,South,PRD-FUR-5979,Furniture,Bookcases,Bookcases Advanced 875,3,0.15,178.27,-5.23
ORD-100409,2025-05-15,2025-05-20,CU-10056,Jessica Williams,Home Office,United States,Pittsburgh,Pennsylvania,East,PRD-TEC-9737,Technology,Accessories,Accessories Elite 148,2,0.2,92.1,31.45
ORD-100410,2024-04-23,2024-04-26,CU-10153,Charles Moore,Home Office,United States,Springfield,Illinois,Central,PRD-TEC-7974,Technology,Machines,Machines Elite 435,9,0.0,5164.54,-396.24
ORD-100411,2025-04-23,2025-04-24,CU-10047,Jessica Wilson,Corporate,United States,Boston,Massachusetts,East,PRD-FUR-7937,Furniture,Furnishings,Furnishings Elite 478,9,0.15,3001.41,426.66
ORD-100412,2025-06-20,2025-06-26,CU-10250,Jennifer Williams,Home Office,United States,Atlanta,Georgia,South,PRD-FUR-3569,Furniture,Furnishings,Furnishings Classic 232,9,0.4,4232.42,-565.86
ORD-100413,2025-01-26,2025-01-27,CU-10209,Joseph Lopez,Home Office,United States,Buffalo,New York,East,PRD-OFF-3328,Office Supplies,Binders,Binders Standard 220,6,0.0,288.38,70.83
ORD-100414,2025-05-13,2025-05-14,CU-10156,Linda Rodriguez,Home Office,United States,Chicago,Illinois,Central,PRD-OFF-6534,Office Supplies,Binders,Binders Elite 660,6,0.15,51.71,6.87
ORD-100415,2025-02-11,2025-02-15,CU-10067,Elizabeth Anderson,Home Office,United States,Reno,Nevada,West,PRD-OFF-1750,Office Supplies,Paper,Paper Advanced 191,10,0.3,364.75,7.11
ORD-100416,2025-06-26,2025-07-02,CU-10142,Thomas Moore,Home Office,United States,Newark,New Jersey,East,PRD-TEC-9548,Technology,Accessories,Accessories Elite 759,9,0.0,7520.94,2471.73
ORD-100417,2024-01-23,2024-01-30,CU-10243,James Martinez,Consumer,United States,New York City,New York,East,PRD-OFF-9052,Office Supplies,Paper,Paper Deluxe 949,10,0.3,684.57,98.88
ORD-100418,2023-02-17,2023-02-20,CU-10223,David Anderson,Home Office,United States,Las Vegas,Nevada,West,PRD-OFF-2468,Office Supplies,Art,Art Basic 193,2,0.0,134.61,-2.99
ORD-100419,2023-11-12,2023-11-15,CU-10208,Linda Miller,Corporate,United States,San Diego,California,West,PRD-FUR-2981,Furniture,Chairs,Chairs Pro 405,7,0.15,796.9,30.09
ORD-100420,2023-04-17,2023-04-19,CU-10122,Linda Williams,Consumer,United States,Reno,Nevada,West,PRD-OFF-1305,Office Supplies,Binders,Binders Advanced 575,9,0.1,491.51,150.83
ORD-100421,2024-07-05,2024-07-10,CU-10051,Sarah Rodriguez,Home Office,United States,Spokane,Washington,West,PRD-OFF-9806,Office Supplies,Art,Art Elite 966,9,0.0,1046.79,252.29
ORD-100422,2025-05-17,2025-05-22,CU-10231,Susan Williams,Home Office,United States,Buffalo,New York,East,PRD-OFF-4485,Office Supplies,Paper,Paper Pro 161,8,0.2,216.65,58.76
ORD-100423,2025-11-11,2025-11-14,CU-10023,Patricia Wilson,Consumer,United States,San Francisco,California,West,PRD-OFF-6613,Office Supplies,Binders,Binders Standard 842,9,0.2,763.22,222.83
ORD-100424,2024-06-19,2024-06-26,CU-10231,Susan Williams,Corporate,United States,Springfield,Illinois,Central,PRD-FUR-7769,Furniture,Furnishings,Furnishings Advanced 116,3,0.0,1798.43,335.14
ORD-100425,2025-09-28,2025-10-05,CU-10201,Jennifer Garcia,Home Office,United States,New York City,New York,East,PRD-OFF-7069,Office Supplies,Binders,Binders Advanced 932,7,0.0,323.16,-28.31
ORD-100426,2024-01-31,2024-02-04,CU-10004,Robert Martin,Home Office,United States,San Francisco,California,West,PRD-TEC-1602,Technology,Accessories,Accessories Deluxe 192,10,0.4,2223.98,742.03
ORD-100427,2024-07-28,2024-08-01,CU-10107,Charles Martin,Consumer,United States,Jersey City,New Jersey,East,PRD-OFF-3101,Office Supplies,Labels,Labels Classic 274,9,0.0,809.67,-94.99
ORD-100428,2023-05-14,2023-05-16,CU-10132,Richard Rodriguez,Home Office,United States,Portland,Oregon,West,PRD-FUR-7666,Furniture,Bookcases,Bookcases Classic 102,7,0.2,3331.0,220.76
ORD-100429,2024-07-15,2024-07-16,CU-10265,Linda Garcia,Home Office,United States,Memphis,Tennessee,South,PRD-FUR-1415,Furniture,Tables,Tables Pro 384,7,0.2,2814.27,-307.02
ORD-100430,2024-04-07,2024-04-13,CU-10216,Richard Jackson,Consumer,United States,Newark,New Jersey,East,PRD-OFF-5049,Office Supplies,Storage,Storage Elite 741,2,0.2,87.48,23.64
ORD-100431,2023-08-09,2023-08-13,CU-10122,Linda Williams,Home Office,United States,Dallas,Texas,Central,PRD-FUR-7183,Furniture,Chairs,Chairs Classic 882,2,0.0,1163.09,358.65
ORD-100432,2024-10-03,2024-10-10,CU-10033,Jennifer Lopez,Consumer,United States,San Francisco,California,West,PRD-OFF-7735,Office Supplies,Labels,Labels Executive 167,2,0.3,97.04,4.93
ORD-100433,2024-04-22,2024-04-29,CU-10005,Susan Johnson,Corporate,United States,Memphis,Tennessee,South,PRD-TEC-2106,Technology,Phones,Phones Advanced 766,1,0.0,329.1,-47.34
ORD-100434,2024-02-01,2024-02-06,CU-10064,James Brown,Corporate,United States,Cleveland,Ohio,Central,PRD-TEC-6861,Technology,Copiers,Copiers Standard 348,3,0.3,1054.03,112.32
ORD-100435,2024-09-29,2024-10-04,CU-10277,William Davis,Corporate,United States,Spokane,Washington,West,PRD-TEC-1894,Technology,Accessories,Accessories Basic 477,1,0.1,233.7,24.2
ORD-100436,2025-05-14,2025-05-17,CU-10100,Robert Johnson,Corporate,United States,Seattle,Washington,West,PRD-FUR-3658,Furniture,Furnishings,Furnishings Classic 714,6,0.15,3948.46,234.33
ORD-100437,2023-08-03,2023-08-07,CU-10021,William Johnson,Home Office,United States,Atlanta,Georgia,South,PRD-FUR-7158,Furniture,Tables,Tables Classic 738,4,0.2,810.13,205.48
ORD-100438,2024-02-25,2024-02-29,CU-10094,Patricia Davis,Consumer,United States,Philadelphia,Pennsylvania,East,PRD-OFF-1486,Office Supplies,Binders,Binders Elite 245,5,0.2,310.41,-39.75
ORD-100439,2024-02-12,2024-02-14,CU-10145,Jennifer Williams,Home Office,United States,Spokane,Washington,West,PRD-FUR-3248,Furniture,Bookcases,Bookcases Deluxe 282,4,0.0,273.07,72.56
ORD-100440,2025-02-15,2025-02-21,CU-10056,Jessica Williams,Corporate,United States,Springfield,Illinois,Central,PRD-FUR-2071,Furniture,Bookcases,Bookcases Advanced 776,3,0.3,1784.97,516.2
ORD-100441,2023-08-31,2023-09-02,CU-10066,David Brown,Home Office,United States,Spokane,Washington,West,PRD-OFF-6368,Office Supplies,Storage,Storage Executive 751,4,0.15,315.37,77.2
ORD-100442,2024-05-21,2024-05-22,CU-10143,Jennifer Johnson,Home Office,United States,Las Vegas,Nevada,West,PRD-FUR-8606,Furniture,Furnishings,Furnishings Elite 271,9,0.2,2735.27,271.6
ORD-100443,2024-01-02,2024-01-05,CU-10191,Barbara Martin,Corporate,United States,Memphis,Tennessee,South,PRD-TEC-7178,Technology,Copiers,Copiers Pro 312,4,0.1,1403.49,4.21
ORD-100444,2023-11-18,2023-11-25,CU-10191,Barbara Martin,Consumer,United States,Houston,Texas,Central,PRD-OFF-7700,Office Supplies,Art,Art Advanced 335,10,0.4,383.46,32.12
ORD-100445,2025-01-22,2025-01-29,CU-10254,Elizabeth Davis,Consumer,United States,Cleveland,Ohio,Central,PRD-FUR-4731,Furniture,Furnishings,Furnishings Deluxe 371,2,0.0,710.46,172.6
ORD-100446,2023-07-21,2023-07-22,CU-10036,Karen Garcia,Consumer,United States,Austin,Texas,Central,PRD-OFF-3258,Office Supplies,Paper,Paper Advanced 356,5,0.1,420.19,85.22
ORD-100447,2024-06-18,2024-06-19,CU-10153,Charles Moore,Corporate,United States,Cleveland,Ohio,Central,PRD-TEC-4438,Technology,Phones,Phones Classic 769,9,0.1,10569.9,-386.19
ORD-100448,2025-08-29,2025-08-31,CU-10264,Patricia Anderson,Consumer,United States,Memphis,Tennessee,South,PRD-OFF-3102,Office Supplies,Paper,Paper Executive 888,7,0.2,317.78,-25.59
ORD-100449,2024-09-17,2024-09-23,CU-10004,Robert Martin,Consumer,United States,Raleigh,North Carolina,South,PRD-OFF-3518,Office Supplies,Art,Art Executive 881,9,0.0,652.5,202.97
ORD-100450,2024-11-07,2024-11-12,CU-10293,Richard Martin,Corporate,United States,Nashville,Tennessee,South,PRD-FUR-2709,Furniture,Furnishings,Furnishings Deluxe 586,2,0.15,560.18,-57.91
ORD-100451,2023-12-30,2023-12-31,CU-10250,Jennifer Williams,Consumer,United States,Newark,New Jersey,East,PRD-OFF-7731,Office Supplies,Storage,Storage Deluxe 338,5,0.0,65.24,-4.18
ORD-100452,2025-03-11,2025-03-13,CU-10056,Jessica Williams,Home Office,United States,Reno,Nevada,West,PRD-FUR-6084,Furniture,Furnishings,Furnishings Deluxe 233,4,0.0,1253.17,190.3
ORD-100453,2024-02-20,2024-02-25,CU-10234,Elizabeth Moore,Consumer,United States,Chicago,Illinois,Central,PRD-OFF-1640,Office Supplies,Binders,Binders Executive 719,4,0.4,263.24,21.41
ORD-100454,2023-07-06,2023-07-09,CU-10233,David Brown,Home Office,United States,Cleveland,Ohio,Central,PRD-FUR-2565,Furniture,Furnishings,Furnishings Deluxe 283,10,0.0,6732.57,1341.54
ORD-100455,2025-03-16,2025-03-22,CU-10022,Joseph Jackson,Home Office,United States,Spokane,Washington,West,PRD-TEC-2253,Technology,Accessories,Accessories Elite 814,4,0.0,4618.79,1605.76
ORD-100456,2023-08-04,2023-08-09,CU-10166,Robert Davis,Corporate,United States,Nashville,Tennessee,South,PRD-FUR-4185,Furniture,Chairs,Chairs Classic 127,2,0.2,948.86,211.58
ORD-100457,2025-03-23,2025-03-24,CU-10005,Susan Johnson,Consumer,United States,Austin,Texas,Central,PRD-OFF-5573,Office Supplies,Art,Art Classic 572,2,0.4,96.67,-7.72
ORD-100458,2023-11-27,2023-11-29,CU-10009,James Jackson,Consumer,United States,Jersey City,New Jersey,East,PRD-TEC-9721,Technology,Copiers,Copiers Standard 179,1,0.1,512.3,106.15
ORD-100459,2024-03-18,2024-03-22,CU-10024,Robert Jackson,Corporate,United States,Worcester,Massachusetts,East,PRD-FUR-1262,Furniture,Chairs,Chairs Pro 890,7,0.1,4422.9,-221.18
ORD-100460,2025-05-13,2025-05-14,CU-10007,Michael Davis,Consumer,United States,Chicago,Illinois,Central,PRD-FUR-9875,Furniture,Tables,Tables Standard 145,7,0.1,3059.44,496.66
ORD-100461,2025-03-20,2025-03-24,CU-10061,Richard Lee,Corporate,United States,Seattle,Washington,West,PRD-OFF-7045,Office Supplies,Paper,Paper Pro 511,6,0.15,150.29,26.3
ORD-100462,2023-03-31,2023-04-01,CU-10111,Patricia Anderson,Consumer,United States,Raleigh,North Carolina,South,PRD-TEC-6209,Technology,Machines,Machines Basic 197,10,0.0,6134.2,98.29
ORD-100463,2025-09-14,2025-09-15,CU-10171,James Jackson,Home Office,United States,Worcester,Massachusetts,East,PRD-TEC-2300,Technology,Machines,Machines Pro 338,1,0.3,348.48,79.67
ORD-100464,2023-05-03,2023-05-05,CU-10191,Barbara Martin,Consumer,United States,Charlotte,North Carolina,South,PRD-OFF-1648,Office Supplies,Paper,Paper Pro 343,10,0.0,560.29,-6.13
ORD-100465,2025-12-02,2025-12-09,CU-10212,Michael Wilson,Home Office,United States,Houston,Texas,Central,PRD-OFF-7250,Office Supplies,Storage,Storage Deluxe 310,9,0.1,895.32,137.91
ORD-100466,2025-12-03,2025-12-06,CU-10093,Thomas Thomas,Corporate,United States,Miami,Florida,South,PRD-FUR-2280,Furniture,Tables,Tables Pro 749,3,0.1,2288.34,-72.87
ORD-100467,2025-05-22,2025-05-28,CU-10239,Susan Wilson,Consumer,United States,Chicago,Illinois,Central,PRD-OFF-6891,Office Supplies,Paper,Paper Deluxe 410,5,0.4,348.87,-38.37
ORD-100468,2025-03-26,2025-03-30,CU-10085,John Jones,Home Office,United States,Memphis,Tennessee,South,PRD-TEC-3503,Technology,Copiers,Copiers Standard 939,8,0.15,8760.86,1293.03
ORD-100469,2023-12-26,2023-12-29,CU-10194,Mary Martinez,Corporate,United States,Raleigh,North Carolina,South,PRD-OFF-9203,Office Supplies,Labels,Labels Classic 173,6,0.1,318.41,-47.1
ORD-100470,2025-02-05,2025-02-09,CU-10207,Mary Taylor,Corporate,United States,Memphis,Tennessee,South,PRD-OFF-8148,Office Supplies,Storage,Storage Elite 518,1,0.0,19.31,-1.02
ORD-100471,2024-06-06,2024-06-13,CU-10178,David Miller,Home Office,United States,Charlotte,North Carolina,South,PRD-OFF-3422,Office Supplies,Art,Art Deluxe 348,8,0.0,788.08,156.62
ORD-100472,2024-06-19,2024-06-24,CU-10233,David Brown,Home Office,United States,Portland,Oregon,West,PRD-TEC-4093,Technology,Machines,Machines Pro 219,2,0.0,1253.23,136.94
ORD-100473,2025-05-16,2025-05-18,CU-10218,Patricia Rodriguez,Home Office,United States,Cleveland,Ohio,Central,PRD-OFF-7520,Office Supplies,Art,Art Elite 211,10,0.1,401.45,126.46
ORD-100474,2024-09-22,2024-09-23,CU-10086,Jessica Jackson,Consumer,United States,Miami,Florida,South,PRD-TEC-3981,Technology,Copiers,Copiers Executive 770,5,0.0,2966.22,-151.25
ORD-100475,2025-10-26,2025-10-27,CU-10230,Michael Lopez,Consumer,United States,Seattle,Washington,West,PRD-TEC-2404,Technology,Machines,Machines Deluxe 365,7,0.0,1458.33,-160.55
ORD-100476,2025-02-12,2025-02-13,CU-10141,Charles Taylor,Home Office,United States,Philadelphia,Pennsylvania,East,PRD-FUR-9557,Furniture,Furnishings,Furnishings Classic 788,2,0.0,116.16,-11.8
ORD-100477,2023-01-15,2023-01-19,CU-10266,Thomas Thomas,Corporate,United States,Ann Arbor,Michigan,Central,PRD-TEC-1937,Technology,Copiers,Copiers Advanced 479,6,0.3,5940.64,232.98
ORD-100478,2024-12-30,2025-01-06,CU-10169,Sarah Martinez,Home Office,United States,Buffalo,New York,East,PRD-OFF-8785,Office Supplies,Paper,Paper Pro 716,2,0.1,66.85,2.29
ORD-100479,2025-11-20,2025-11-24,CU-10096,David Smith,Home Office,United States,Philadelphia,Pennsylvania,East,PRD-OFF-8800,Office Supplies,Binders,Binders Advanced 794,8,0.0,485.77,11.74
ORD-100480,2023-07-25,2023-07-31,CU-10197,Linda Brown,Home Office,United States,Chicago,Illinois,Central,PRD-TEC-8311,Technology,Phones,Phones Standard 609,2,0.4,1014.82,-66.95
ORD-100481,2023-08-25,2023-08-29,CU-10276,Jessica Thomas,Consumer,United States,Seattle,Washington,West,PRD-TEC-5220,Technology,Phones,Phones Elite 545,1,0.15,1155.01,-45.98
ORD-100482,2025-09-02,2025-09-08,CU-10063,William Jackson,Home Office,United States,Las Vegas,Nevada,West,PRD-OFF-8159,Office Supplies,Paper,Paper Elite 759,6,0.3,367.52,65.04
ORD-100483,2024-04-22,2024-04-24,CU-10132,Richard Rodriguez,Consumer,United States,Philadelphia,Pennsylvania,East,PRD-FUR-1027,Furniture,Bookcases,Bookcases Deluxe 862,2,0.3,751.68,104.08
ORD-100484,2024-09-28,2024-09-29,CU-10274,Susan Jackson,Corporate,United States,Reno,Nevada,West,PRD-OFF-9189,Office Supplies,Paper,Paper Deluxe 209,7,0.15,612.98,164.65
ORD-100485,2025-07-22,2025-07-24,CU-10145,Jennifer Williams,Corporate,United States,San Diego,California,West,PRD-OFF-6458,Office Supplies,Labels,Labels Elite 380,10,0.3,702.09,-84.67
ORD-100486,2023-11-09,2023-11-16,CU-10107,Charles Martin,Corporate,United States,Los Angeles,California,West,PRD-TEC-7412,Technology,Copiers,Copiers Basic 934,3,0.4,970.64,335.02
ORD-100487,2025-03-11,2025-03-12,CU-10270,Joseph Moore,Home Office,United States,Columbus,Ohio,Central,PRD-TEC-3681,Technology,Copiers,Copiers Elite 234,6,0.15,6208.51,489.02
ORD-100488,2023-10-09,2023-10-13,CU-10247,Joseph Thomas,Consumer,United States,Chicago,Illinois,Central,PRD-TEC-7997,Technology,Machines,Machines Pro 470,10,0.3,9063.07,2947.3
ORD-100489,2023-12-11,2023-12-12,CU-10049,William Jones,Consumer,United States,Detroit,Michigan,Central,PRD-FUR-3826,Furniture,Bookcases,Bookcases Executive 252,7,0.15,1536.59,298.09
ORD-100490,2025-02-07,2025-02-14,CU-10045,Michael Martin,Home Office,United States,Memphis,Tennessee,South,PRD-TEC-8856,Technology,Copiers,Copiers Advanced 111,2,0.1,1764.08,-244.3
ORD-100491,2024-07-14,2024-07-20,CU-10048,Joseph Jones,Home Office,United States,Reno,Nevada,West,PRD-TEC-1323,Technology,Copiers,Copiers Basic 685,3,0.0,4103.63,216.12
ORD-100492,2025-03-17,2025-03-22,CU-10274,Susan Jackson,Home Office,United States,Tampa,Florida,South,PRD-TEC-3015,Technology,Phones,Phones Deluxe 774,2,0.4,373.09,93.37
ORD-100493,2023-03-22,2023-03-24,CU-10294,James Martin,Home Office,United States,Seattle,Washington,West,PRD-OFF-1756,Office Supplies,Binders,Binders Elite 227,9,0.0,1045.1,-27.0
ORD-100494,2025-11-29,2025-12-06,CU-10150,Karen Johnson,Home Office,United States,Savannah,Georgia,South,PRD-OFF-4081,Office Supplies,Labels,Labels Advanced 720,9,0.0,757.01,-23.81
ORD-100495,2023-10-18,2023-10-21,CU-10110,Michael Brown,Corporate,United States,Spokane,Washington,West,PRD-FUR-5164,Furniture,Furnishings,Furnishings Elite 663,5,0.4,814.72,-88.29
ORD-100496,2025-05-21,2025-05-27,CU-10073,Karen Miller,Home Office,United States,San Diego,California,West,PRD-OFF-5055,Office Supplies,Paper,Paper Advanced 677,9,0.3,335.56,13.24
ORD-100497,2023-06-08,2023-06-11,CU-10063,William Jackson,Corporate,United States,Boston,Massachusetts,East,PRD-TEC-4640,Technology,Phones,Phones Advanced 441,5,0.0,2233.94,86.18
ORD-100498,2025-02-14,2025-02-15,CU-10063,William Jackson,Consumer,United States,Eugene,Oregon,West,PRD-TEC-9711,Technology,Accessories,Accessories Basic 664,5,0.3,1041.54,-62.14
ORD-100499,2025-04-04,2025-04-08,CU-10065,Sarah Rodriguez,Home Office,United States,Austin,Texas,Central,PRD-TEC-5081,Technology,Machines,Machines Standard 246,7,0.2,7737.75,1576.58
ORD-100500,2025-05-06,2025-05-12,CU-10234,Elizabeth Moore,Corporate,United States,Reno,Nevada,West,PRD-TEC-2424,Technology,Accessories,Accessories Basic 538,9,0.15,9412.05,1579.51
ORD-100501,2024-09-17,2024-09-21,CU-10160,James Thomas,Home Office,United States,New York City,New York,East,PRD-FUR-7946,Furniture,Chairs,Chairs Standard 689,1,0.0,121.9,40.36
ORD-100502,2025-11-07,2025-11-13,CU-10069,James Rodriguez,Corporate,United States,Nashville,Tennessee,South,PRD-FUR-3761,Furniture,Tables,Tables Pro 831,7,0.0,4530.42,696.27
ORD-100503,2025-12-08,2025-12-10,CU-10089,Susan Miller,Home Office,United States,Philadelphia,Pennsylvania,East,PRD-OFF-2931,Office Supplies,Binders,Binders Executive 607,7,0.1,734.07,195.16
ORD-100504,2024-08-17,2024-08-20,CU-10247,Joseph Thomas,Consumer,United States,Columbus,Ohio,Central,PRD-TEC-1096,Technology,Copiers,Copiers Deluxe 412,9,0.4,3895.74,-472.36
ORD-100505,2025-07-31,2025-08-03,CU-10152,Susan Martin,Corporate,United States,Houston,Texas,Central,PRD-TEC-8985,Technology,Machines,Machines Executive 463,1,0.0,172.88,9.57
ORD-100506,2023-01-15,2023-01-17,CU-10128,Jessica Taylor,Corporate,United States,Reno,Nevada,West,PRD-OFF-6795,Office Supplies,Storage,Storage Executive 286,9,0.4,94.5,-6.53
ORD-100507,2025-06-07,2025-06-08,CU-10183,Mary Smith,Corporate,United States,Los Angeles,California,West,PRD-FUR-5354,Furniture,Tables,Tables Executive 531,6,0.4,2937.05,968.78
ORD-100508,2023-09-01,2023-09-05,CU-10250,Jennifer Williams,Corporate,United States,Savannah,Georgia,South,PRD-TEC-4874,Technology,Copiers,Copiers Standard 212,2,0.0,1097.95,256.58
ORD-100509,2023-04-17,2023-04-23,CU-10175,Sarah Jones,Corporate,United States,Orlando,Florida,South,PRD-OFF-2884,Office Supplies,Storage,Storage Classic 184,7,0.1,141.98,-1.34
ORD-100510,2024-06-23,2024-06-29,CU-10126,Robert Davis,Home Office,United States,Savannah,Georgia,South,PRD-FUR-4148,Furniture,Tables,Tables Deluxe 975,10,0.3,4092.0,-535.3
ORD-100511,2023-10-27,2023-10-31,CU-10009,James Jackson,Corporate,United States,Los Angeles,California,West,PRD-OFF-5985,Office Supplies,Labels,Labels Basic 816,4,0.3,151.2,26.0
ORD-100512,2023-08-14,2023-08-17,CU-10186,Joseph Jackson,Consumer,United States,Cleveland,Ohio,Central,PRD-OFF-2650,Office Supplies,Binders,Binders Standard 141,1,0.4,54.39,-0.54
ORD-100513,2025-06-01,2025-06-03,CU-10129,Michael Wilson,Corporate,United States,Raleigh,North Carolina,South,PRD-FUR-9664,Furniture,Chairs,Chairs Pro 799,9,0.2,5075.24,1123.99
ORD-100514,2025-01-31,2025-02-02,CU-10141,Charles Taylor,Consumer,United States,Las Vegas,Nevada,West,PRD-FUR-8769,Furniture,Chairs,Chairs Pro 700,4,0.2,684.76,0.51
ORD-100515,2024-02-18,2024-02-23,CU-10078,Jessica Smith,Corporate,United States,Newark,New Jersey,East,PRD-TEC-9255,Technology,Accessories,Accessories Advanced 474,8,0.4,3275.44,194.9
ORD-100516,2023-02-14,2023-02-16,CU-10140,Mary Johnson,Home Office,United States,Portland,Oregon,West,PRD-FUR-7393,Furniture,Tables,Tables Executive 606,9,0.3,4975.22,652.99
ORD-100517,2025-03-31,2025-04-05,CU-10139,Mary Hernandez,Consumer,United States,Seattle,Washington,West,PRD-TEC-5855,Technology,Machines,Machines Pro 909,9,0.15,6206.87,1714.57
ORD-100518,2024-07-03,2024-07-08,CU-10060,Robert Wilson,Home Office,United States,Seattle,Washington,West,PRD-FUR-5079,Furniture,Bookcases,Bookcases Pro 754,3,0.0,2552.22,436.96
ORD-100519,2024-03-06,2024-03-11,CU-10059,Susan Lee,Corporate,United States,Pittsburgh,Pennsylvania,East,PRD-FUR-4592,Furniture,Bookcases,Bookcases Standard 518,10,0.0,3006.61,787.63
ORD-100520,2024-07-26,2024-07-28,CU-10131,Richard Smith,Home Office,United States,Buffalo,New York,East,PRD-OFF-4796,Office Supplies,Labels,Labels Deluxe 936,8,0.3,201.1,-14.52
ORD-100521,2025-06-07,2025-06-10,CU-10075,Jennifer Jackson,Consumer,United States,Orlando,Florida,South,PRD-OFF-3911,Office Supplies,Paper,Paper Standard 293,10,0.0,888.9,4.52
ORD-100522,2025-03-18,2025-03-24,CU-10096,David Smith,Corporate,United States,Newark,New Jersey,East,PRD-FUR-1339,Furniture,Furnishings,Furnishings Executive 202,9,0.0,1500.28,58.42
ORD-100523,2023-08-14,2023-08-21,CU-10006,James Williams,Consumer,United States,Newark,New Jersey,East,PRD-OFF-2392,Office Supplies,Paper,Paper Pro 911,1,0.2,13.78,3.81
ORD-100524,2024-02-19,2024-02-21,CU-10245,Susan Martin,Corporate,United States,Savannah,Georgia,South,PRD-OFF-5861,Office Supplies,Paper,Paper Deluxe 157,9,0.0,694.45,-68.47
ORD-100525,2023-07-30,2023-08-04,CU-10212,Michael Wilson,Consumer,United States,Los Angeles,California,West,PRD-FUR-2841,Furniture,Furnishings,Furnishings Executive 250,6,0.3,2549.65,493.06
ORD-100526,2025-10-04,2025-10-06,CU-10056,Jessica Williams,Corporate,United States,San Francisco,California,West,PRD-FUR-7967,Furniture,Bookcases,Bookcases Elite 469,2,0.2,1298.0,194.45
ORD-100527,2023-11-04,2023-11-10,CU-10154,David Rodriguez,Corporate,United States,Columbus,Ohio,Central,PRD-OFF-7399,Office Supplies,Storage,Storage Basic 930,2,0.0,208.19,2.11
ORD-100528,2025-07-03,2025-07-09,CU-10244,Elizabeth Miller,Home Office,United States,Buffalo,New York,East,PRD-OFF-7782,Office Supplies,Paper,Paper Elite 430,3,0.3,103.48,9.38
ORD-100529,2024-11-13,2024-11-15,CU-10125,Sarah Smith,Home Office,United States,Memphis,Tennessee,South,PRD-TEC-4853,Technology,Copiers,Copiers Deluxe 493,2,0.1,1598.26,322.12
ORD-100530,2025-01-10,2025-01-11,CU-10104,Linda Rodriguez,Consumer,United States,Pittsburgh,Pennsylvania,East,PRD-FUR-4679,Furniture,Chairs,Chairs Advanced 469,3,0.3,631.03,-18.14
ORD-100531,2023-04-25,2023-05-01,CU-10070,Thomas Garcia,Home Office,United States,Jersey City,New Jersey,East,PRD-FUR-6984,Furniture,Furnishings,Furnishings Advanced 155,2,0.0,1226.67,-165.49
ORD-100532,2023-10-17,2023-10-18,CU-10125,Sarah Smith,Consumer,United States,Buffalo,New York,East,PRD-FUR-1216,Furniture,Furnishings,Furnishings Standard 866,9,0.2,4635.21,333.67
ORD-100533,2024-08-10,2024-08-11,CU-10079,Patricia Lopez,Home Office,United States,New York City,New York,East,PRD-FUR-9222,Furniture,Chairs,Chairs Executive 952,7,0.15,3736.11,1156.61
ORD-100534,2024-09-18,2024-09-24,CU-10116,David Brown,Consumer,United States,Savannah,Georgia,South,PRD-TEC-8674,Technology,Copiers,Copiers Standard 860,4,0.0,2475.29,639.32
ORD-100535,2025-09-04,2025-09-07,CU-10207,Mary Taylor,Corporate,United States,Atlanta,Georgia,South,PRD-TEC-5623,Technology,Copiers,Copiers Deluxe 376,2,0.2,1886.81,-256.56
ORD-100536,2023-11-30,2023-12-05,CU-10054,Barbara Davis,Corporate,United States,Newark,New Jersey,East,PRD-FUR-6154,Furniture,Tables,Tables Pro 346,5,0.4,366.85,-46.65
ORD-100537,2023-07-10,2023-07-13,CU-10004,Robert Martin,Home Office,United States,Cleveland,Ohio,Central,PRD-FUR-9250,Furniture,Bookcases,Bookcases Executive 843,6,0.3,3686.65,1099.56
ORD-100538,2023-07-26,2023-07-31,CU-10076,Thomas Smith,Home Office,United States,Worcester,Massachusetts,East,PRD-FUR-3307,Furniture,Bookcases,Bookcases Standard 255,8,0.1,841.97,246.02
ORD-100539,2023-11-26,2023-12-01,CU-10264,Patricia Anderson,Corporate,United States,Detroit,Michigan,Central,PRD-OFF-9151,Office Supplies,Storage,Storage Executive 140,7,0.0,837.59,111.78
ORD-100540,2023-07-19,2023-07-26,CU-10007,Michael Davis,Corporate,United States,Portland,Oregon,West,PRD-FUR-8548,Furniture,Furnishings,Furnishings Advanced 273,5,0.0,936.26,-107.14
ORD-100541,2024-06-12,2024-06-16,CU-10131,Richard Smith,Home Office,United States,Atlanta,Georgia,South,PRD-OFF-9396,Office Supplies,Binders,Binders Advanced 979,5,0.0,517.78,36.46
ORD-100542,2024-10-04,2024-10-07,CU-10042,Linda Johnson,Home Office,United States,Memphis,Tennessee,South,PRD-FUR-2195,Furniture,Chairs,Chairs Deluxe 816,9,0.0,510.76,68.99
ORD-100543,2024-04-01,2024-04-05,CU-10236,David Wilson,Corporate,United States,Pittsburgh,Pennsylvania,East,PRD-TEC-6385,Technology,Copiers,Copiers Elite 187,3,0.3,2913.98,-146.47
ORD-100544,2023-05-13,2023-05-16,CU-10175,Sarah Jones,Consumer,United States,Savannah,Georgia,South,PRD-OFF-7230,Office Supplies,Art,Art Pro 658,3,0.0,65.2,22.42
ORD-100545,2023-05-08,2023-05-15,CU-10185,William Garcia,Consumer,United States,Nashville,Tennessee,South,PRD-FUR-8396,Furniture,Chairs,Chairs Executive 376,5,0.3,2066.17,-225.51
ORD-100546,2025-05-09,2025-05-14,CU-10109,Jessica Anderson,Consumer,United States,Chicago,Illinois,Central,PRD-OFF-8156,Office Supplies,Storage,Storage Basic 268,4,0.0,212.79,70.82
ORD-100547,2024-12-27,2025-01-02,CU-10292,Michael Anderson,Home Office,United States,Tampa,Florida,South,PRD-FUR-2861,Furniture,Chairs,Chairs Standard 431,6,0.4,223.41,63.04
ORD-100548,2025-04-12,2025-04-15,CU-10266,Thomas Thomas,Home Office,United States,Boston,Massachusetts,East,PRD-OFF-4541,Office Supplies,Labels,Labels Elite 137,4,0.0,106.32,16.0
ORD-100549,2024-12-13,2024-12-15,CU-10097,Charles Jackson,Consumer,United States,Pittsburgh,Pennsylvania,East,PRD-OFF-7977,Office Supplies,Storage,Storage Elite 816,8,0.2,367.61,97.08
ORD-100550,2025-12-07,2025-12-14,CU-10171,James Jackson,Corporate,United States,Jersey City,New Jersey,East,PRD-OFF-2625,Office Supplies,Paper,Paper Standard 655,7,0.3,500.71,83.65
ORD-100551,2023-06-29,2023-07-06,CU-10053,Charles Wilson,Consumer,United States,Buffalo,New York,East,PRD-OFF-8448,Office Supplies,Labels,Labels Elite 748,8,0.3,546.98,-24.1
ORD-100552,2025-02-19,2025-02-20,CU-10100,Robert Johnson,Corporate,United States,Orlando,Florida,South,PRD-OFF-7794,Office Supplies,Art,Art Pro 483,4,0.15,121.64,32.75
ORD-100553,2024-05-09,2024-05-10,CU-10212,Michael Wilson,Consumer,United States,New York City,New York,East,PRD-OFF-7444,Office Supplies,Labels,Labels Advanced 443,3,0.3,250.27,-13.43
ORD-100554,2023-04-16,2023-04-23,CU-10295,Richard Taylor,Home Office,United States,Savannah,Georgia,South,PRD-FUR-7422,Furniture,Furnishings,Furnishings Advanced 629,3,0.0,1265.37,209.7
ORD-100555,2024-06-16,2024-06-23,CU-10283,David Hernandez,Consumer,United States,Portland,Oregon,West,PRD-FUR-1414,Furniture,Chairs,Chairs Executive 111,10,0.0,1800.91,244.74
ORD-100556,2023-09-25,2023-09-29,CU-10183,Mary Smith,Corporate,United States,Seattle,Washington,West,PRD-FUR-2694,Furniture,Tables,Tables Executive 888,5,0.0,3051.85,516.35
ORD-100557,2023-08-16,2023-08-20,CU-10062,Joseph Moore,Corporate,United States,Jersey City,New Jersey,East,PRD-FUR-8971,Furniture,Chairs,Chairs Elite 606,6,0.0,4954.87,281.8
ORD-100558,2023-06-06,2023-06-08,CU-10214,Robert Rodriguez,Consumer,United States,Raleigh,North Carolina,South,PRD-FUR-8928,Furniture,Bookcases,Bookcases Pro 282,10,0.2,4692.25,1627.6
ORD-100559,2023-01-11,2023-01-13,CU-10267,Mary Jackson,Home Office,United States,Houston,Texas,Central,PRD-FUR-3073,Furniture,Chairs,Chairs Standard 321,6,0.1,796.88,-86.29
ORD-100560,2024-07-02,2024-07-05,CU-10246,Karen Hernandez,Home Office,United States,San Francisco,California,West,PRD-TEC-5605,Technology,Accessories,Accessories Classic 863,8,0.15,9434.35,-599.27
ORD-100561,2025-03-15,2025-03-16,CU-10298,Susan Jackson,Home Office,United States,Chicago,Illinois,Central,PRD-OFF-6782,Office Supplies,Art,Art Classic 533,10,0.3,691.79,44.73
ORD-100562,2025-02-04,2025-02-10,CU-10032,Joseph Lopez,Home Office,United States,Atlanta,Georgia,South,PRD-OFF-2878,Office Supplies,Labels,Labels Executive 400,10,0.2,633.49,31.14
ORD-100563,2024-01-04,2024-01-11,CU-10165,John Lopez,Consumer,United States,Savannah,Georgia,South,PRD-FUR-4502,Furniture,Tables,Tables Advanced 480,3,0.0,2137.76,445.51
ORD-100564,2025-08-11,2025-08-16,CU-10164,Thomas Rodriguez,Corporate,United States,San Francisco,California,West,PRD-TEC-7909,Technology,Machines,Machines Deluxe 205,9,0.0,11977.85,1640.66
ORD-100565,2025-06-10,2025-06-13,CU-10163,Sarah Miller,Corporate,United States,Seattle,Washington,West,PRD-OFF-1348,Office Supplies,Binders,Binders Basic 531,2,0.3,34.55,-1.1
ORD-100566,2024-08-06,2024-08-07,CU-10294,James Martin,Consumer,United States,Worcester,Massachusetts,East,PRD-OFF-6665,Office Supplies,Binders,Binders Pro 445,1,0.15,13.55,-0.17
ORD-100567,2025-03-30,2025-03-31,CU-10284,Sarah Williams,Corporate,United States,Detroit,Michigan,Central,PRD-OFF-1170,Office Supplies,Art,Art Classic 969,2,0.1,203.1,-25.61
ORD-100568,2023-10-12,2023-10-13,CU-10165,John Lopez,Consumer,United States,Atlanta,Georgia,South,PRD-FUR-6395,Furniture,Bookcases,Bookcases Pro 804,1,0.15,230.12,-25.88
ORD-100569,2025-02-16,2025-02-19,CU-10087,Jennifer Rodriguez,Consumer,United States,Las Vegas,Nevada,West,PRD-OFF-5596,Office Supplies,Paper,Paper Executive 752,8,0.4,312.01,56.36
ORD-100570,2024-10-21,2024-10-28,CU-10247,Joseph Thomas,Corporate,United States,San Francisco,California,West,PRD-TEC-9103,Technology,Phones,Phones Advanced 671,4,0.0,1394.17,-156.74
ORD-100571,2023-05-04,2023-05-06,CU-10006,James Williams,Consumer,United States,Reno,Nevada,West,PRD-OFF-3523,Office Supplies,Binders,Binders Advanced 313,10,0.15,544.86,111.29
ORD-100572,2025-10-30,2025-10-31,CU-10066,David Brown,Corporate,United States,Eugene,Oregon,West,PRD-TEC-2755,Technology,Machines,Machines Executive 292,2,0.0,990.73,-75.65
ORD-100573,2023-08-14,2023-08-16,CU-10008,Thomas Lee,Consumer,United States,Savannah,Georgia,South,PRD-OFF-9227,Office Supplies,Labels,Labels Classic 460,5,0.1,307.28,-22.95
ORD-100574,2025-06-01,2025-06-06,CU-10170,Karen Moore,Corporate,United States,Worcester,Massachusetts,East,PRD-FUR-9087,Furniture,Chairs,Chairs Executive 849,7,0.15,1278.31,146.73
ORD-100575,2025-11-28,2025-12-02,CU-10055,John Moore,Consumer,United States,Newark,New Jersey,East,PRD-FUR-2659,Furniture,Chairs,Chairs Pro 689,5,0.3,885.33,40.68
ORD-100576,2024-03-26,2024-04-01,CU-10137,Michael Johnson,Consumer,United States,Atlanta,Georgia,South,PRD-OFF-4909,Office Supplies,Storage,Storage Basic 851,1,0.4,37.72,8.28
ORD-100577,2023-12-15,2023-12-18,CU-10035,William Williams,Corporate,United States,Spokane,Washington,West,PRD-FUR-1159,Furniture,Chairs,Chairs Classic 538,6,0.0,406.22,77.02
ORD-100578,2024-12-22,2024-12-26,CU-10298,Susan Jackson,Corporate,United States,Boston,Massachusetts,East,PRD-FUR-2638,Furniture,Chairs,Chairs Pro 680,5,0.0,3800.28,903.05
ORD-100579,2024-09-15,2024-09-22,CU-10171,James Jackson,Home Office,United States,Memphis,Tennessee,South,PRD-OFF-9508,Office Supplies,Art,Art Basic 473,8,0.4,218.65,-20.47
ORD-100580,2023-02-12,2023-02-14,CU-10210,Elizabeth Davis,Corporate,United States,Spokane,Washington,West,PRD-FUR-9927,Furniture,Tables,Tables Executive 468,4,0.0,2730.84,908.62
ORD-100581,2025-07-09,2025-07-14,CU-10089,Susan Miller,Corporate,United States,Cleveland,Ohio,Central,PRD-TEC-8455,Technology,Copiers,Copiers Basic 416,4,0.0,2190.99,146.2
ORD-100582,2024-12-11,2024-12-14,CU-10056,Jessica Williams,Corporate,United States,Boston,Massachusetts,East,PRD-TEC-1670,Technology,Machines,Machines Basic 738,9,0.15,3580.02,-509.09
ORD-100583,2024-03-21,2024-03-24,CU-10063,William Jackson,Consumer,United States,Worcester,Massachusetts,East,PRD-OFF-5434,Office Supplies,Storage,Storage Pro 151,5,0.0,530.27,173.31
ORD-100584,2023-10-20,2023-10-26,CU-10100,Robert Johnson,Consumer,United States,Orlando,Florida,South,PRD-FUR-6091,Furniture,Furnishings,Furnishings Advanced 354,7,0.15,2434.61,754.97
ORD-100585,2023-12-21,2023-12-26,CU-10223,David Anderson,Corporate,United States,Chicago,Illinois,Central,PRD-FUR-8158,Furniture,Furnishings,Furnishings Deluxe 408,5,0.0,613.79,23.31
ORD-100586,2023-07-16,2023-07-18,CU-10269,Joseph Jones,Corporate,United States,Raleigh,North Carolina,South,PRD-OFF-3303,Office Supplies,Art,Art Classic 530,7,0.3,538.73,-56.99
ORD-100587,2024-09-11,2024-09-18,CU-10124,Patricia Johnson,Consumer,United States,Springfield,Illinois,Central,PRD-OFF-5426,Office Supplies,Paper,Paper Executive 786,1,0.0,92.74,-9.99
ORD-100588,2023-08-08,2023-08-11,CU-10049,William Jones,Consumer,United States,Ann Arbor,Michigan,Central,PRD-FUR-6093,Furniture,Chairs,Chairs Deluxe 628,3,0.0,1583.23,0.71
ORD-100589,2023-01-14,2023-01-21,CU-10248,Joseph Miller,Consumer,United States,Los Angeles,California,West,PRD-FUR-2995,Furniture,Chairs,Chairs Elite 353,4,0.3,386.58,-47.23
ORD-100590,2024-09-06,2024-09-10,CU-10247,Joseph Thomas,Home Office,United States,Spokane,Washington,West,PRD-TEC-9956,Technology,Copiers,Copiers Elite 542,3,0.1,3339.62,-215.78
ORD-100591,2024-02-15,2024-02-19,CU-10245,Susan Martin,Home Office,United States,Columbus,Ohio,Central,PRD-OFF-5643,Office Supplies,Storage,Storage Basic 500,7,0.3,84.98,-6.45
ORD-100592,2025-07-25,2025-07-26,CU-10288,Robert Anderson,Corporate,United States,Tampa,Florida,South,PRD-FUR-9244,Furniture,Furnishings,Furnishings Pro 463,3,0.0,1343.16,38.78
ORD-100593,2024-03-07,2024-03-10,CU-10268,Linda Brown,Home Office,United States,Miami,Florida,South,PRD-FUR-8925,Furniture,Bookcases,Bookcases Advanced 570,3,0.3,601.84,-69.75
ORD-100594,2025-02-10,2025-02-14,CU-10092,Barbara Thomas,Home Office,United States,Springfield,Illinois,Central,PRD-TEC-8805,Technology,Accessories,Accessories Executive 169,1,0.0,385.97,38.49
ORD-100595,2024-10-24,2024-10-31,CU-10118,Michael Jackson,Home Office,United States,Los Angeles,California,West,PRD-OFF-1482,Office Supplies,Art,Art Elite 163,10,0.4,55.82,12.93
ORD-100596,2023-12-23,2023-12-26,CU-10055,John Moore,Home Office,United States,Nashville,Tennessee,South,PRD-TEC-9659,Technology,Machines,Machines Deluxe 358,8,0.0,2733.84,183.25
ORD-100597,2024-01-29,2024-01-30,CU-10298,Susan Jackson,Consumer,United States,New York City,New York,East,PRD-FUR-4399,Furniture,Chairs,Chairs Advanced 892,7,0.4,2238.81,-122.98
ORD-100598,2025-08-28,2025-09-02,CU-10180,Jessica Rodriguez,Corporate,United States,Chicago,Illinois,Central,PRD-OFF-9856,Office Supplies,Art,Art Elite 682,2,0.4,77.38,-2.69
ORD-100599,2024-11-08,2024-11-09,CU-10114,Mary Brown,Home Office,United States,Cleveland,Ohio,Central,PRD-OFF-1928,Office Supplies,Binders,Binders Standard 394,2,0.15,55.69,2.76
ORD-100600,2023-08-16,2023-08-21,CU-10241,Charles Martinez,Corporate,United States,Houston,Texas,Central,PRD-OFF-2194,Office Supplies,Storage,Storage Deluxe 442,1,0.0,67.92,-2.19
ORD-100601,2023-03-14,2023-03-17,CU-10036,Karen Garcia,Corporate,United States,Tampa,Florida,South,PRD-FUR-4731,Furniture,Bookcases,Bookcases Pro 206,1,0.4,283.26,0.48
ORD-100602,2023-02-13,2023-02-14,CU-10013,William Smith,Home Office,United States,Las Vegas,Nevada,West,PRD-OFF-2933,Office Supplies,Binders,Binders Executive 884,7,0.0,380.92,-35.12
ORD-100603,2025-01-23,2025-01-26,CU-10099,Linda Smith,Consumer,United States,Detroit,Michigan,Central,PRD-FUR-1244,Furniture,Chairs,Chairs Pro 332,7,0.0,4797.48,1657.38
ORD-100604,2024-05-26,2024-06-02,CU-10029,Elizabeth Williams,Corporate,United States,New York City,New York,East,PRD-FUR-8843,Furniture,Bookcases,Bookcases Pro 421,6,0.0,3372.32,516.17
ORD-100605,2023-09-08,2023-09-14,CU-10039,Richard Rodriguez,Corporate,United States,Philadelphia,Pennsylvania,East,PRD-TEC-5383,Technology,Accessories,Accessories Deluxe 554,5,0.1,2134.76,242.13
ORD-100606,2024-10-15,2024-10-21,CU-10277,William Davis,Corporate,United States,Buffalo,New York,East,PRD-TEC-4453,Technology,Copiers,Copiers Basic 180,4,0.15,2738.51,605.09
ORD-100607,2023-09-09,2023-09-12,CU-10072,Elizabeth Moore,Home Office,United States,Jersey City,New Jersey,East,PRD-OFF-7290,Office Supplies,Binders,Binders Pro 610,1,0.0,72.65,-8.73
ORD-100608,2025-10-11,2025-10-12,CU-10195,Barbara Johnson,Consumer,United States,Nashville,Tennessee,South,PRD-FUR-6508,Furniture,Furnishings,Furnishings Standard 775,7,0.2,2814.66,896.78
ORD-100609,2024-06-21,2024-06-28,CU-10110,Michael Brown,Corporate,United States,Pittsburgh,Pennsylvania,East,PRD-TEC-9501,Technology,Phones,Phones Elite 666,7,0.4,1960.38,121.38
ORD-100610,2024-06-16,2024-06-18,CU-10195,Barbara Johnson,Consumer,United States,Atlanta,Georgia,South,PRD-OFF-5104,Office Supplies,Storage,Storage Elite 355,9,0.15,540.66,16.68
ORD-100611,2023-01-26,2023-01-27,CU-10157,Richard Jones,Corporate,United States,Columbus,Ohio,Central,PRD-OFF-2303,Office Supplies,Binders,Binders Classic 109,8,0.1,333.02,18.08
ORD-100612,2024-07-20,2024-07-25,CU-10282,Linda Rodriguez,Consumer,United States,Dallas,Texas,Central,PRD-OFF-1630,Office Supplies,Storage,Storage Basic 989,8,0.0,619.91,-20.87
ORD-100613,2024-01-13,2024-01-19,CU-10259,Joseph Anderson,Home Office,United States,Charlotte,North Carolina,South,PRD-TEC-1732,Technology,Machines,Machines Pro 831,5,0.2,5100.6,613.2
ORD-100614,2024-04-25,2024-04-28,CU-10055,John Moore,Home Office,United States,Boston,Massachusetts,East,PRD-FUR-3344,Furniture,Tables,Tables Deluxe 433,10,0.3,2559.59,736.97
ORD-100615,2023-02-20,2023-02-23,CU-10184,David Jones,Corporate,United States,Ann Arbor,Michigan,Central,PRD-OFF-4464,Office Supplies,Labels,Labels Pro 264,6,0.0,671.91,-65.1
ORD-100616,2024-10-03,2024-10-08,CU-10260,Charles Miller,Home Office,United States,Springfield,Illinois,Central,PRD-FUR-2986,Furniture,Tables,Tables Executive 880,2,0.3,1206.66,144.18
ORD-100617,2025-12-16,2025-12-23,CU-10026,Barbara Martin,Corporate,United States,Memphis,Tennessee,South,PRD-FUR-2890,Furniture,Bookcases,Bookcases Deluxe 436,4,0.2,2333.3,522.88
ORD-100618,2024-05-08,2024-05-12,CU-10209,Joseph Lopez,Home Office,United States,Dallas,Texas,Central,PRD-TEC-5013,Technology,Phones,Phones Advanced 769,8,0.0,5258.66,1645.22
ORD-100619,2025-04-14,2025-04-20,CU-10299,Sarah Lee,Corporate,United States,Eugene,Oregon,West,PRD-OFF-8439,Office Supplies,Binders,Binders Elite 518,7,0.1,139.01,41.69
ORD-100620,2023-02-01,2023-02-03,CU-10061,Richard Lee,Home Office,United States,Raleigh,North Carolina,South,PRD-FUR-6805,Furniture,Tables,Tables Pro 953,7,0.3,344.67,104.14
ORD-100621,2023-09-19,2023-09-23,CU-10285,John Jones,Corporate,United States,Portland,Oregon,West,PRD-OFF-8138,Office Supplies,Labels,Labels Elite 839,1,0.3,77.62,12.84
ORD-100622,2024-08-15,2024-08-22,CU-10244,Elizabeth Miller,Consumer,United States,Seattle,Washington,West,PRD-FUR-9082,Furniture,Bookcases,Bookcases Classic 488,6,0.0,2536.79,-85.92
ORD-100623,2024-11-29,2024-11-30,CU-10288,Robert Anderson,Corporate,United States,Raleigh,North Carolina,South,PRD-OFF-5666,Office Supplies,Paper,Paper Standard 142,4,0.2,118.4,-11.87
ORD-100624,2023-12-06,2023-12-07,CU-10147,Linda Wilson,Consumer,United States,Ann Arbor,Michigan,Central,PRD-FUR-9334,Furniture,Bookcases,Bookcases Basic 720,2,0.1,1504.51,189.69
ORD-100625,2023-12-12,2023-12-13,CU-10020,Barbara Lee,Consumer,United States,San Francisco,California,West,PRD-OFF-2965,Office Supplies,Paper,Paper Basic 684,7,0.15,386.17,119.33
ORD-100626,2025-06-29,2025-07-03,CU-10252,Karen Hernandez,Corporate,United States,Houston,Texas,Central,PRD-TEC-5523,Technology,Phones,Phones Advanced 922,2,0.0,315.62,32.68
ORD-100627,2025-07-17,2025-07-23,CU-10262,Richard Davis,Corporate,United States,Philadelphia,Pennsylvania,East,PRD-FUR-7163,Furniture,Bookcases,Bookcases Deluxe 961,9,0.0,5507.65,-148.94
ORD-100628,2024-03-26,2024-04-01,CU-10100,Robert Johnson,Corporate,United States,Detroit,Michigan,Central,PRD-FUR-2102,Furniture,Furnishings,Furnishings Basic 234,4,0.1,2122.4,-314.97
ORD-100629,2025-10-01,2025-10-06,CU-10106,Sarah Jones,Home Office,United States,San Francisco,California,West,PRD-OFF-4799,Office Supplies,Labels,Labels Executive 746,10,0.0,451.01,130.32
ORD-100630,2024-08-21,2024-08-27,CU-10248,Joseph Miller,Home Office,United States,Memphis,Tennessee,South,PRD-OFF-6331,Office Supplies,Storage,Storage Elite 324,2,0.3,151.39,50.67
ORD-100631,2024-05-21,2024-05-27,CU-10217,David Smith,Corporate,United States,Jersey City,New Jersey,East,PRD-TEC-4847,Technology,Phones,Phones Advanced 813,7,0.4,3155.97,475.07
ORD-100632,2023-03-01,2023-03-04,CU-10137,Michael Johnson,Home Office,United States,Las Vegas,Nevada,West,PRD-OFF-4587,Office Supplies,Storage,Storage Advanced 521,7,0.0,377.29,-5.98
ORD-100633,2024-11-26,2024-12-02,CU-10023,Patricia Wilson,Consumer,United States,Ann Arbor,Michigan,Central,PRD-TEC-1345,Technology,Machines,Machines Deluxe 898,2,0.0,1056.08,343.37
ORD-100634,2025-02-15,2025-02-16,CU-10170,Karen Moore,Consumer,United States,Austin,Texas,Central,PRD-TEC-3644,Technology,Machines,Machines Advanced 648,4,0.1,2244.65,-11.01
ORD-100635,2025-02-04,2025-02-07,CU-10211,Linda Smith,Consumer,United States,Seattle,Washington,West,PRD-FUR-3025,Furniture,Chairs,Chairs Executive 910,8,0.1,618.79,-82.37
ORD-100636,2025-02-12,2025-02-18,CU-10205,William Garcia,Consumer,United States,Portland,Oregon,West,PRD-FUR-6114,Furniture,Furnishings,Furnishings Pro 115,9,0.3,3554.09,-187.86
ORD-100637,2024-10-24,2024-10-28,CU-10262,Richard Davis,Corporate,United States,Pittsburgh,Pennsylvania,East,PRD-FUR-8919,Furniture,Chairs,Chairs Basic 771,10,0.3,3154.83,411.7
ORD-100638,2024-08-05,2024-08-11,CU-10273,Karen Moore,Corporate,United States,Las Vegas,Nevada,West,PRD-TEC-4802,Technology,Copiers,Copiers Advanced 881,9,0.0,7991.33,388.97
ORD-100639,2025-07-04,2025-07-07,CU-10244,Elizabeth Miller,Consumer,United States,Pittsburgh,Pennsylvania,East,PRD-TEC-8758,Technology,Phones,Phones Elite 674,3,0.0,2731.33,-216.69
ORD-100640,2025-12-07,2025-12-13,CU-10290,Sarah Thomas,Corporate,United States,San Francisco,California,West,PRD-OFF-4427,Office Supplies,Storage,Storage Advanced 954,3,0.0,252.7,-4.02
ORD-100641,2025-09-27,2025-10-02,CU-10255,Michael Jones,Corporate,United States,Springfield,Illinois,Central,PRD-TEC-2990,Technology,Copiers,Copiers Elite 207,7,0.0,8032.4,883.32
ORD-100642,2023-12-07,2023-12-09,CU-10224,Karen Moore,Corporate,United States,Buffalo,New York,East,PRD-FUR-5441,Furniture,Furnishings,Furnishings Standard 866,9,0.15,3101.5,651.23
ORD-100643,2025-12-06,2025-12-09,CU-10190,Sarah Johnson,Home Office,United States,Spokane,Washington,West,PRD-TEC-8763,Technology,Machines,Machines Advanced 631,10,0.0,14074.94,-955.42
ORD-100644,2023-01-21,2023-01-24,CU-10213,David Rodriguez,Consumer,United States,Spokane,Washington,West,PRD-FUR-2093,Furniture,Bookcases,Bookcases Deluxe 304,2,0.4,608.49,89.59
ORD-100645,2024-12-18,2024-12-24,CU-10286,Linda Wilson,Consumer,United States,Portland,Oregon,West,PRD-OFF-3497,Office Supplies,Storage,Storage Executive 698,5,0.1,419.42,-46.67
ORD-100646,2023-07-30,2023-08-05,CU-10110,Michael Brown,Home Office,United States,Springfield,Illinois,Central,PRD-FUR-1043,Furniture,Tables,Tables Executive 438,10,0.4,4237.09,-192.14
ORD-100647,2024-04-19,2024-04-21,CU-10046,David Miller,Corporate,United States,Seattle,Washington,West,PRD-FUR-2921,Furniture,Bookcases,Bookcases Elite 153,3,0.2,1163.88,1.49
ORD-100648,2024-05-08,2024-05-13,CU-10201,Jennifer Garcia,Corporate,United States,Memphis,Tennessee,South,PRD-OFF-8163,Office Supplies,Labels,Labels Advanced 643,2,0.15,173.15,35.61
ORD-100649,2025-06-23,2025-06-27,CU-10128,Jessica Taylor,Consumer,United States,Worcester,Massachusetts,East,PRD-FUR-3932,Furniture,Bookcases,Bookcases Classic 889,6,0.1,3613.78,148.99
ORD-100650,2023-01-22,2023-01-24,CU-10226,Charles Miller,Home Office,United States,Chicago,Illinois,Central,PRD-OFF-7525,Office Supplies,Storage,Storage Elite 477,5,0.15,27.6,4.72
ORD-100651,2023-03-31,2023-04-06,CU-10129,Michael Wilson,Consumer,United States,Austin,Texas,Central,PRD-TEC-1472,Technology,Copiers,Copiers Classic 602,3,0.0,3415.05,-447.04
ORD-100652,2023-11-10,2023-11-16,CU-10090,Sarah Miller,Consumer,United States,San Francisco,California,West,PRD-FUR-6185,Furniture,Furnishings,Furnishings Pro 421,2,0.0,1558.41,25.45
ORD-100653,2023-12-13,2023-12-18,CU-10187,Susan Jackson,Home Office,United States,Worcester,Massachusetts,East,PRD-TEC-4255,Technology,Phones,Phones Elite 297,9,0.0,2702.24,-33.07
ORD-100654,2025-11-01,2025-11-05,CU-10088,Thomas Lee,Home Office,United States,Pittsburgh,Pennsylvania,East,PRD-OFF-2483,Office Supplies,Binders,Binders Advanced 577,10,0.0,149.01,-13.69
ORD-100655,2024-01-09,2024-01-15,CU-10044,William Williams,Consumer,United States,Portland,Oregon,West,PRD-FUR-3174,Furniture,Tables,Tables Advanced 571,2,0.1,1432.11,320.37
ORD-100656,2024-09-27,2024-09-28,CU-10194,Mary Martinez,Consumer,United States,Springfield,Illinois,Central,PRD-TEC-5334,Technology,Accessories,Accessories Executive 331,4,0.15,4997.84,993.47
ORD-100657,2023-07-09,2023-07-13,CU-10181,Mary Williams,Home Office,United States,Cleveland,Ohio,Central,PRD-TEC-5729,Technology,Machines,Machines Pro 954,10,0.3,2488.23,58.38
ORD-100658,2024-02-29,2024-03-03,CU-10257,Linda Taylor,Consumer,United States,Austin,Texas,Central,PRD-OFF-6291,Office Supplies,Paper,Paper Classic 367,1,0.4,38.68,-3.1
ORD-100659,2025-02-01,2025-02-06,CU-10193,Susan Jones,Home Office,United States,Philadelphia,Pennsylvania,East,PRD-OFF-8648,Office Supplies,Binders,Binders Standard 531,8,0.2,508.84,1.6
ORD-100660,2024-01-17,2024-01-24,CU-10011,Susan Davis,Home Office,United States,Memphis,Tennessee,South,PRD-OFF-4838,Office Supplies,Art,Art Deluxe 358,6,0.0,362.96,121.73
ORD-100661,2025-11-04,2025-11-05,CU-10215,Barbara Moore,Home Office,United States,Raleigh,North Carolina,South,PRD-FUR-6458,Furniture,Tables,Tables Standard 407,10,0.0,8704.5,-740.36
ORD-100662,2023-04-21,2023-04-22,CU-10158,Elizabeth Thomas,Corporate,United States,Eugene,Oregon,West,PRD-FUR-4331,Furniture,Furnishings,Furnishings Pro 774,3,0.0,661.04,-21.09
ORD-100663,2025-06-13,2025-06-14,CU-10125,Sarah Smith,Corporate,United States,Portland,Oregon,West,PRD-FUR-4977,Furniture,Bookcases,Bookcases Elite 582,9,0.3,3992.74,1060.77
ORD-100664,2023-07-16,2023-07-20,CU-10065,Sarah Rodriguez,Corporate,United States,Springfield,Illinois,Central,PRD-OFF-3918,Office Supplies,Art,Art Executive 646,2,0.0,164.07,-6.42
ORD-100665,2024-04-26,2024-04-29,CU-10185,William Garcia,Home Office,United States,Austin,Texas,Central,PRD-OFF-3947,Office Supplies,Binders,Binders Deluxe 241,8,0.2,187.47,7.88
ORD-100666,2025-05-21,2025-05-23,CU-10145,Jennifer Williams,Consumer,United States,Ann Arbor,Michigan,Central,PRD-OFF-2661,Office Supplies,Art,Art Standard 267,7,0.0,706.56,16.35
ORD-100667,2025-04-08,2025-04-15,CU-10006,James Williams,Home Office,United States,Portland,Oregon,West,PRD-TEC-5237,Technology,Copiers,Copiers Classic 111,8,0.0,5300.5,7.83
ORD-100668,2023-08-26,2023-08-31,CU-10230,Michael Lopez,Home Office,United States,Ann Arbor,Michigan,Central,PRD-OFF-5224,Office Supplies,Binders,Binders Standard 534,9,0.0,945.78,17.55
ORD-100669,2024-02-09,2024-02-14,CU-10232,David Lee,Corporate,United States,Orlando,Florida,South,PRD-FUR-5852,Furniture,Chairs,Chairs Classic 571,6,0.3,388.76,7.28
ORD-100670,2023-02-18,2023-02-23,CU-10136,Michael Martinez,Corporate,United States,Eugene,Oregon,West,PRD-FUR-2377,Furniture,Furnishings,Furnishings Advanced 404,1,0.3,389.49,-10.0
ORD-100671,2025-12-31,2026-01-01,CU-10064,James Brown,Corporate,United States,Reno,Nevada,West,PRD-OFF-2656,Office Supplies,Art,Art Deluxe 945,9,0.0,87.06,-6.67
ORD-100672,2025-02-21,2025-02-26,CU-10040,Sarah Davis,Corporate,United States,Cleveland,Ohio,Central,PRD-FUR-5967,Furniture,Tables,Tables Basic 838,2,0.1,1370.39,185.62
ORD-100673,2025-11-18,2025-11-23,CU-10124,Patricia Johnson,Consumer,United States,Pittsburgh,Pennsylvania,East,PRD-OFF-7671,Office Supplies,Storage,Storage Standard 383,9,0.15,570.17,-7.79
ORD-100674,2024-02-29,2024-03-01,CU-10212,Michael Wilson,Corporate,United States,Eugene,Oregon,West,PRD-TEC-8547,Technology,Accessories,Accessories Elite 326,4,0.15,484.15,103.65
ORD-100675,2025-05-11,2025-05-17,CU-10168,Jennifer Thomas,Corporate,United States,Nashville,Tennessee,South,PRD-OFF-5189,Office Supplies,Storage,Storage Advanced 942,8,0.0,826.01,154.05
ORD-100676,2025-04-05,2025-04-06,CU-10292,Michael Anderson,Consumer,United States,Worcester,Massachusetts,East,PRD-FUR-8070,Furniture,Bookcases,Bookcases Basic 398,6,0.0,2602.65,421.97
ORD-100677,2025-04-30,2025-05-07,CU-10011,Susan Davis,Corporate,United States,Detroit,Michigan,Central,PRD-TEC-3606,Technology,Machines,Machines Executive 721,2,0.15,2530.6,-153.58
ORD-100678,2025-04-01,2025-04-06,CU-10209,Joseph Lopez,Home Office,United States,Springfield,Illinois,Central,PRD-OFF-9724,Office Supplies,Storage,Storage Advanced 745,2,0.2,134.38,13.59
ORD-100679,2025-03-14,2025-03-16,CU-10206,Patricia Wilson,Corporate,United States,Memphis,Tennessee,South,PRD-FUR-2610,Furniture,Tables,Tables Executive 395,1,0.0,502.77,96.37
ORD-100680,2025-02-24,2025-03-01,CU-10214,Robert Rodriguez,Home Office,United States,Nashville,Tennessee,South,PRD-FUR-6325,Furniture,Tables,Tables Standard 724,10,0.3,3345.0,1079.58
ORD-100681,2024-05-26,2024-05-28,CU-10291,Susan Johnson,Consumer,United States,Orlando,Florida,South,PRD-TEC-4273,Technology,Copiers,Copiers Deluxe 970,3,0.4,714.61,227.65
ORD-100682,2024-10-22,2024-10-24,CU-10150,Karen Johnson,Home Office,United States,New York City,New York,East,PRD-OFF-2821,Office Supplies,Art,Art Deluxe 800,10,0.4,196.9,19.71
ORD-100683,2024-11-09,2024-11-16,CU-10081,Mary Davis,Consumer,United States,Las Vegas,Nevada,West,PRD-TEC-9803,Technology,Phones,Phones Executive 987,9,0.3,957.79,314.91
ORD-100684,2023-09-05,2023-09-11,CU-10273,Karen Moore,Home Office,United States,Worcester,Massachusetts,East,PRD-FUR-3032,Furniture,Bookcases,Bookcases Executive 948,1,0.4,215.32,13.84
ORD-100685,2023-08-01,2023-08-03,CU-10134,Susan Jackson,Corporate,United States,Jersey City,New Jersey,East,PRD-TEC-9053,Technology,Accessories,Accessories Standard 348,8,0.0,7847.61,620.91
ORD-100686,2024-05-16,2024-05-23,CU-10133,Joseph Martinez,Corporate,United States,Cleveland,Ohio,Central,PRD-OFF-6942,Office Supplies,Storage,Storage Basic 708,1,0.1,19.82,5.75
ORD-100687,2024-08-19,2024-08-22,CU-10081,Mary Davis,Home Office,United States,Ann Arbor,Michigan,Central,PRD-OFF-5963,Office Supplies,Paper,Paper Standard 250,10,0.0,491.86,135.49
ORD-100688,2023-10-31,2023-11-05,CU-10006,James Williams,Corporate,United States,Cleveland,Ohio,Central,PRD-TEC-8950,Technology,Machines,Machines Advanced 759,3,0.3,1698.56,480.19
ORD-100689,2023-12-13,2023-12-20,CU-10268,Linda Brown,Corporate,United States,Savannah,Georgia,South,PRD-FUR-6840,Furniture,Chairs,Chairs Advanced 330,5,0.0,1127.32,197.28
ORD-100690,2025-10-18,2025-10-22,CU-10291,Susan Johnson,Corporate,United States,Newark,New Jersey,East,PRD-TEC-1917,Technology,Phones,Phones Executive 741,2,0.0,887.27,297.43
ORD-100691,2025-07-03,2025-07-08,CU-10267,Mary Jackson,Home Office,United States,Spokane,Washington,West,PRD-FUR-4113,Furniture,Tables,Tables Deluxe 806,8,0.15,1365.55,-142.45
ORD-100692,2023-05-11,2023-05-13,CU-10267,Mary Jackson,Consumer,United States,Houston,Texas,Central,PRD-FUR-2907,Furniture,Furnishings,Furnishings Classic 200,9,0.0,7194.55,-372.58
ORD-100693,2025-06-24,2025-06-25,CU-10243,James Martinez,Home Office,United States,San Diego,California,West,PRD-FUR-4191,Furniture,Furnishings,Furnishings Basic 682,1,0.4,326.67,77.98
ORD-100694,2025-07-23,2025-07-24,CU-10128,Jessica Taylor,Home Office,United States,Raleigh,North Carolina,South,PRD-FUR-9242,Furniture,Bookcases,Bookcases Classic 626,5,0.1,3864.24,79.49
ORD-100695,2024-09-24,2024-09-30,CU-10225,Patricia Wilson,Consumer,United States,Jersey City,New Jersey,East,PRD-OFF-8261,Office Supplies,Labels,Labels Classic 607,3,0.0,277.35,86.71
ORD-100696,2024-12-02,2024-12-08,CU-10275,Joseph Garcia,Consumer,United States,Seattle,Washington,West,PRD-FUR-3532,Furniture,Bookcases,Bookcases Basic 427,9,0.1,3653.86,495.11
ORD-100697,2024-10-25,2024-10-27,CU-10098,Linda Martin,Home Office,United States,Atlanta,Georgia,South,PRD-TEC-5306,Technology,Machines,Machines Advanced 628,8,0.15,8028.38,-286.12
ORD-100698,2025-08-24,2025-08-31,CU-10155,Michael Hernandez,Corporate,United States,Springfield,Illinois,Central,PRD-TEC-7697,Technology,Accessories,Accessories Advanced 560,5,0.3,2291.9,-280.41
ORD-100699,2024-12-25,2024-12-31,CU-10071,Thomas Brown,Home Office,United States,Charlotte,North Carolina,South,PRD-FUR-9240,Furniture,Tables,Tables Basic 401,6,0.1,378.69,94.19
ORD-100700,2025-06-20,2025-06-27,CU-10140,Mary Johnson,Consumer,United States,New York City,New York,East,PRD-OFF-7144,Office Supplies,Art,Art Classic 147,7,0.15,651.66,223.82
ORD-100701,2023-05-02,2023-05-03,CU-10028,Mary Davis,Corporate,United States,Cleveland,Ohio,Central,PRD-OFF-5896,Office Supplies,Binders,Binders Classic 237,2,0.0,188.31,54.04
ORD-100702,2024-02-14,2024-02-19,CU-10045,Michael Martin,Home Office,United States,Savannah,Georgia,South,PRD-TEC-6918,Technology,Accessories,Accessories Basic 806,1,0.2,1050.04,345.04
ORD-100703,2025-07-02,2025-07-08,CU-10109,Jessica Anderson,Consumer,United States,Eugene,Oregon,West,PRD-OFF-8001,Office Supplies,Storage,Storage Advanced 303,5,0.0,454.9,77.84
ORD-100704,2025-03-22,2025-03-29,CU-10249,Thomas Taylor,Consumer,United States,Buffalo,New York,East,PRD-TEC-2509,Technology,Copiers,Copiers Pro 616,6,0.0,5300.89,1151.44
ORD-100705,2023-08-19,2023-08-24,CU-10081,Mary Davis,Consumer,United States,Boston,Massachusetts,East,PRD-TEC-6567,Technology,Copiers,Copiers Basic 576,8,0.2,1732.47,-196.61
ORD-100706,2025-07-18,2025-07-23,CU-10221,Patricia Lee,Consumer,United States,Worcester,Massachusetts,East,PRD-TEC-4282,Technology,Copiers,Copiers Pro 108,4,0.2,4129.87,479.82
ORD-100707,2024-12-27,2025-01-02,CU-10295,Richard Taylor,Consumer,United States,Seattle,Washington,West,PRD-OFF-6365,Office Supplies,Paper,Paper Elite 126,9,0.2,735.41,240.72
ORD-100708,2024-10-07,2024-10-09,CU-10106,Sarah Jones,Corporate,United States,Portland,Oregon,West,PRD-OFF-7145,Office Supplies,Paper,Paper Deluxe 890,6,0.0,635.57,169.75
ORD-100709,2023-02-22,2023-02-26,CU-10106,Sarah Jones,Corporate,United States,Orlando,Florida,South,PRD-OFF-4434,Office Supplies,Paper,Paper Deluxe 889,7,0.0,135.34,-9.28
ORD-100710,2023-09-04,2023-09-08,CU-10183,Mary Smith,Consumer,United States,Detroit,Michigan,Central,PRD-FUR-2639,Furniture,Bookcases,Bookcases Classic 361,9,0.3,914.72,45.88
ORD-100711,2024-12-27,2024-12-30,CU-10158,Elizabeth Thomas,Consumer,United States,Worcester,Massachusetts,East,PRD-TEC-5079,Technology,Phones,Phones Executive 996,8,0.2,7090.96,-902.79
ORD-100712,2023-12-30,2024-01-04,CU-10004,Robert Martin,Home Office,United States,Seattle,Washington,West,PRD-OFF-7868,Office Supplies,Binders,Binders Pro 710,4,0.3,226.83,59.34
ORD-100713,2023-12-20,2023-12-22,CU-10265,Linda Garcia,Consumer,United States,Spokane,Washington,West,PRD-FUR-1423,Furniture,Chairs,Chairs Classic 308,5,0.2,1572.42,-213.47
ORD-100714,2024-11-10,2024-11-11,CU-10240,Jennifer Lee,Consumer,United States,Jersey City,New Jersey,East,PRD-TEC-8793,Technology,Copiers,Copiers Standard 261,2,0.0,367.16,-34.44
ORD-100715,2025-08-09,2025-08-13,CU-10274,Susan Jackson,Corporate,United States,Atlanta,Georgia,South,PRD-OFF-4215,Office Supplies,Art,Art Basic 231,6,0.0,282.25,25.09
ORD-100716,2023-09-15,2023-09-17,CU-10263,John Smith,Home Office,United States,Seattle,Washington,West,PRD-FUR-8571,Furniture,Chairs,Chairs Executive 389,10,0.15,1185.27,16.96
ORD-100717,2025-11-30,2025-12-05,CU-10295,Richard Taylor,Corporate,United States,Springfield,Illinois,Central,PRD-OFF-1558,Office Supplies,Paper,Paper Pro 865,7,0.0,674.33,-52.95
ORD-100718,2024-05-02,2024-05-04,CU-10203,Jennifer Hernandez,Corporate,United States,Austin,Texas,Central,PRD-OFF-2930,Office Supplies,Storage,Storage Deluxe 743,10,0.15,1012.86,124.52
ORD-100719,2024-07-26,2024-08-01,CU-10263,John Smith,Corporate,United States,Columbus,Ohio,Central,PRD-OFF-7988,Office Supplies,Art,Art Classic 779,2,0.0,88.75,21.39
ORD-100720,2023-02-22,2023-02-27,CU-10064,James Brown,Consumer,United States,Jersey City,New Jersey,East,PRD-FUR-9269,Furniture,Bookcases,Bookcases Standard 994,6,0.0,1865.86,621.6
ORD-100721,2024-01-09,2024-01-13,CU-10261,Richard Taylor,Consumer,United States,Seattle,Washington,West,PRD-FUR-9697,Furniture,Bookcases,Bookcases Standard 676,9,0.1,4019.94,791.31
ORD-100722,2023-12-08,2023-12-11,CU-10081,Mary Davis,Home Office,United States,Newark,New Jersey,East,PRD-FUR-8667,Furniture,Furnishings,Furnishings Deluxe 385,1,0.3,605.64,179.8
ORD-100723,2024-10-21,2024-10-23,CU-10153,Charles Moore,Home Office,United States,Buffalo,New York,East,PRD-TEC-3625,Technology,Accessories,Accessories Deluxe 851,10,0.0,11449.96,-894.29
ORD-100724,2024-05-11,2024-05-15,CU-10081,Mary Davis,Consumer,United States,Nashville,Tennessee,South,PRD-OFF-3333,Office Supplies,Binders,Binders Deluxe 382,3,0.0,57.6,-2.71
ORD-100725,2024-07-18,2024-07-25,CU-10167,Barbara Martinez,Home Office,United States,Buffalo,New York,East,PRD-FUR-6593,Furniture,Furnishings,Furnishings Deluxe 776,8,0.4,1459.19,-106.76
ORD-100726,2024-07-11,2024-07-12,CU-10195,Barbara Johnson,Corporate,United States,Austin,Texas,Central,PRD-OFF-9102,Office Supplies,Labels,Labels Standard 997,8,0.2,197.33,-5.79
ORD-100727,2025-06-04,2025-06-08,CU-10029,Elizabeth Williams,Corporate,United States,Pittsburgh,Pennsylvania,East,PRD-TEC-9109,Technology,Accessories,Accessories Executive 782,5,0.4,589.92,-16.89
ORD-100728,2024-03-29,2024-04-03,CU-10222,Susan Lopez,Corporate,United States,Austin,Texas,Central,PRD-TEC-2924,Technology,Copiers,Copiers Executive 143,10,0.0,9818.83,1353.16
ORD-100729,2024-05-03,2024-05-06,CU-10297,Elizabeth Wilson,Corporate,United States,Nashville,Tennessee,South,PRD-TEC-1420,Technology,Copiers,Copiers Classic 687,9,0.3,7670.69,1415.5
ORD-100730,2024-03-18,2024-03-23,CU-10092,Barbara Thomas,Corporate,United States,Philadelphia,Pennsylvania,East,PRD-OFF-1783,Office Supplies,Binders,Binders Classic 969,5,0.1,375.96,-4.39
ORD-100731,2024-10-26,2024-10-30,CU-10134,Susan Jackson,Home Office,United States,Spokane,Washington,West,PRD-OFF-6010,Office Supplies,Storage,Storage Standard 964,8,0.1,312.36,2.58
ORD-100732,2023-07-27,2023-08-02,CU-10046,David Miller,Home Office,United States,Raleigh,North Carolina,South,PRD-FUR-6288,Furniture,Furnishings,Furnishings Deluxe 371,8,0.0,2784.04,917.77
ORD-100733,2023-02-02,2023-02-03,CU-10097,Charles Jackson,Corporate,United States,Columbus,Ohio,Central,PRD-TEC-6573,Technology,Phones,Phones Deluxe 195,2,0.15,1719.76,-132.62
ORD-100734,2025-12-27,2025-12-30,CU-10203,Jennifer Hernandez,Home Office,United States,Las Vegas,Nevada,West,PRD-OFF-4677,Office Supplies,Labels,Labels Elite 431,4,0.15,32.94,-4.51
ORD-100735,2024-03-24,2024-03-26,CU-10115,Mary Wilson,Consumer,United States,Atlanta,Georgia,South,PRD-OFF-9496,Office Supplies,Paper,Paper Pro 978,10,0.1,499.31,28.04
ORD-100736,2025-03-29,2025-04-04,CU-10294,James Martin,Corporate,United States,Raleigh,North Carolina,South,PRD-OFF-5045,Office Supplies,Storage,Storage Advanced 340,6,0.2,66.53,18.63
ORD-100737,2023-09-21,2023-09-22,CU-10259,Joseph Anderson,Home Office,United States,Charlotte,North Carolina,South,PRD-FUR-2059,Furniture,Bookcases,Bookcases Deluxe 576,5,0.4,1614.36,234.94
ORD-100738,2023-12-17,2023-12-18,CU-10286,Linda Wilson,Corporate,United States,Orlando,Florida,South,PRD-TEC-9041,Technology,Machines,Machines Elite 798,6,0.0,5256.86,1087.15
ORD-100739,2025-06-01,2025-06-07,CU-10068,Jennifer Thomas,Corporate,United States,Savannah,Georgia,South,PRD-TEC-1867,Technology,Accessories,Accessories Advanced 338,10,0.2,5122.85,1441.4
ORD-100740,2025-01-03,2025-01-08,CU-10061,Richard Lee,Home Office,United States,Buffalo,New York,East,PRD-FUR-2542,Furniture,Tables,Tables Deluxe 715,3,0.0,2281.14,36.26
ORD-100741,2025-04-06,2025-04-11,CU-10198,Barbara Jackson,Consumer,United States,Memphis,Tennessee,South,PRD-OFF-7576,Office Supplies,Paper,Paper Elite 418,6,0.0,326.95,-18.87
ORD-100742,2024-02-15,2024-02-17,CU-10179,William Moore,Consumer,United States,Pittsburgh,Pennsylvania,East,PRD-TEC-9669,Technology,Accessories,Accessories Pro 720,1,0.0,591.06,-88.15
ORD-100743,2023-01-26,2023-01-27,CU-10167,Barbara Martinez,Home Office,United States,Charlotte,North Carolina,South,PRD-TEC-3534,Technology,Accessories,Accessories Elite 276,4,0.2,2643.39,-268.35
ORD-100744,2025-02-05,2025-02-10,CU-10090,Sarah Miller,Corporate,United States,Atlanta,Georgia,South,PRD-FUR-9153,Furniture,Chairs,Chairs Elite 926,5,0.0,4223.89,1267.65
ORD-100745,2024-01-31,2024-02-05,CU-10079,Patricia Lopez,Corporate,United States,Ann Arbor,Michigan,Central,PRD-FUR-1960,Furniture,Chairs,Chairs Advanced 352,6,0.3,714.73,-92.35
ORD-100746,2025-09-10,2025-09-17,CU-10050,Linda Jackson,Home Office,United States,Pittsburgh,Pennsylvania,East,PRD-TEC-7177,Technology,Machines,Machines Basic 428,3,0.3,2980.23,155.33
ORD-100747,2023-06-18,2023-06-22,CU-10012,Joseph Martin,Home Office,United States,Orlando,Florida,South,PRD-OFF-1682,Office Supplies,Labels,Labels Executive 413,8,0.0,749.08,85.23
ORD-100748,2024-01-21,2024-01-22,CU-10157,Richard Jones,Home Office,United States,Portland,Oregon,West,PRD-FUR-9584,Furniture,Chairs,Chairs Basic 494,4,0.3,977.2,214.27
ORD-100749,2024-01-01,2024-01-06,CU-10189,Robert Jones,Corporate,United States,Newark,New Jersey,East,PRD-FUR-4375,Furniture,Tables,Tables Advanced 174,4,0.0,1883.94,585.99
ORD-100750,2023-08-27,2023-08-30,CU-10002,Linda Jones,Corporate,United States,Portland,Oregon,West,PRD-FUR-6074,Furniture,Bookcases,Bookcases Executive 145,3,0.3,357.88,68.07
ORD-100751,2024-02-24,2024-03-01,CU-10139,Mary Hernandez,Corporate,United States,Orlando,Florida,South,PRD-OFF-8358,Office Supplies,Storage,Storage Deluxe 936,8,0.0,49.6,9.82
ORD-100752,2023-09-21,2023-09-27,CU-10114,Mary Brown,Consumer,United States,New York City,New York,East,PRD-OFF-5693,Office Supplies,Binders,Binders Standard 649,6,0.3,378.46,-2.88
ORD-100753,2024-08-06,2024-08-13,CU-10291,Susan Johnson,Corporate,United States,Houston,Texas,Central,PRD-FUR-7358,Furniture,Chairs,Chairs Classic 305,3,0.0,1471.48,-52.5
ORD-100754,2024-01-13,2024-01-14,CU-10034,Barbara Miller,Corporate,United States,Reno,Nevada,West,PRD-TEC-1716,Technology,Machines,Machines Classic 711,1,0.1,1316.73,279.75
ORD-100755,2023-01-30,2023-02-01,CU-10174,Patricia Brown,Corporate,United States,Springfield,Illinois,Central,PRD-FUR-8190,Furniture,Chairs,Chairs Executive 489,3,0.1,2307.95,41.41
ORD-100756,2023-02-21,2023-02-28,CU-10225,Patricia Wilson,Home Office,United States,Jersey City,New Jersey,East,PRD-FUR-6270,Furniture,Tables,Tables Advanced 158,2,0.0,1264.1,268.04
ORD-100757,2025-01-28,2025-01-29,CU-10073,Karen Miller,Corporate,United States,Newark,New Jersey,East,PRD-FUR-8805,Furniture,Chairs,Chairs Executive 887,10,0.0,1516.96,-212.53
ORD-100758,2025-03-01,2025-03-04,CU-10198,Barbara Jackson,Home Office,United States,Savannah,Georgia,South,PRD-OFF-3856,Office Supplies,Storage,Storage Classic 590,3,0.15,270.65,45.62
ORD-100759,2025-03-06,2025-03-09,CU-10082,Charles Williams,Corporate,United States,Dallas,Texas,Central,PRD-FUR-7648,Furniture,Chairs,Chairs Classic 520,9,0.2,5572.3,-256.04
ORD-100760,2025-05-12,2025-05-16,CU-10235,Elizabeth Anderson,Corporate,United States,Memphis,Tennessee,South,PRD-OFF-6954,Office Supplies,Storage,Storage Advanced 781,7,0.1,415.44,55.75
ORD-100761,2025-08-06,2025-08-11,CU-10209,Joseph Lopez,Corporate,United States,Columbus,Ohio,Central,PRD-FUR-4558,Furniture,Furnishings,Furnishings Elite 655,8,0.3,1709.52,-212.93
ORD-100762,2024-11-22,2024-11-27,CU-10080,Elizabeth Davis,Corporate,United States,Nashville,Tennessee,South,PRD-FUR-4240,Furniture,Tables,Tables Executive 681,3,0.0,846.97,144.51
ORD-100763,2023-11-05,2023-11-09,CU-10162,Patricia Williams,Corporate,United States,Atlanta,Georgia,South,PRD-OFF-2473,Office Supplies,Labels,Labels Pro 792,2,0.0,29.72,0.47
ORD-100764,2024-10-03,2024-10-06,CU-10103,Robert Moore,Consumer,United States,Spokane,Washington,West,PRD-OFF-3618,Office Supplies,Labels,Labels Advanced 697,8,0.0,687.31,172.63
ORD-100765,2023-11-08,2023-11-10,CU-10212,Michael Wilson,Home Office,United States,Boston,Massachusetts,East,PRD-TEC-1645,Technology,Copiers,Copiers Basic 806,4,0.4,630.33,-63.96
ORD-100766,2023-10-05,2023-10-09,CU-10242,Richard Jackson,Consumer,United States,Nashville,Tennessee,South,PRD-TEC-2392,Technology,Accessories,Accessories Classic 698,10,0.2,11655.44,3412.74
ORD-100767,2025-01-27,2025-01-28,CU-10090,Sarah Miller,Consumer,United States,Eugene,Oregon,West,PRD-FUR-6983,Furniture,Tables,Tables Advanced 399,2,0.3,492.11,170.2
ORD-100768,2024-06-01,2024-06-03,CU-10262,Richard Davis,Corporate,United States,Dallas,Texas,Central,PRD-FUR-8505,Furniture,Chairs,Chairs Deluxe 817,5,0.15,1163.0,261.67
ORD-100769,2023-06-14,2023-06-17,CU-10282,Linda Rodriguez,Home Office,United States,Newark,New Jersey,East,PRD-TEC-6499,Technology,Phones,Phones Basic 489,4,0.15,347.4,68.93
ORD-100770,2025-01-21,2025-01-28,CU-10262,Richard Davis,Consumer,United States,Memphis,Tennessee,South,PRD-OFF-6220,Office Supplies,Storage,Storage Deluxe 600,5,0.0,550.18,139.05
ORD-100771,2025-11-08,2025-11-09,CU-10011,Susan Davis,Consumer,United States,Los Angeles,California,West,PRD-FUR-6589,Furniture,Bookcases,Bookcases Elite 257,10,0.0,7312.38,1546.96
ORD-100772,2023-05-25,2023-05-27,CU-10298,Susan Jackson,Home Office,United States,Charlotte,North Carolina,South,PRD-FUR-4818,Furniture,Chairs,Chairs Standard 304,2,0.3,290.83,71.48
ORD-100773,2024-03-06,2024-03-07,CU-10040,Sarah Davis,Corporate,United States,Charlotte,North Carolina,South,PRD-FUR-1103,Furniture,Furnishings,Furnishings Standard 580,5,0.4,2015.49,-115.96
ORD-100774,2023-06-12,2023-06-14,CU-10101,Linda Williams,Home Office,United States,Chicago,Illinois,Central,PRD-FUR-9301,Furniture,Chairs,Chairs Deluxe 291,6,0.15,3533.5,532.77
ORD-100775,2024-08-07,2024-08-09,CU-10218,Patricia Rodriguez,Home Office,United States,Columbus,Ohio,Central,PRD-FUR-8046,Furniture,Bookcases,Bookcases Basic 872,3,0.0,314.87,50.35
ORD-100776,2023-06-13,2023-06-19,CU-10228,Susan Smith,Home Office,United States,Buffalo,New York,East,PRD-OFF-5919,Office Supplies,Labels,Labels Elite 682,5,0.4,125.08,4.41
ORD-100777,2025-09-28,2025-10-01,CU-10279,Jessica Davis,Consumer,United States,Seattle,Washington,West,PRD-TEC-8608,Technology,Accessories,Accessories Executive 576,8,0.3,7955.13,650.82
ORD-100778,2025-07-15,2025-07-17,CU-10072,Elizabeth Moore,Consumer,United States,Nashville,Tennessee,South,PRD-OFF-4013,Office Supplies,Art,Art Standard 509,6,0.0,576.05,-42.9
ORD-100779,2024-03-20,2024-03-21,CU-10008,Thomas Lee,Corporate,United States,Nashville,Tennessee,South,PRD-OFF-8971,Office Supplies,Paper,Paper Pro 609,7,0.15,597.53,-21.59
ORD-100780,2025-10-19,2025-10-23,CU-10222,Susan Lopez,Corporate,United States,Las Vegas,Nevada,West,PRD-FUR-7821,Furniture,Chairs,Chairs Advanced 822,8,0.4,2719.9,684.9
ORD-100781,2025-10-01,2025-10-02,CU-10157,Richard Jones,Home Office,United States,Eugene,Oregon,West,PRD-TEC-8758,Technology,Copiers,Copiers Elite 713,3,0.0,1774.09,61.71
ORD-100782,2023-05-10,2023-05-11,CU-10228,Susan Smith,Consumer,United States,Detroit,Michigan,Central,PRD-OFF-3082,Office Supplies,Paper,Paper Advanced 749,8,0.2,440.48,87.73
ORD-100783,2024-10-21,2024-10-28,CU-10293,Richard Martin,Corporate,United States,Seattle,Washington,West,PRD-TEC-9043,Technology,Copiers,Copiers Pro 420,9,0.2,1908.83,-208.72
ORD-100784,2025-08-05,2025-08-10,CU-10136,Michael Martinez,Consumer,United States,Worcester,Massachusetts,East,PRD-OFF-8906,Office Supplies,Paper,Paper Advanced 968,1,0.2,24.55,6.44
ORD-100785,2023-10-27,2023-11-03,CU-10139,Mary Hernandez,Home Office,United States,Ann Arbor,Michigan,Central,PRD-TEC-9259,Technology,Machines,Machines Deluxe 711,10,0.1,10048.21,1122.9
ORD-100786,2024-08-01,2024-08-03,CU-10192,Sarah Jones,Corporate,United States,Orlando,Florida,South,PRD-FUR-3418,Furniture,Tables,Tables Basic 125,1,0.4,362.33,86.2
ORD-100787,2025-07-03,2025-07-09,CU-10195,Barbara Johnson,Consumer,United States,Reno,Nevada,West,PRD-OFF-6349,Office Supplies,Art,Art Basic 302,10,0.0,237.34,-20.9
ORD-100788,2025-09-04,2025-09-07,CU-10072,Elizabeth Moore,Home Office,United States,Detroit,Michigan,Central,PRD-OFF-1645,Office Supplies,Storage,Storage Executive 282,6,0.2,443.81,58.94
ORD-100789,2025-11-13,2025-11-14,CU-10067,Elizabeth Anderson,Consumer,United States,Miami,Florida,South,PRD-FUR-2139,Furniture,Chairs,Chairs Standard 830,4,0.0,512.32,28.85
ORD-100790,2025-10-05,2025-10-09,CU-10279,Jessica Davis,Home Office,United States,Worcester,Massachusetts,East,PRD-FUR-1396,Furniture,Chairs,Chairs Deluxe 559,3,0.1,399.5,-48.64
ORD-100791,2023-04-18,2023-04-24,CU-10115,Mary Wilson,Consumer,United States,Miami,Florida,South,PRD-FUR-5745,Furniture,Tables,Tables Standard 612,6,0.0,1947.05,204.68
ORD-100792,2025-10-05,2025-10-06,CU-10212,Michael Wilson,Home Office,United States,New York City,New York,East,PRD-FUR-3689,Furniture,Tables,Tables Deluxe 696,8,0.2,358.91,37.53
ORD-100793,2025-03-24,2025-03-26,CU-10077,Karen Hernandez,Home Office,United States,Pittsburgh,Pennsylvania,East,PRD-OFF-5675,Office Supplies,Labels,Labels Executive 263,4,0.15,117.2,5.43
ORD-100794,2025-07-13,2025-07-14,CU-10228,Susan Smith,Consumer,United States,Atlanta,Georgia,South,PRD-FUR-5970,Furniture,Furnishings,Furnishings Elite 860,4,0.1,792.44,232.44
ORD-100795,2025-01-09,2025-01-13,CU-10027,Michael Williams,Home Office,United States,Portland,Oregon,West,PRD-FUR-8501,Furniture,Bookcases,Bookcases Pro 321,3,0.3,1640.74,344.53
ORD-100796,2025-03-11,2025-03-16,CU-10084,Robert Jackson,Home Office,United States,Memphis,Tennessee,South,PRD-FUR-7249,Furniture,Chairs,Chairs Elite 100,1,0.0,576.39,0.99
ORD-100797,2023-11-23,2023-11-24,CU-10027,Michael Williams,Corporate,United States,Chicago,Illinois,Central,PRD-TEC-5304,Technology,Accessories,Accessories Elite 386,7,0.0,705.18,0.72
ORD-100798,2025-07-24,2025-07-31,CU-10104,Linda Rodriguez,Consumer,United States,Buffalo,New York,East,PRD-FUR-8859,Furniture,Chairs,Chairs Elite 842,4,0.15,1485.66,-22.24
ORD-100799,2023-05-10,2023-05-16,CU-10078,Jessica Smith,Home Office,United States,San Francisco,California,West,PRD-OFF-5601,Office Supplies,Binders,Binders Pro 609,7,0.0,367.0,65.44
ORD-100800,2024-07-30,2024-08-05,CU-10245,Susan Martin,Home Office,United States,Portland,Oregon,West,PRD-OFF-9004,Office Supplies,Paper,Paper Deluxe 806,8,0.3,669.32,86.66
ORD-100801,2024-04-19,2024-04-25,CU-10024,Robert Jackson,Home Office,United States,Columbus,Ohio,Central,PRD-OFF-6681,Office Supplies,Art,Art Classic 657,3,0.0,326.13,3.38
ORD-100802,2025-04-13,2025-04-15,CU-10297,Elizabeth Wilson,Corporate,United States,Raleigh,North Carolina,South,PRD-OFF-6452,Office Supplies,Paper,Paper Classic 791,9,0.15,884.03,258.48
ORD-100803,2025-01-04,2025-01-10,CU-10238,John Miller,Corporate,United States,Atlanta,Georgia,South,PRD-TEC-7493,Technology,Machines,Machines Advanced 653,3,0.1,3960.86,1039.1
ORD-100804,2023-06-17,2023-06-24,CU-10214,Robert Rodriguez,Home Office,United States,New York City,New York,East,PRD-FUR-7116,Furniture,Bookcases,Bookcases Standard 857,4,0.2,2020.51,436.28
ORD-100805,2025-03-19,2025-03-24,CU-10201,Jennifer Garcia,Home Office,United States,Eugene,Oregon,West,PRD-FUR-2183,Furniture,Tables,Tables Classic 259,4,0.0,2635.09,257.19
ORD-100806,2024-09-19,2024-09-21,CU-10207,Mary Taylor,Consumer,United States,Chicago,Illinois,Central,PRD-FUR-2948,Furniture,Chairs,Chairs Pro 402,2,0.0,452.05,-10.53
ORD-100807,2025-05-14,2025-05-17,CU-10206,Patricia Wilson,Corporate,United States,Pittsburgh,Pennsylvania,East,PRD-OFF-1516,Office Supplies,Paper,Paper Basic 538,10,0.0,600.21,113.78
ORD-100808,2025-10-20,2025-10-23,CU-10179,William Moore,Corporate,United States,Pittsburgh,Pennsylvania,East,PRD-TEC-7225,Technology,Phones,Phones Executive 805,10,0.4,8750.85,3039.34
ORD-100809,2023-03-21,2023-03-25,CU-10044,William Williams,Consumer,United States,Charlotte,North Carolina,South,PRD-FUR-8392,Furniture,Chairs,Chairs Classic 488,6,0.15,1301.38,164.38
ORD-100810,2024-03-19,2024-03-24,CU-10210,Elizabeth Davis,Home Office,United States,New York City,New York,East,PRD-TEC-2927,Technology,Phones,Phones Classic 170,9,0.0,7823.9,-183.06
ORD-100811,2025-11-24,2025-11-28,CU-10089,Susan Miller,Consumer,United States,Charlotte,North Carolina,South,PRD-OFF-1093,Office Supplies,Labels,Labels Advanced 536,2,0.4,139.66,13.01
ORD-100812,2025-03-04,2025-03-11,CU-10090,Sarah Miller,Consumer,United States,Orlando,Florida,South,PRD-FUR-1387,Furniture,Bookcases,Bookcases Classic 334,8,0.0,5897.25,-474.12
ORD-100813,2025-06-16,2025-06-20,CU-10187,Susan Jackson,Home Office,United States,Tampa,Florida,South,PRD-TEC-5305,Technology,Accessories,Accessories Elite 528,8,0.0,8543.75,-1003.14
ORD-100814,2025-01-02,2025-01-06,CU-10205,William Garcia,Consumer,United States,Seattle,Washington,West,PRD-FUR-4039,Furniture,Chairs,Chairs Standard 780,4,0.15,1459.24,129.78
ORD-100815,2025-04-26,2025-04-27,CU-10286,Linda Wilson,Consumer,United States,Newark,New Jersey,East,PRD-OFF-1145,Office Supplies,Paper,Paper Executive 111,6,0.15,487.71,69.64
ORD-100816,2024-09-13,2024-09-20,CU-10070,Thomas Garcia,Consumer,United States,Springfield,Illinois,Central,PRD-FUR-3080,Furniture,Furnishings,Furnishings Classic 590,4,0.0,536.76,-41.3
ORD-100817,2025-11-10,2025-11-12,CU-10034,Barbara Miller,Consumer,United States,Tampa,Florida,South,PRD-FUR-1453,Furniture,Furnishings,Furnishings Advanced 330,5,0.2,1581.73,380.12
ORD-100818,2024-01-30,2024-02-05,CU-10191,Barbara Martin,Home Office,United States,Nashville,Tennessee,South,PRD-FUR-1506,Furniture,Furnishings,Furnishings Executive 761,3,0.0,765.42,50.8
ORD-100819,2025-05-04,2025-05-05,CU-10287,John Miller,Corporate,United States,Newark,New Jersey,East,PRD-OFF-8699,Office Supplies,Art,Art Basic 575,6,0.15,339.45,94.26
ORD-100820,2025-11-13,2025-11-17,CU-10197,Linda Brown,Consumer,United States,Reno,Nevada,West,PRD-TEC-9413,Technology,Copiers,Copiers Advanced 645,9,0.15,7361.03,2115.38
ORD-100821,2024-04-11,2024-04-14,CU-10165,John Lopez,Corporate,United States,Spokane,Washington,West,PRD-FUR-5833,Furniture,Bookcases,Bookcases Executive 385,5,0.0,2790.48,700.75
ORD-100822,2024-01-25,2024-01-31,CU-10185,William Garcia,Home Office,United States,Springfield,Illinois,Central,PRD-TEC-9142,Technology,Machines,Machines Elite 841,5,0.2,4781.68,-279.54
ORD-100823,2025-02-06,2025-02-08,CU-10200,John Davis,Home Office,United States,Raleigh,North Carolina,South,PRD-OFF-4095,Office Supplies,Paper,Paper Basic 720,2,0.3,162.61,-24.13
ORD-100824,2024-06-05,2024-06-09,CU-10232,David Lee,Corporate,United States,Detroit,Michigan,Central,PRD-FUR-1892,Furniture,Furnishings,Furnishings Classic 709,2,0.0,909.83,-80.56
ORD-100825,2023-03-26,2023-04-02,CU-10035,William Williams,Home Office,United States,Austin,Texas,Central,PRD-OFF-5541,Office Supplies,Paper,Paper Elite 860,7,0.0,752.51,-70.95
ORD-100826,2024-08-05,2024-08-09,CU-10123,Joseph Jackson,Home Office,United States,Spokane,Washington,West,PRD-OFF-1285,Office Supplies,Paper,Paper Standard 123,9,0.3,583.82,-28.27
ORD-100827,2023-11-25,2023-11-26,CU-10292,Michael Anderson,Consumer,United States,Detroit,Michigan,Central,PRD-FUR-4912,Furniture,Furnishings,Furnishings Deluxe 347,8,0.15,3863.53,-372.08
ORD-100828,2024-09-23,2024-09-27,CU-10296,James Lopez,Consumer,United States,Nashville,Tennessee,South,PRD-FUR-5451,Furniture,Chairs,Chairs Executive 829,8,0.3,2386.43,-330.49
ORD-100829,2024-02-25,2024-03-02,CU-10251,Elizabeth Moore,Consumer,United States,Raleigh,North Carolina,South,PRD-OFF-7619,Office Supplies,Labels,Labels Executive 958,8,0.3,268.19,-17.65
ORD-100830,2024-02-29,2024-03-02,CU-10160,James Thomas,Consumer,United States,Ann Arbor,Michigan,Central,PRD-TEC-2059,Technology,Accessories,Accessories Deluxe 488,10,0.1,9408.72,1625.25
ORD-100831,2025-07-15,2025-07-21,CU-10011,Susan Davis,Corporate,United States,Raleigh,North Carolina,South,PRD-FUR-5257,Furniture,Furnishings,Furnishings Executive 841,8,0.1,5924.23,-91.47
ORD-100832,2025-09-07,2025-09-09,CU-10086,Jessica Jackson,Corporate,United States,Seattle,Washington,West,PRD-OFF-5180,Office Supplies,Binders,Binders Deluxe 192,3,0.0,254.88,28.71
ORD-100833,2025-07-16,2025-07-18,CU-10150,Karen Johnson,Consumer,United States,Reno,Nevada,West,PRD-FUR-8704,Furniture,Furnishings,Furnishings Basic 270,9,0.0,960.86,-5.65
ORD-100834,2025-05-16,2025-05-18,CU-10120,Susan Garcia,Consumer,United States,Newark,New Jersey,East,PRD-FUR-4060,Furniture,Bookcases,Bookcases Standard 646,2,0.0,1424.4,-104.89
ORD-100835,2024-05-18,2024-05-25,CU-10004,Robert Martin,Home Office,United States,Springfield,Illinois,Central,PRD-FUR-5575,Furniture,Chairs,Chairs Executive 238,3,0.2,218.62,29.94
ORD-100836,2025-08-05,2025-08-07,CU-10232,David Lee,Consumer,United States,San Diego,California,West,PRD-FUR-7617,Furniture,Chairs,Chairs Elite 486,3,0.3,106.02,13.27
ORD-100837,2025-12-11,2025-12-15,CU-10266,Thomas Thomas,Home Office,United States,Ann Arbor,Michigan,Central,PRD-OFF-7756,Office Supplies,Paper,Paper Classic 229,1,0.15,62.88,-5.8
ORD-100838,2025-02-22,2025-02-26,CU-10153,Charles Moore,Corporate,United States,Dallas,Texas,Central,PRD-FUR-5947,Furniture,Chairs,Chairs Deluxe 545,3,0.0,1297.35,226.43
ORD-100839,2025-03-22,2025-03-24,CU-10072,Elizabeth Moore,Corporate,United States,Jersey City,New Jersey,East,PRD-OFF-3384,Office Supplies,Art,Art Classic 829,8,0.0,228.32,-6.24
ORD-100840,2023-07-27,2023-07-30,CU-10191,Barbara Martin,Corporate,United States,Pittsburgh,Pennsylvania,East,PRD-TEC-6430,Technology,Copiers,Copiers Elite 712,5,0.4,2225.42,-258.42
ORD-100841,2024-02-01,2024-02-04,CU-10259,Joseph Anderson,Consumer,United States,Los Angeles,California,West,PRD-TEC-8541,Technology,Accessories,Accessories Pro 125,9,0.3,535.52,9.11
ORD-100842,2024-12-11,2024-12-16,CU-10167,Barbara Martinez,Home Office,United States,Columbus,Ohio,Central,PRD-TEC-3512,Technology,Phones,Phones Classic 876,8,0.0,8129.31,2839.75
ORD-100843,2025-02-12,2025-02-15,CU-10225,Patricia Wilson,Consumer,United States,Chicago,Illinois,Central,PRD-FUR-4172,Furniture,Furnishings,Furnishings Basic 503,4,0.1,308.19,18.24
ORD-100844,2025-05-05,2025-05-12,CU-10077,Karen Hernandez,Consumer,United States,Charlotte,North Carolina,South,PRD-FUR-9085,Furniture,Tables,Tables Pro 371,8,0.0,5751.68,1796.89
ORD-100845,2023-08-22,2023-08-23,CU-10235,Elizabeth Anderson,Corporate,United States,Cleveland,Ohio,Central,PRD-TEC-5018,Technology,Accessories,Accessories Advanced 639,3,0.15,2308.21,584.2
ORD-100846,2024-04-08,2024-04-15,CU-10011,Susan Davis,Corporate,United States,Memphis,Tennessee,South,PRD-TEC-3424,Technology,Accessories,Accessories Classic 841,7,0.15,7213.94,-697.96
ORD-100847,2024-04-02,2024-04-09,CU-10112,Barbara Anderson,Consumer,United States,Las Vegas,Nevada,West,PRD-TEC-2086,Technology,Accessories,Accessories Executive 860,7,0.0,1173.46,189.55
ORD-100848,2024-10-04,2024-10-05,CU-10223,David Anderson,Corporate,United States,Nashville,Tennessee,South,PRD-OFF-7640,Office Supplies,Binders,Binders Advanced 479,2,0.3,85.33,12.31
ORD-100849,2025-05-30,2025-06-06,CU-10120,Susan Garcia,Corporate,United States,Chicago,Illinois,Central,PRD-FUR-9071,Furniture,Bookcases,Bookcases Executive 973,2,0.0,271.12,32.58
ORD-100850,2023-07-09,2023-07-16,CU-10077,Karen Hernandez,Consumer,United States,Buffalo,New York,East,PRD-FUR-6075,Furniture,Tables,Tables Basic 963,6,0.0,3761.57,-488.2
ORD-100851,2024-11-07,2024-11-08,CU-10019,Patricia Lopez,Consumer,United States,New York City,New York,East,PRD-FUR-8574,Furniture,Furnishings,Furnishings Classic 210,5,0.15,2356.05,-190.11
ORD-100852,2024-06-16,2024-06-18,CU-10263,John Smith,Home Office,United States,Boston,Massachusetts,East,PRD-OFF-6020,Office Supplies,Binders,Binders Executive 972,6,0.2,407.59,132.81
ORD-100853,2024-08-24,2024-08-30,CU-10205,William Garcia,Home Office,United States,Savannah,Georgia,South,PRD-OFF-8355,Office Supplies,Paper,Paper Deluxe 572,3,0.0,27.7,-2.11
ORD-100854,2023-09-16,2023-09-18,CU-10037,Sarah Davis,Home Office,United States,Cleveland,Ohio,Central,PRD-FUR-4436,Furniture,Furnishings,Furnishings Executive 519,2,0.15,1428.67,455.34
ORD-100855,2025-08-27,2025-09-02,CU-10017,David Brown,Consumer,United States,Springfield,Illinois,Central,PRD-OFF-6301,Office Supplies,Binders,Binders Pro 132,5,0.3,344.54,83.33
ORD-100856,2025-07-09,2025-07-11,CU-10167,Barbara Martinez,Consumer,United States,Charlotte,North Carolina,South,PRD-FUR-9115,Furniture,Bookcases,Bookcases Executive 195,8,0.0,6353.54,-190.53
ORD-100857,2024-07-23,2024-07-25,CU-10092,Barbara Thomas,Home Office,United States,Miami,Florida,South,PRD-OFF-6447,Office Supplies,Storage,Storage Advanced 445,1,0.1,84.36,-3.75
ORD-100858,2025-10-31,2025-11-03,CU-10271,Sarah Lee,Home Office,United States,Savannah,Georgia,South,PRD-FUR-7836,Furniture,Furnishings,Furnishings Basic 651,8,0.0,702.69,61.32
ORD-100859,2025-08-07,2025-08-12,CU-10292,Michael Anderson,Corporate,United States,Portland,Oregon,West,PRD-OFF-1664,Office Supplies,Storage,Storage Pro 936,4,0.0,286.6,33.07
ORD-100860,2024-03-30,2024-04-06,CU-10230,Michael Lopez,Corporate,United States,Las Vegas,Nevada,West,PRD-FUR-1838,Furniture,Chairs,Chairs Basic 648,9,0.15,6494.31,1522.59
ORD-100861,2025-10-14,2025-10-19,CU-10109,Jessica Anderson,Corporate,United States,Houston,Texas,Central,PRD-TEC-1338,Technology,Accessories,Accessories Standard 658,4,0.1,1896.2,613.02
ORD-100862,2023-07-23,2023-07-25,CU-10132,Richard Rodriguez,Corporate,United States,Eugene,Oregon,West,PRD-FUR-3548,Furniture,Furnishings,Furnishings Deluxe 846,3,0.0,1071.65,-119.9
ORD-100863,2023-09-06,2023-09-13,CU-10001,William Davis,Consumer,United States,San Francisco,California,West,PRD-FUR-5559,Furniture,Furnishings,Furnishings Advanced 224,9,0.0,6309.9,571.81
ORD-100864,2023-06-20,2023-06-23,CU-10047,Jessica Wilson,Consumer,United States,Springfield,Illinois,Central,PRD-TEC-6757,Technology,Accessories,Accessories Pro 735,2,0.1,982.88,87.82
ORD-100865,2023-03-03,2023-03-06,CU-10199,Susan Lee,Corporate,United States,Tampa,Florida,South,PRD-FUR-9099,Furniture,Tables,Tables Deluxe 735,8,0.1,5093.6,1361.29
ORD-100866,2025-07-26,2025-07-30,CU-10164,Thomas Rodriguez,Consumer,United States,Chicago,Illinois,Central,PRD-OFF-1121,Office Supplies,Paper,Paper Pro 684,6,0.2,390.85,22.58
ORD-100867,2024-10-07,2024-10-14,CU-10237,Elizabeth Jackson,Home Office,United States,Newark,New Jersey,East,PRD-TEC-1532,Technology,Phones,Phones Standard 584,8,0.0,9234.37,1500.34
ORD-100868,2024-10-11,2024-10-13,CU-10159,David Williams,Consumer,United States,Charlotte,North Carolina,South,PRD-FUR-9699,Furniture,Bookcases,Bookcases Standard 812,5,0.3,2601.69,886.28
ORD-100869,2025-01-15,2025-01-16,CU-10255,Michael Jones,Consumer,United States,Cleveland,Ohio,Central,PRD-FUR-2559,Furniture,Bookcases,Bookcases Advanced 289,2,0.0,1578.16,49.34
ORD-100870,2024-06-25,2024-07-02,CU-10170,Karen Moore,Home Office,United States,Houston,Texas,Central,PRD-FUR-9993,Furniture,Chairs,Chairs Deluxe 150,5,0.0,1573.83,402.57
ORD-100871,2024-08-31,2024-09-05,CU-10152,Susan Martin,Corporate,United States,Boston,Massachusetts,East,PRD-OFF-8814,Office Supplies,Binders,Binders Advanced 375,1,0.0,15.85,-1.53
ORD-100872,2023-03-29,2023-04-02,CU-10184,David Jones,Consumer,United States,Orlando,Florida,South,PRD-TEC-1275,Technology,Machines,Machines Elite 442,3,0.0,3198.03,529.02
ORD-100873,2025-08-21,2025-08-23,CU-10064,James Brown,Consumer,United States,Spokane,Washington,West,PRD-TEC-9647,Technology,Accessories,Accessories Deluxe 604,9,0.3,5917.11,-318.13
ORD-100874,2024-08-22,2024-08-25,CU-10069,James Rodriguez,Corporate,United States,Memphis,Tennessee,South,PRD-FUR-3100,Furniture,Chairs,Chairs Executive 361,10,0.1,4257.23,951.03
ORD-100875,2024-01-13,2024-01-20,CU-10297,Elizabeth Wilson,Home Office,United States,Newark,New Jersey,East,PRD-FUR-2845,Furniture,Tables,Tables Deluxe 862,1,0.1,604.41,-7.09
ORD-100876,2023-01-06,2023-01-12,CU-10107,Charles Martin,Consumer,United States,Buffalo,New York,East,PRD-OFF-7205,Office Supplies,Paper,Paper Classic 247,3,0.2,228.82,77.48
ORD-100877,2025-11-28,2025-12-04,CU-10140,Mary Johnson,Consumer,United States,Atlanta,Georgia,South,PRD-OFF-8595,Office Supplies,Storage,Storage Deluxe 990,4,0.15,388.11,-57.62
ORD-100878,2023-11-21,2023-11-22,CU-10030,Linda Brown,Corporate,United States,Charlotte,North Carolina,South,PRD-FUR-6699,Furniture,Bookcases,Bookcases Standard 390,5,0.0,1002.51,143.6
ORD-100879,2024-09-12,2024-09-18,CU-10114,Mary Brown,Corporate,United States,Savannah,Georgia,South,PRD-OFF-9350,Office Supplies,Storage,Storage Standard 591,4,0.4,48.84,2.07
ORD-100880,2023-10-24,2023-10-25,CU-10137,Michael Johnson,Corporate,United States,Columbus,Ohio,Central,PRD-TEC-5002,Technology,Accessories,Accessories Executive 120,2,0.15,679.62,-16.28
ORD-100881,2025-12-21,2025-12-23,CU-10254,Elizabeth Davis,Corporate,United States,Newark,New Jersey,East,PRD-TEC-5455,Technology,Copiers,Copiers Advanced 101,8,0.3,2767.47,-67.57
ORD-100882,2024-02-13,2024-02-19,CU-10205,William Garcia,Corporate,United States,Dallas,Texas,Central,PRD-TEC-8058,Technology,Machines,Machines Deluxe 432,1,0.2,920.35,88.88
ORD-100883,2023-02-03,2023-02-09,CU-10039,Richard Rodriguez,Corporate,United States,Newark,New Jersey,East,PRD-FUR-4616,Furniture,Tables,Tables Classic 522,9,0.4,4841.44,1012.9
ORD-100884,2024-03-15,2024-03-17,CU-10189,Robert Jones,Consumer,United States,Buffalo,New York,East,PRD-TEC-2532,Technology,Copiers,Copiers Elite 387,10,0.1,1669.95,260.32
ORD-100885,2024-05-27,2024-06-03,CU-10274,Susan Jackson,Home Office,United States,San Francisco,California,West,PRD-OFF-2639,Office Supplies,Labels,Labels Standard 773,1,0.3,42.91,12.6
ORD-100886,2023-07-01,2023-07-06,CU-10298,Susan Jackson,Corporate,United States,Portland,Oregon,West,PRD-TEC-4154,Technology,Accessories,Accessories Advanced 871,8,0.0,8971.25,1647.56
ORD-100887,2023-12-19,2023-12-26,CU-10080,Elizabeth Davis,Consumer,United States,San Diego,California,West,PRD-FUR-4345,Furniture,Tables,Tables Deluxe 235,5,0.0,2208.63,-296.52
ORD-100888,2025-01-20,2025-01-26,CU-10153,Charles Moore,Consumer,United States,Atlanta,Georgia,South,PRD-OFF-3581,Office Supplies,Art,Art Pro 275,6,0.3,105.57,-10.11
ORD-100889,2024-03-09,2024-03-10,CU-10078,Jessica Smith,Consumer,United States,Orlando,Florida,South,PRD-TEC-3578,Technology,Machines,Machines Basic 830,9,0.2,5902.24,1730.5
ORD-100890,2025-12-27,2026-01-02,CU-10290,Sarah Thomas,Consumer,United States,Reno,Nevada,West,PRD-TEC-5842,Technology,Copiers,Copiers Basic 423,5,0.0,6037.69,-313.15
ORD-100891,2025-02-08,2025-02-15,CU-10274,Susan Jackson,Consumer,United States,Tampa,Florida,South,PRD-TEC-3945,Technology,Machines,Machines Pro 335,9,0.0,6705.15,-828.65
ORD-100892,2024-04-19,2024-04-26,CU-10064,James Brown,Home Office,United States,San Diego,California,West,PRD-TEC-3231,Technology,Phones,Phones Deluxe 651,9,0.15,1420.05,22.77
ORD-100893,2024-01-01,2024-01-02,CU-10218,Patricia Rodriguez,Consumer,United States,Atlanta,Georgia,South,PRD-TEC-5527,Technology,Phones,Phones Standard 739,8,0.2,5393.62,433.91
ORD-100894,2024-11-22,2024-11-23,CU-10016,John Miller,Home Office,United States,New York City,New York,East,PRD-FUR-9831,Furniture,Chairs,Chairs Advanced 268,10,0.0,1189.04,82.63
ORD-100895,2025-01-30,2025-01-31,CU-10013,William Smith,Corporate,United States,Eugene,Oregon,West,PRD-TEC-9556,Technology,Phones,Phones Basic 870,5,0.4,3685.53,-23.62
ORD-100896,2023-06-06,2023-06-08,CU-10089,Susan Miller,Corporate,United States,Dallas,Texas,Central,PRD-OFF-6594,Office Supplies,Binders,Binders Executive 578,1,0.1,9.56,0.37
ORD-100897,2023-07-01,2023-07-04,CU-10264,Patricia Anderson,Corporate,United States,Springfield,Illinois,Central,PRD-TEC-6999,Technology,Phones,Phones Deluxe 522,3,0.2,3567.52,644.52
ORD-100898,2024-09-27,2024-10-04,CU-10087,Jennifer Rodriguez,Home Office,United States,Tampa,Florida,South,PRD-FUR-1278,Furniture,Furnishings,Furnishings Pro 516,4,0.4,610.4,97.08
ORD-100899,2025-12-12,2025-12-14,CU-10064,James Brown,Consumer,United States,Buffalo,New York,East,PRD-FUR-5237,Furniture,Furnishings,Furnishings Basic 954,9,0.0,1400.62,-26.89
ORD-100900,2023-12-30,2024-01-04,CU-10242,Richard Jackson,Corporate,United States,Atlanta,Georgia,South,PRD-TEC-5835,Technology,Machines,Machines Elite 509,5,0.3,893.12,142.49
ORD-100901,2023-12-16,2023-12-21,CU-10292,Michael Anderson,Consumer,United States,Ann Arbor,Michigan,Central,PRD-FUR-5126,Furniture,Tables,Tables Executive 874,3,0.1,980.15,-96.01
ORD-100902,2023-06-18,2023-06-22,CU-10020,Barbara Lee,Consumer,United States,Raleigh,North Carolina,South,PRD-OFF-4063,Office Supplies,Storage,Storage Basic 987,1,0.2,76.56,1.53
ORD-100903,2024-08-24,2024-08-26,CU-10011,Susan Davis,Corporate,United States,Worcester,Massachusetts,East,PRD-OFF-2785,Office Supplies,Storage,Storage Basic 625,10,0.0,659.91,155.75
ORD-100904,2025-01-24,2025-01-26,CU-10284,Sarah Williams,Home Office,United States,Eugene,Oregon,West,PRD-FUR-4541,Furniture,Furnishings,Furnishings Pro 789,6,0.15,417.74,-12.78
ORD-100905,2024-03-03,2024-03-10,CU-10181,Mary Williams,Home Office,United States,Eugene,Oregon,West,PRD-FUR-3027,Furniture,Furnishings,Furnishings Deluxe 926,3,0.4,1323.1,149.65
ORD-100906,2023-04-09,2023-04-14,CU-10101,Linda Williams,Home Office,United States,San Diego,California,West,PRD-FUR-2258,Furniture,Furnishings,Furnishings Deluxe 237,7,0.3,2927.38,812.08
ORD-100907,2023-06-21,2023-06-28,CU-10258,Karen Williams,Consumer,United States,Raleigh,North Carolina,South,PRD-OFF-1435,Office Supplies,Labels,Labels Executive 897,9,0.0,587.83,-26.83
ORD-100908,2023-03-02,2023-03-07,CU-10054,Barbara Davis,Home Office,United States,Detroit,Michigan,Central,PRD-FUR-2961,Furniture,Chairs,Chairs Deluxe 804,7,0.15,1985.96,519.37
ORD-100909,2025-04-30,2025-05-01,CU-10109,Jessica Anderson,Consumer,United States,Raleigh,North Carolina,South,PRD-FUR-5788,Furniture,Chairs,Chairs Basic 718,2,0.15,1253.3,-119.78
ORD-100910,2024-04-07,2024-04-09,CU-10203,Jennifer Hernandez,Home Office,United States,Charlotte,North Carolina,South,PRD-FUR-5505,Furniture,Furnishings,Furnishings Deluxe 274,3,0.0,2551.08,-76.35
ORD-100911,2024-11-17,2024-11-20,CU-10214,Robert Rodriguez,Consumer,United States,Buffalo,New York,East,PRD-TEC-6529,Technology,Accessories,Accessories Standard 632,9,0.0,11276.06,2695.08
ORD-100912,2024-05-01,2024-05-05,CU-10202,Susan Smith,Home Office,United States,Nashville,Tennessee,South,PRD-TEC-1907,Technology,Phones,Phones Elite 864,3,0.1,3810.58,1095.22
ORD-100913,2025-12-01,2025-12-03,CU-10184,David Jones,Consumer,United States,Nashville,Tennessee,South,PRD-OFF-6579,Office Supplies,Paper,Paper Classic 174,6,0.1,159.18,-3.66
ORD-100914,2024-12-29,2024-12-30,CU-10220,William Johnson,Corporate,United States,Las Vegas,Nevada,West,PRD-TEC-1660,Technology,Copiers,Copiers Executive 881,9,0.15,2721.45,-13.06
ORD-100915,2023-08-26,2023-08-28,CU-10155,Michael Hernandez,Corporate,United States,Boston,Massachusetts,East,PRD-OFF-7132,Office Supplies,Paper,Paper Classic 983,9,0.1,532.9,-17.65
ORD-100916,2023-09-12,2023-09-13,CU-10052,Charles Anderson,Home Office,United States,Detroit,Michigan,Central,PRD-FUR-3713,Furniture,Bookcases,Bookcases Elite 922,5,0.4,878.7,303.98
ORD-100917,2025-04-05,2025-04-12,CU-10293,Richard Martin,Home Office,United States,Memphis,Tennessee,South,PRD-TEC-2686,Technology,Copiers,Copiers Elite 634,5,0.1,4004.8,-306.5
ORD-100918,2024-08-25,2024-08-26,CU-10256,James Johnson,Consumer,United States,Chicago,Illinois,Central,PRD-FUR-1376,Furniture,Tables,Tables Deluxe 401,3,0.0,2129.49,114.8
ORD-100919,2025-08-26,2025-08-28,CU-10203,Jennifer Hernandez,Consumer,United States,Worcester,Massachusetts,East,PRD-TEC-6927,Technology,Copiers,Copiers Standard 867,4,0.1,3961.37,51.06
ORD-100920,2024-05-14,2024-05-19,CU-10070,Thomas Garcia,Corporate,United States,Philadelphia,Pennsylvania,East,PRD-OFF-6877,Office Supplies,Binders,Binders Standard 811,10,0.0,442.54,23.51
ORD-100921,2023-10-28,2023-11-01,CU-10136,Michael Martinez,Corporate,United States,Worcester,Massachusetts,East,PRD-OFF-9659,Office Supplies,Binders,Binders Deluxe 115,9,0.0,485.86,113.32
ORD-100922,2024-10-04,2024-10-09,CU-10172,Elizabeth Brown,Corporate,United States,Philadelphia,Pennsylvania,East,PRD-OFF-3690,Office Supplies,Labels,Labels Standard 346,10,0.0,407.35,112.97
ORD-100923,2025-09-06,2025-09-13,CU-10114,Mary Brown,Home Office,United States,Buffalo,New York,East,PRD-OFF-4167,Office Supplies,Art,Art Elite 156,2,0.0,185.55,-20.3
ORD-100924,2024-11-16,2024-11-23,CU-10013,William Smith,Home Office,United States,Buffalo,New York,East,PRD-FUR-9549,Furniture,Bookcases,Bookcases Elite 400,10,0.3,785.32,185.99
ORD-100925,2024-02-06,2024-02-13,CU-10298,Susan Jackson,Consumer,United States,Nashville,Tennessee,South,PRD-TEC-1953,Technology,Accessories,Accessories Deluxe 752,5,0.15,2928.0,132.84
ORD-100926,2025-07-08,2025-07-10,CU-10206,Patricia Wilson,Corporate,United States,Atlanta,Georgia,South,PRD-FUR-5317,Furniture,Chairs,Chairs Classic 842,8,0.0,6675.24,1565.72
ORD-100927,2023-02-16,2023-02-20,CU-10268,Linda Brown,Consumer,United States,Houston,Texas,Central,PRD-FUR-7575,Furniture,Furnishings,Furnishings Deluxe 191,3,0.0,2583.19,-125.78
ORD-100928,2023-08-11,2023-08-15,CU-10278,William Moore,Consumer,United States,Boston,Massachusetts,East,PRD-FUR-6206,Furniture,Chairs,Chairs Elite 717,3,0.1,136.07,35.73
ORD-100929,2023-09-29,2023-10-03,CU-10253,Robert Davis,Consumer,United States,Detroit,Michigan,Central,PRD-FUR-6292,Furniture,Furnishings,Furnishings Elite 783,9,0.0,2719.97,767.79
ORD-100930,2023-04-08,2023-04-10,CU-10202,Susan Smith,Corporate,United States,Houston,Texas,Central,PRD-OFF-3322,Office Supplies,Storage,Storage Pro 342,8,0.4,162.07,18.98
ORD-100931,2025-08-06,2025-08-12,CU-10255,Michael Jones,Consumer,United States,Seattle,Washington,West,PRD-FUR-7879,Furniture,Chairs,Chairs Classic 940,10,0.15,4299.36,471.69
ORD-100932,2023-12-18,2023-12-23,CU-10279,Jessica Davis,Consumer,United States,Ann Arbor,Michigan,Central,PRD-OFF-6545,Office Supplies,Paper,Paper Deluxe 997,2,0.2,40.61,2.2
ORD-100933,2024-04-13,2024-04-18,CU-10230,Michael Lopez,Corporate,United States,Worcester,Massachusetts,East,PRD-TEC-3400,Technology,Phones,Phones Classic 589,1,0.3,274.49,29.96
ORD-100934,2023-02-01,2023-02-04,CU-10001,William Davis,Home Office,United States,Atlanta,Georgia,South,PRD-FUR-6489,Furniture,Tables,Tables Deluxe 744,6,0.2,1577.79,-224.97
ORD-100935,2025-07-05,2025-07-06,CU-10135,Jessica Jones,Home Office,United States,Atlanta,Georgia,South,PRD-TEC-9753,Technology,Machines,Machines Elite 684,3,0.0,2136.76,275.14
ORD-100936,2024-07-03,2024-07-05,CU-10220,William Johnson,Consumer,United States,Houston,Texas,Central,PRD-FUR-5781,Furniture,Bookcases,Bookcases Pro 719,4,0.15,2084.09,216.08
ORD-100937,2023-09-24,2023-09-27,CU-10172,Elizabeth Brown,Corporate,United States,Buffalo,New York,East,PRD-OFF-9912,Office Supplies,Labels,Labels Classic 929,1,0.0,55.76,-1.8
ORD-100938,2025-04-02,2025-04-06,CU-10199,Susan Lee,Consumer,United States,Atlanta,Georgia,South,PRD-TEC-9719,Technology,Copiers,Copiers Basic 489,2,0.4,1152.41,112.3
ORD-100939,2025-10-05,2025-10-09,CU-10277,William Davis,Home Office,United States,Reno,Nevada,West,PRD-FUR-1010,Furniture,Tables,Tables Advanced 628,10,0.2,1733.84,330.78
ORD-100940,2025-03-27,2025-04-02,CU-10095,Linda Williams,Home Office,United States,Portland,Oregon,West,PRD-OFF-3045,Office Supplies,Binders,Binders Advanced 873,7,0.0,533.73,-71.88
ORD-100941,2023-12-10,2023-12-13,CU-10277,William Davis,Corporate,United States,Eugene,Oregon,West,PRD-OFF-5040,Office Supplies,Paper,Paper Executive 571,10,0.15,179.7,-10.27
ORD-100942,2023-09-30,2023-10-06,CU-10272,David Thomas,Consumer,United States,Detroit,Michigan,Central,PRD-TEC-6535,Technology,Phones,Phones Advanced 514,3,0.0,4134.59,481.76
ORD-100943,2025-09-16,2025-09-18,CU-10175,Sarah Jones,Corporate,United States,Atlanta,Georgia,South,PRD-TEC-7409,Technology,Machines,Machines Deluxe 451,9,0.0,1783.98,231.86
ORD-100944,2025-01-26,2025-01-29,CU-10013,William Smith,Home Office,United States,Raleigh,North Carolina,South,PRD-OFF-2965,Office Supplies,Binders,Binders Advanced 874,8,0.0,304.32,-16.1
ORD-100945,2025-11-15,2025-11-22,CU-10295,Richard Taylor,Home Office,United States,Buffalo,New York,East,PRD-OFF-6967,Office Supplies,Paper,Paper Pro 303,9,0.0,390.29,-41.76
ORD-100946,2024-03-06,2024-03-10,CU-10157,Richard Jones,Corporate,United States,Pittsburgh,Pennsylvania,East,PRD-FUR-8796,Furniture,Bookcases,Bookcases Advanced 307,2,0.1,421.39,109.04
ORD-100947,2025-12-10,2025-12-11,CU-10121,William Thomas,Consumer,United States,Memphis,Tennessee,South,PRD-FUR-7273,Furniture,Bookcases,Bookcases Standard 813,2,0.2,465.53,-28.55
ORD-100948,2025-12-19,2025-12-20,CU-10268,Linda Brown,Home Office,United States,Tampa,Florida,South,PRD-FUR-3242,Furniture,Furnishings,Furnishings Pro 378,6,0.2,769.49,39.32
ORD-100949,2024-11-08,2024-11-13,CU-10219,Jennifer Martin,Home Office,United States,Orlando,Florida,South,PRD-TEC-5581,Technology,Copiers,Copiers Classic 651,8,0.2,1602.67,168.45
ORD-100950,2024-11-26,2024-12-02,CU-10216,Richard Jackson,Consumer,United States,Cleveland,Ohio,Central,PRD-TEC-1102,Technology,Machines,Machines Basic 729,2,0.2,1073.21,-147.35
ORD-100951,2023-03-22,2023-03-23,CU-10079,Patricia Lopez,Home Office,United States,Columbus,Ohio,Central,PRD-TEC-6199,Technology,Machines,Machines Elite 342,3,0.0,4461.72,1113.9
ORD-100952,2023-05-22,2023-05-24,CU-10002,Linda Jones,Consumer,United States,Cleveland,Ohio,Central,PRD-TEC-9038,Technology,Machines,Machines Executive 668,3,0.3,970.89,41.66
ORD-100953,2023-10-23,2023-10-27,CU-10113,Susan Thomas,Home Office,United States,Memphis,Tennessee,South,PRD-OFF-5717,Office Supplies,Art,Art Standard 864,1,0.0,102.29,31.67
ORD-100954,2024-03-04,2024-03-05,CU-10269,Joseph Jones,Home Office,United States,Seattle,Washington,West,PRD-FUR-1966,Furniture,Tables,Tables Elite 229,4,0.15,1923.01,311.59
ORD-100955,2025-02-11,2025-02-17,CU-10004,Robert Martin,Corporate,United States,Jersey City,New Jersey,East,PRD-OFF-2426,Office Supplies,Paper,Paper Deluxe 834,9,0.4,42.04,2.19
ORD-100956,2025-07-22,2025-07-24,CU-10092,Barbara Thomas,Corporate,United States,Ann Arbor,Michigan,Central,PRD-OFF-2478,Office Supplies,Storage,Storage Basic 595,3,0.2,250.12,-19.7
ORD-100957,2025-11-12,2025-11-19,CU-10232,David Lee,Corporate,United States,Atlanta,Georgia,South,PRD-FUR-4559,Furniture,Tables,Tables Classic 223,8,0.4,956.24,232.95
ORD-100958,2024-01-17,2024-01-24,CU-10014,Jennifer Anderson,Consumer,United States,Chicago,Illinois,Central,PRD-TEC-4871,Technology,Machines,Machines Executive 275,2,0.0,2006.02,341.38
ORD-100959,2023-10-22,2023-10-24,CU-10085,John Jones,Home Office,United States,Columbus,Ohio,Central,PRD-TEC-9078,Technology,Machines,Machines Advanced 669,5,0.4,3302.82,721.86
ORD-100960,2024-03-24,2024-03-26,CU-10201,Jennifer Garcia,Home Office,United States,Chicago,Illinois,Central,PRD-OFF-8189,Office Supplies,Storage,Storage Basic 691,8,0.4,424.22,64.4
ORD-100961,2023-01-06,2023-01-08,CU-10292,Michael Anderson,Consumer,United States,Las Vegas,Nevada,West,PRD-FUR-6355,Furniture,Bookcases,Bookcases Deluxe 782,10,0.0,4482.34,-192.21
ORD-100962,2023-10-11,2023-10-16,CU-10285,John Jones,Consumer,United States,Seattle,Washington,West,PRD-TEC-1728,Technology,Phones,Phones Standard 912,6,0.1,7027.12,-445.29
ORD-100963,2024-06-27,2024-07-04,CU-10283,David Hernandez,Corporate,United States,Memphis,Tennessee,South,PRD-TEC-1662,Technology,Machines,Machines Advanced 783,9,0.0,7431.61,1853.04
ORD-100964,2024-02-18,2024-02-19,CU-10142,Thomas Moore,Home Office,United States,Springfield,Illinois,Central,PRD-FUR-3444,Furniture,Bookcases,Bookcases Elite 571,2,0.0,689.71,-95.58
ORD-100965,2023-12-09,2023-12-16,CU-10178,David Miller,Consumer,United States,Buffalo,New York,East,PRD-OFF-9189,Office Supplies,Storage,Storage Deluxe 158,10,0.4,659.04,-71.62
ORD-100966,2023-07-10,2023-07-15,CU-10058,John Garcia,Home Office,United States,Las Vegas,Nevada,West,PRD-FUR-3287,Furniture,Tables,Tables Elite 312,3,0.4,270.66,14.9
ORD-100967,2023-04-20,2023-04-21,CU-10045,Michael Martin,Corporate,United States,Buffalo,New York,East,PRD-FUR-9669,Furniture,Tables,Tables Standard 142,2,0.2,919.81,166.36
ORD-100968,2025-06-15,2025-06-17,CU-10101,Linda Williams,Home Office,United States,San Francisco,California,West,PRD-FUR-2697,Furniture,Furnishings,Furnishings Executive 445,4,0.15,1719.47,409.79
ORD-100969,2023-11-03,2023-11-10,CU-10144,Thomas Williams,Corporate,United States,Los Angeles,California,West,PRD-FUR-1280,Furniture,Furnishings,Furnishings Standard 445,1,0.15,458.97,17.34
ORD-100970,2024-02-01,2024-02-07,CU-10187,Susan Jackson,Home Office,United States,Detroit,Michigan,Central,PRD-TEC-2592,Technology,Phones,Phones Deluxe 832,10,0.4,6342.68,1660.18
ORD-100971,2024-04-13,2024-04-17,CU-10060,Robert Wilson,Corporate,United States,Portland,Oregon,West,PRD-OFF-2227,Office Supplies,Labels,Labels Advanced 652,6,0.0,556.17,-11.3
ORD-100972,2023-11-16,2023-11-17,CU-10072,Elizabeth Moore,Consumer,United States,Orlando,Florida,South,PRD-OFF-2398,Office Supplies,Labels,Labels Standard 590,4,0.0,147.85,10.58
ORD-100973,2025-06-02,2025-06-06,CU-10011,Susan Davis,Consumer,United States,Atlanta,Georgia,South,PRD-OFF-5676,Office Supplies,Labels,Labels Elite 450,6,0.0,626.2,-24.47
ORD-100974,2023-03-08,2023-03-10,CU-10030,Linda Brown,Corporate,United States,Buffalo,New York,East,PRD-OFF-6702,Office Supplies,Labels,Labels Classic 477,7,0.4,169.89,24.64
ORD-100975,2025-01-31,2025-02-03,CU-10217,David Smith,Corporate,United States,Spokane,Washington,West,PRD-FUR-9424,Furniture,Tables,Tables Basic 572,7,0.0,366.26,91.06
ORD-100976,2023-09-09,2023-09-10,CU-10106,Sarah Jones,Consumer,United States,Boston,Massachusetts,East,PRD-OFF-7000,Office Supplies,Art,Art Basic 881,2,0.0,107.48,11.65
ORD-100977,2025-07-06,2025-07-07,CU-10075,Jennifer Jackson,Home Office,United States,Buffalo,New York,East,PRD-FUR-6441,Furniture,Furnishings,Furnishings Elite 300,9,0.4,464.85,95.9
ORD-100978,2023-06-13,2023-06-14,CU-10147,Linda Wilson,Corporate,United States,Cleveland,Ohio,Central,PRD-FUR-8036,Furniture,Furnishings,Furnishings Standard 216,4,0.2,227.43,16.7
ORD-100979,2024-06-03,2024-06-07,CU-10015,David Rodriguez,Consumer,United States,San Diego,California,West,PRD-OFF-7449,Office Supplies,Paper,Paper Deluxe 721,7,0.15,583.9,157.17
ORD-100980,2025-06-13,2025-06-20,CU-10076,Thomas Smith,Home Office,United States,Philadelphia,Pennsylvania,East,PRD-FUR-6412,Furniture,Tables,Tables Classic 119,1,0.0,98.94,0.52
ORD-100981,2023-02-21,2023-02-28,CU-10034,Barbara Miller,Home Office,United States,Buffalo,New York,East,PRD-OFF-5416,Office Supplies,Art,Art Elite 358,1,0.0,80.34,20.91
ORD-100982,2023-01-07,2023-01-10,CU-10127,Jennifer Anderson,Consumer,United States,Philadelphia,Pennsylvania,East,PRD-OFF-9670,Office Supplies,Labels,Labels Pro 927,10,0.3,703.26,169.95
ORD-100983,2025-10-06,2025-10-12,CU-10114,Mary Brown,Home Office,United States,Jersey City,New Jersey,East,PRD-OFF-3432,Office Supplies,Binders,Binders Executive 491,10,0.3,270.56,88.67
ORD-100984,2024-03-18,2024-03-22,CU-10146,Karen Williams,Home Office,United States,Worcester,Massachusetts,East,PRD-OFF-2866,Office Supplies,Paper,Paper Deluxe 950,3,0.15,140.87,19.92
ORD-100985,2025-07-02,2025-07-09,CU-10007,Michael Davis,Corporate,United States,Philadelphia,Pennsylvania,East,PRD-TEC-7729,Technology,Machines,Machines Pro 319,8,0.0,10887.29,-1057.75
ORD-100986,2023-04-23,2023-04-30,CU-10081,Mary Davis,Home Office,United States,Philadelphia,Pennsylvania,East,PRD-FUR-2834,Furniture,Tables,Tables Advanced 800,10,0.4,3214.97,965.83
ORD-100987,2023-06-21,2023-06-25,CU-10011,Susan Davis,Home Office,United States,Houston,Texas,Central,PRD-OFF-4819,Office Supplies,Storage,Storage Basic 647,3,0.2,45.19,5.01
ORD-100988,2025-06-20,2025-06-25,CU-10191,Barbara Martin,Consumer,United States,Tampa,Florida,South,PRD-FUR-7230,Furniture,Chairs,Chairs Basic 653,1,0.0,405.97,110.04
ORD-100989,2023-06-24,2023-06-27,CU-10206,Patricia Wilson,Home Office,United States,New York City,New York,East,PRD-OFF-7424,Office Supplies,Labels,Labels Basic 910,3,0.0,161.1,13.16
ORD-100990,2025-09-04,2025-09-10,CU-10025,Elizabeth Lee,Corporate,United States,Austin,Texas,Central,PRD-FUR-5065,Furniture,Chairs,Chairs Basic 909,2,0.0,1443.2,140.25
ORD-100991,2023-12-29,2024-01-02,CU-10145,Jennifer Williams,Corporate,United States,Eugene,Oregon,West,PRD-FUR-7165,Furniture,Furnishings,Furnishings Executive 286,5,0.15,2524.5,675.41
ORD-100992,2025-02-24,2025-03-01,CU-10127,Jennifer Anderson,Corporate,United States,Detroit,Michigan,Central,PRD-OFF-6825,Office Supplies,Labels,Labels Basic 255,2,0.3,31.62,-2.49
ORD-100993,2024-05-12,2024-05-19,CU-10208,Linda Miller,Home Office,United States,Chicago,Illinois,Central,PRD-TEC-5235,Technology,Machines,Machines Basic 647,7,0.3,4608.04,-374.5
ORD-100994,2025-03-20,2025-03-24,CU-10077,Karen Hernandez,Consumer,United States,Orlando,Florida,South,PRD-TEC-3674,Technology,Phones,Phones Elite 407,2,0.1,1620.76,46.8
ORD-100995,2024-02-23,2024-02-29,CU-10208,Linda Miller,Corporate,United States,Newark,New Jersey,East,PRD-TEC-1359,Technology,Copiers,Copiers Pro 449,3,0.0,1257.13,63.24
ORD-100996,2023-12-06,2023-12-09,CU-10142,Thomas Moore,Corporate,United States,Detroit,Michigan,Central,PRD-FUR-2035,Furniture,Chairs,Chairs Executive 425,1,0.3,554.46,28.3
ORD-100997,2025-08-20,2025-08-27,CU-10247,Joseph Thomas,Home Office,United States,Jersey City,New Jersey,East,PRD-TEC-7778,Technology,Phones,Phones Pro 987,7,0.0,1333.52,95.25
ORD-100998,2025-11-24,2025-12-01,CU-10053,Charles Wilson,Corporate,United States,Portland,Oregon,West,PRD-TEC-7485,Technology,Copiers,Copiers Basic 659,7,0.1,7666.54,1529.02
ORD-100999,2025-06-20,2025-06-23,CU-10259,Joseph Anderson,Corporate,United States,Charlotte,North Carolina,South,PRD-OFF-8827,Office Supplies,Labels,Labels Basic 421,1,0.0,75.58,-9.12
ORD-101000,2025-01-09,2025-01-11,CU-10195,Barbara Johnson,Consumer,United States,Philadelphia,Pennsylvania,East,PRD-OFF-6150,Office Supplies,Binders,Binders Executive 799,1,0.3,51.48,-2.39
ORD-101001,2024-05-24,2024-05-28,CU-10064,James Brown,Corporate,United States,Pittsburgh,Pennsylvania,East,PRD-TEC-5894,Technology,Phones,Phones Executive 597,1,0.15,845.26,214.27
ORD-101002,2025-12-22,2025-12-27,CU-10128,Jessica Taylor,Corporate,United States,San Francisco,California,West,PRD-OFF-6091,Office Supplies,Storage,Storage Executive 541,8,0.0,340.72,-48.66
ORD-101003,2024-10-06,2024-10-10,CU-10186,Joseph Jackson,Home Office,United States,Memphis,Tennessee,South,PRD-FUR-4973,Furniture,Furnishings,Furnishings Basic 886,6,0.0,5220.26,326.66
ORD-101004,2025-01-26,2025-01-29,CU-10207,Mary Taylor,Corporate,United States,Atlanta,Georgia,South,PRD-OFF-7971,Office Supplies,Storage,Storage Pro 211,7,0.0,520.94,-75.76
ORD-101005,2023-11-25,2023-12-02,CU-10095,Linda Williams,Corporate,United States,Newark,New Jersey,East,PRD-FUR-2698,Furniture,Furnishings,Furnishings Executive 589,8,0.0,2512.19,113.23
ORD-101006,2023-06-11,2023-06-13,CU-10143,Jennifer Johnson,Home Office,United States,Buffalo,New York,East,PRD-OFF-7489,Office Supplies,Labels,Labels Executive 161,1,0.4,70.58,10.19
ORD-101007,2025-09-12,2025-09-18,CU-10253,Robert Davis,Consumer,United States,Seattle,Washington,West,PRD-TEC-3688,Technology,Accessories,Accessories Classic 904,1,0.3,171.93,42.34
ORD-101008,2025-05-20,2025-05-21,CU-10075,Jennifer Jackson,Consumer,United States,Newark,New Jersey,East,PRD-TEC-9721,Technology,Accessories,Accessories Deluxe 853,8,0.3,5935.05,1680.8
ORD-101009,2023-04-09,2023-04-13,CU-10283,David Hernandez,Corporate,United States,Springfield,Illinois,Central,PRD-TEC-6931,Technology,Machines,Machines Basic 230,2,0.2,619.54,179.25
ORD-101010,2024-07-03,2024-07-04,CU-10016,John Miller,Home Office,United States,Raleigh,North Carolina,South,PRD-OFF-3525,Office Supplies,Storage,Storage Classic 446,3,0.0,306.7,98.83
ORD-101011,2025-07-05,2025-07-08,CU-10275,Joseph Garcia,Corporate,United States,Orlando,Florida,South,PRD-OFF-9829,Office Supplies,Paper,Paper Deluxe 780,5,0.0,415.15,-55.9
ORD-101012,2025-02-16,2025-02-22,CU-10086,Jessica Jackson,Home Office,United States,Worcester,Massachusetts,East,PRD-FUR-4760,Furniture,Chairs,Chairs Elite 721,7,0.1,5468.2,-729.46
ORD-101013,2024-10-27,2024-11-02,CU-10279,Jessica Davis,Corporate,United States,Portland,Oregon,West,PRD-FUR-9424,Furniture,Bookcases,Bookcases Pro 136,2,0.4,585.0,60.01
ORD-101014,2023-05-18,2023-05-25,CU-10217,David Smith,Corporate,United States,Springfield,Illinois,Central,PRD-OFF-8784,Office Supplies,Storage,Storage Basic 368,7,0.2,370.44,71.95
ORD-101015,2024-03-21,2024-03-25,CU-10282,Linda Rodriguez,Consumer,United States,Buffalo,New York,East,PRD-TEC-7972,Technology,Phones,Phones Standard 649,8,0.3,2354.31,593.17
ORD-101016,2025-12-16,2025-12-21,CU-10079,Patricia Lopez,Corporate,United States,Pittsburgh,Pennsylvania,East,PRD-TEC-2467,Technology,Machines,Machines Classic 207,5,0.1,1881.0,-247.89
ORD-101017,2025-02-19,2025-02-25,CU-10129,Michael Wilson,Consumer,United States,Portland,Oregon,West,PRD-TEC-9191,Technology,Machines,Machines Classic 266,9,0.0,1796.8,615.7
ORD-101018,2023-03-03,2023-03-07,CU-10080,Elizabeth Davis,Home Office,United States,Seattle,Washington,West,PRD-TEC-1266,Technology,Machines,Machines Standard 249,2,0.0,636.83,187.53
ORD-101019,2023-05-10,2023-05-16,CU-10267,Mary Jackson,Corporate,United States,Memphis,Tennessee,South,PRD-FUR-2993,Furniture,Chairs,Chairs Pro 620,10,0.4,3724.51,772.59
ORD-101020,2023-01-23,2023-01-28,CU-10042,Linda Johnson,Corporate,United States,Springfield,Illinois,Central,PRD-FUR-2393,Furniture,Bookcases,Bookcases Pro 841,4,0.1,2927.09,499.29
ORD-101021,2025-11-11,2025-11-18,CU-10024,Robert Jackson,Home Office,United States,Raleigh,North Carolina,South,PRD-TEC-4253,Technology,Machines,Machines Deluxe 422,5,0.0,2543.84,-337.23
ORD-101022,2023-02-04,2023-02-08,CU-10206,Patricia Wilson,Corporate,United States,San Francisco,California,West,PRD-OFF-7388,Office Supplies,Labels,Labels Executive 548,2,0.3,152.37,51.23
ORD-101023,2025-05-14,2025-05-17,CU-10047,Jessica Wilson,Corporate,United States,Buffalo,New York,East,PRD-OFF-5405,Office Supplies,Binders,Binders Elite 820,4,0.2,16.58,-1.65
ORD-101024,2025-08-19,2025-08-20,CU-10267,Mary Jackson,Corporate,United States,Philadelphia,Pennsylvania,East,PRD-OFF-8522,Office Supplies,Labels,Labels Deluxe 401,9,0.3,418.6,-29.45
ORD-101025,2023-02-01,2023-02-06,CU-10119,Joseph Jones,Home Office,United States,Orlando,Florida,South,PRD-TEC-8446,Technology,Copiers,Copiers Elite 472,1,0.4,187.13,50.89
ORD-101026,2025-02-11,2025-02-12,CU-10121,William Thomas,Consumer,United States,Los Angeles,California,West,PRD-OFF-2288,Office Supplies,Storage,Storage Classic 969,9,0.0,905.12,1.23
ORD-101027,2023-01-12,2023-01-19,CU-10292,Michael Anderson,Corporate,United States,Chicago,Illinois,Central,PRD-OFF-7309,Office Supplies,Storage,Storage Advanced 220,8,0.0,307.52,28.95
ORD-101028,2024-01-14,2024-01-21,CU-10038,Jennifer Thomas,Consumer,United States,Jersey City,New Jersey,East,PRD-TEC-2219,Technology,Copiers,Copiers Standard 546,5,0.2,5669.55,601.62
ORD-101029,2025-07-09,2025-07-10,CU-10135,Jessica Jones,Consumer,United States,Columbus,Ohio,Central,PRD-TEC-3318,Technology,Accessories,Accessories Basic 481,8,0.0,5447.36,-809.24
ORD-101030,2023-09-16,2023-09-23,CU-10187,Susan Jackson,Home Office,United States,Tampa,Florida,South,PRD-FUR-8526,Furniture,Chairs,Chairs Elite 747,7,0.15,1407.91,458.02
ORD-101031,2023-12-18,2023-12-20,CU-10069,James Rodriguez,Home Office,United States,Detroit,Michigan,Central,PRD-FUR-5289,Furniture,Bookcases,Bookcases Basic 105,1,0.0,125.62,-8.74
ORD-101032,2025-07-15,2025-07-17,CU-10046,David Miller,Corporate,United States,Las Vegas,Nevada,West,PRD-TEC-7091,Technology,Accessories,Accessories Pro 593,2,0.0,1731.13,-180.5
ORD-101033,2023-01-03,2023-01-08,CU-10091,Elizabeth Wilson,Consumer,United States,Tampa,Florida,South,PRD-OFF-3230,Office Supplies,Paper,Paper Executive 182,1,0.4,18.69,-2.31
ORD-101034,2024-02-13,2024-02-14,CU-10016,John Miller,Home Office,United States,Orlando,Florida,South,PRD-OFF-6361,Office Supplies,Binders,Binders Pro 595,5,0.15,426.9,55.88
ORD-101035,2024-08-23,2024-08-25,CU-10072,Elizabeth Moore,Corporate,United States,Nashville,Tennessee,South,PRD-OFF-4312,Office Supplies,Paper,Paper Basic 385,8,0.0,420.35,142.37
ORD-101036,2024-09-28,2024-10-05,CU-10275,Joseph Garcia,Consumer,United States,Newark,New Jersey,East,PRD-OFF-5862,Office Supplies,Storage,Storage Pro 257,6,0.0,488.15,-56.45
ORD-101037,2024-03-12,2024-03-19,CU-10184,David Jones,Corporate,United States,Charlotte,North Carolina,South,PRD-FUR-9977,Furniture,Furnishings,Furnishings Pro 515,5,0.4,2646.48,-140.59
ORD-101038,2024-03-24,2024-03-30,CU-10128,Jessica Taylor,Consumer,United States,Springfield,Illinois,Central,PRD-OFF-8279,Office Supplies,Paper,Paper Executive 916,5,0.2,83.43,-10.3
ORD-101039,2024-07-20,2024-07-26,CU-10025,Elizabeth Lee,Home Office,United States,Raleigh,North Carolina,South,PRD-OFF-9861,Office Supplies,Storage,Storage Elite 472,7,0.0,489.48,71.97
ORD-101040,2024-11-13,2024-11-20,CU-10166,Robert Davis,Home Office,United States,Buffalo,New York,East,PRD-TEC-9315,Technology,Accessories,Accessories Pro 782,10,0.0,14290.11,1162.5
ORD-101041,2025-03-05,2025-03-06,CU-10009,James Jackson,Home Office,United States,Eugene,Oregon,West,PRD-OFF-6163,Office Supplies,Art,Art Pro 803,3,0.2,18.57,5.75
ORD-101042,2024-07-02,2024-07-08,CU-10042,Linda Johnson,Home Office,United States,Los Angeles,California,West,PRD-FUR-1831,Furniture,Tables,Tables Classic 421,10,0.3,2476.2,568.96
ORD-101043,2023-06-11,2023-06-14,CU-10056,Jessica Williams,Corporate,United States,Chicago,Illinois,Central,PRD-TEC-8257,Technology,Accessories,Accessories Classic 748,10,0.4,681.29,-68.17
ORD-101044,2024-01-27,2024-02-03,CU-10066,David Brown,Home Office,United States,Orlando,Florida,South,PRD-TEC-1199,Technology,Accessories,Accessories Pro 336,2,0.1,841.28,281.76
ORD-101045,2024-02-21,2024-02-27,CU-10296,James Lopez,Corporate,United States,Buffalo,New York,East,PRD-FUR-5913,Furniture,Chairs,Chairs Deluxe 538,1,0.0,480.51,-54.78
ORD-101046,2023-07-12,2023-07-14,CU-10172,Elizabeth Brown,Consumer,United States,Eugene,Oregon,West,PRD-OFF-1213,Office Supplies,Labels,Labels Advanced 250,1,0.4,7.88,1.06
ORD-101047,2023-02-09,2023-02-13,CU-10292,Michael Anderson,Home Office,United States,Miami,Florida,South,PRD-OFF-3053,Office Supplies,Art,Art Classic 369,1,0.15,91.78,18.1
ORD-101048,2024-03-22,2024-03-28,CU-10099,Linda Smith,Consumer,United States,Cleveland,Ohio,Central,PRD-FUR-3632,Furniture,Chairs,Chairs Executive 602,8,0.2,2370.75,-346.07
ORD-101049,2024-12-13,2024-12-20,CU-10005,Susan Johnson,Corporate,United States,Boston,Massachusetts,East,PRD-OFF-3448,Office Supplies,Storage,Storage Standard 500,3,0.0,173.49,28.43
ORD-101050,2024-03-24,2024-03-31,CU-10113,Susan Thomas,Consumer,United States,Columbus,Ohio,Central,PRD-FUR-4980,Furniture,Chairs,Chairs Pro 758,7,0.3,3739.14,393.43
ORD-101051,2023-01-29,2023-01-31,CU-10059,Susan Lee,Corporate,United States,Worcester,Massachusetts,East,PRD-FUR-4048,Furniture,Tables,Tables Pro 388,6,0.4,3110.52,36.2
ORD-101052,2023-06-29,2023-07-01,CU-10216,Richard Jackson,Consumer,United States,Springfield,Illinois,Central,PRD-FUR-4056,Furniture,Tables,Tables Executive 787,3,0.2,1746.57,46.92
ORD-101053,2023-06-09,2023-06-12,CU-10236,David Wilson,Home Office,United States,Tampa,Florida,South,PRD-FUR-8068,Furniture,Chairs,Chairs Classic 217,2,0.0,1461.96,-87.04
ORD-101054,2023-12-11,2023-12-12,CU-10087,Jennifer Rodriguez,Home Office,United States,Philadelphia,Pennsylvania,East,PRD-TEC-7085,Technology,Copiers,Copiers Pro 802,6,0.3,4916.37,-217.71
ORD-101055,2024-11-11,2024-11-16,CU-10281,Robert Martinez,Home Office,United States,Pittsburgh,Pennsylvania,East,PRD-OFF-8843,Office Supplies,Paper,Paper Elite 490,9,0.2,622.91,192.22
ORD-101056,2025-12-31,2026-01-07,CU-10110,Michael Brown,Home Office,United States,Boston,Massachusetts,East,PRD-TEC-9419,Technology,Copiers,Copiers Standard 922,9,0.0,4508.44,805.56
ORD-101057,2023-10-10,2023-10-12,CU-10244,Elizabeth Miller,Consumer,United States,Los Angeles,California,West,PRD-TEC-2452,Technology,Machines,Machines Basic 649,3,0.0,1144.58,-137.83
ORD-101058,2024-07-22,2024-07-25,CU-10249,Thomas Taylor,Home Office,United States,Chicago,Illinois,Central,PRD-TEC-1213,Technology,Phones,Phones Elite 531,6,0.0,6399.58,1394.21
ORD-101059,2023-09-19,2023-09-20,CU-10106,Sarah Jones,Consumer,United States,Philadelphia,Pennsylvania,East,PRD-FUR-4177,Furniture,Tables,Tables Classic 609,6,0.1,4173.73,152.2
ORD-101060,2023-03-26,2023-04-02,CU-10066,David Brown,Consumer,United States,Worcester,Massachusetts,East,PRD-OFF-8208,Office Supplies,Storage,Storage Executive 301,1,0.1,89.87,28.53
ORD-101061,2025-07-24,2025-07-28,CU-10182,Susan Rodriguez,Home Office,United States,Tampa,Florida,South,PRD-FUR-7195,Furniture,Tables,Tables Elite 800,1,0.0,604.0,51.24
ORD-101062,2023-03-25,2023-04-01,CU-10081,Mary Davis,Corporate,United States,Los Angeles,California,West,PRD-FUR-7877,Furniture,Bookcases,Bookcases Elite 734,7,0.1,2413.53,770.99
ORD-101063,2025-09-24,2025-09-25,CU-10256,James Johnson,Home Office,United States,Pittsburgh,Pennsylvania,East,PRD-OFF-7450,Office Supplies,Art,Art Executive 571,1,0.0,85.55,11.56
ORD-101064,2025-01-11,2025-01-14,CU-10030,Linda Brown,Corporate,United States,Cleveland,Ohio,Central,PRD-TEC-7829,Technology,Phones,Phones Classic 541,7,0.1,5838.56,1218.16
ORD-101065,2024-12-05,2024-12-06,CU-10154,David Rodriguez,Consumer,United States,Savannah,Georgia,South,PRD-FUR-7732,Furniture,Tables,Tables Executive 237,7,0.0,5598.28,-123.93
ORD-101066,2023-10-09,2023-10-16,CU-10175,Sarah Jones,Consumer,United States,Columbus,Ohio,Central,PRD-TEC-2386,Technology,Phones,Phones Classic 708,10,0.1,5768.71,1223.99
ORD-101067,2025-02-17,2025-02-20,CU-10112,Barbara Anderson,Consumer,United States,Portland,Oregon,West,PRD-TEC-4314,Technology,Accessories,Accessories Classic 291,6,0.1,2116.71,-41.55
ORD-101068,2023-03-13,2023-03-20,CU-10123,Joseph Jackson,Home Office,United States,Buffalo,New York,East,PRD-TEC-5400,Technology,Copiers,Copiers Executive 128,6,0.3,5469.12,1684.87
ORD-101069,2025-10-19,2025-10-22,CU-10232,David Lee,Consumer,United States,Raleigh,North Carolina,South,PRD-OFF-2041,Office Supplies,Paper,Paper Executive 479,10,0.3,725.08,240.1
ORD-101070,2025-06-01,2025-06-03,CU-10143,Jennifer Johnson,Corporate,United States,Los Angeles,California,West,PRD-OFF-6598,Office Supplies,Storage,Storage Pro 648,1,0.15,94.7,9.85
ORD-101071,2024-01-15,2024-01-22,CU-10204,Susan Davis,Home Office,United States,Eugene,Oregon,West,PRD-OFF-5524,Office Supplies,Art,Art Basic 964,8,0.4,495.1,141.13
ORD-101072,2023-10-07,2023-10-09,CU-10188,James Brown,Corporate,United States,Philadelphia,Pennsylvania,East,PRD-FUR-2906,Furniture,Bookcases,Bookcases Pro 783,5,0.0,3015.33,966.35
ORD-101073,2024-09-08,2024-09-15,CU-10162,Patricia Williams,Corporate,United States,Chicago,Illinois,Central,PRD-TEC-2998,Technology,Copiers,Copiers Deluxe 773,8,0.0,8295.77,-1119.98
ORD-101074,2025-10-12,2025-10-17,CU-10182,Susan Rodriguez,Consumer,United States,Seattle,Washington,West,PRD-OFF-3887,Office Supplies,Labels,Labels Classic 194,9,0.15,175.86,38.61
ORD-101075,2025-06-05,2025-06-10,CU-10235,Elizabeth Anderson,Consumer,United States,Cleveland,Ohio,Central,PRD-FUR-3418,Furniture,Furnishings,Furnishings Deluxe 758,3,0.3,1657.4,411.56
ORD-101076,2024-03-31,2024-04-04,CU-10236,David Wilson,Corporate,United States,Savannah,Georgia,South,PRD-TEC-6850,Technology,Accessories,Accessories Executive 292,4,0.0,5483.96,1713.74
ORD-101077,2023-11-09,2023-11-16,CU-10224,Karen Moore,Corporate,United States,Buffalo,New York,East,PRD-TEC-6239,Technology,Phones,Phones Pro 125,3,0.0,3323.27,15.27
ORD-101078,2025-08-06,2025-08-12,CU-10099,Linda Smith,Home Office,United States,Boston,Massachusetts,East,PRD-OFF-3694,Office Supplies,Paper,Paper Elite 887,4,0.0,263.38,25.6
ORD-101079,2023-03-13,2023-03-15,CU-10062,Joseph Moore,Corporate,United States,Reno,Nevada,West,PRD-TEC-6635,Technology,Machines,Machines Executive 280,1,0.4,661.84,160.2
ORD-101080,2023-09-19,2023-09-25,CU-10191,Barbara Martin,Consumer,United States,Chicago,Illinois,Central,PRD-FUR-8760,Furniture,Tables,Tables Classic 332,10,0.0,2115.88,-13.4
ORD-101081,2024-03-30,2024-04-06,CU-10181,Mary Williams,Corporate,United States,Seattle,Washington,West,PRD-OFF-4070,Office Supplies,Binders,Binders Advanced 135,8,0.4,524.88,-66.77
ORD-101082,2025-03-07,2025-03-12,CU-10254,Elizabeth Davis,Corporate,United States,Newark,New Jersey,East,PRD-FUR-3996,Furniture,Chairs,Chairs Pro 603,2,0.1,328.64,97.43
ORD-101083,2023-07-03,2023-07-10,CU-10252,Karen Hernandez,Corporate,United States,Raleigh,North Carolina,South,PRD-OFF-3502,Office Supplies,Paper,Paper Advanced 553,5,0.1,131.08,44.71
ORD-101084,2023-10-18,2023-10-20,CU-10260,Charles Miller,Corporate,United States,Buffalo,New York,East,PRD-FUR-6530,Furniture,Bookcases,Bookcases Standard 834,3,0.3,423.87,-24.79
ORD-101085,2024-03-08,2024-03-11,CU-10025,Elizabeth Lee,Consumer,United States,Savannah,Georgia,South,PRD-FUR-6165,Furniture,Chairs,Chairs Pro 378,7,0.1,3976.08,-583.86
ORD-101086,2024-04-14,2024-04-21,CU-10286,Linda Wilson,Home Office,United States,Austin,Texas,Central,PRD-OFF-5699,Office Supplies,Paper,Paper Pro 775,2,0.0,98.63,10.29
ORD-101087,2025-03-28,2025-03-30,CU-10292,Michael Anderson,Consumer,United States,Raleigh,North Carolina,South,PRD-OFF-8014,Office Supplies,Storage,Storage Classic 146,6,0.0,422.39,14.42
ORD-101088,2024-07-02,2024-07-03,CU-10039,Richard Rodriguez,Corporate,United States,Cleveland,Ohio,Central,PRD-FUR-1008,Furniture,Chairs,Chairs Executive 706,4,0.0,2209.18,-264.88
ORD-101089,2023-10-08,2023-10-09,CU-10129,Michael Wilson,Home Office,United States,Las Vegas,Nevada,West,PRD-FUR-8045,Furniture,Chairs,Chairs Classic 198,3,0.1,1807.97,245.5
ORD-101090,2025-04-06,2025-04-10,CU-10272,David Thomas,Home Office,United States,Nashville,Tennessee,South,PRD-TEC-7379,Technology,Copiers,Copiers Deluxe 175,3,0.0,1156.26,-97.21
ORD-101091,2023-02-27,2023-03-03,CU-10173,John Rodriguez,Consumer,United States,Memphis,Tennessee,South,PRD-TEC-9396,Technology,Machines,Machines Basic 307,2,0.15,1027.2,-57.33
ORD-101092,2024-11-16,2024-11-18,CU-10119,Joseph Jones,Consumer,United States,Newark,New Jersey,East,PRD-FUR-8472,Furniture,Chairs,Chairs Advanced 962,1,0.15,602.15,79.19
ORD-101093,2024-08-04,2024-08-08,CU-10003,Patricia Jackson,Corporate,United States,New York City,New York,East,PRD-TEC-8375,Technology,Copiers,Copiers Executive 413,5,0.15,3271.64,445.59
ORD-101094,2024-09-25,2024-09-26,CU-10214,Robert Rodriguez,Corporate,United States,Reno,Nevada,West,PRD-TEC-1616,Technology,Phones,Phones Basic 978,6,0.1,3034.02,258.29
ORD-101095,2025-03-01,2025-03-04,CU-10289,Susan Hernandez,Corporate,United States,Savannah,Georgia,South,PRD-FUR-1130,Furniture,Chairs,Chairs Advanced 240,10,0.2,5132.43,753.35
ORD-101096,2024-01-03,2024-01-06,CU-10179,William Moore,Corporate,United States,Newark,New Jersey,East,PRD-OFF-6712,Office Supplies,Paper,Paper Executive 406,4,0.2,330.02,51.44
ORD-101097,2024-07-30,2024-08-03,CU-10222,Susan Lopez,Corporate,United States,Eugene,Oregon,West,PRD-OFF-5007,Office Supplies,Paper,Paper Basic 826,5,0.0,480.23,22.94
ORD-101098,2024-05-11,2024-05-18,CU-10132,Richard Rodriguez,Consumer,United States,Ann Arbor,Michigan,Central,PRD-TEC-1782,Technology,Accessories,Accessories Executive 370,1,0.0,1003.2,-77.19
ORD-101099,2024-11-03,2024-11-08,CU-10215,Barbara Moore,Home Office,United States,Las Vegas,Nevada,West,PRD-TEC-3839,Technology,Accessories,Accessories Elite 355,3,0.4,2423.9,-207.14
ORD-101100,2023-08-24,2023-08-31,CU-10245,Susan Martin,Corporate,United States,Worcester,Massachusetts,East,PRD-TEC-1166,Technology,Accessories,Accessories Deluxe 393,7,0.0,6293.89,-826.73
ORD-101101,2023-03-29,2023-04-01,CU-10142,Thomas Moore,Consumer,United States,Raleigh,North Carolina,South,PRD-FUR-4342,Furniture,Tables,Tables Pro 942,1,0.0,170.22,40.75
ORD-101102,2025-08-03,2025-08-06,CU-10201,Jennifer Garcia,Corporate,United States,Detroit,Michigan,Central,PRD-TEC-5277,Technology,Accessories,Accessories Classic 102,9,0.1,1331.46,428.98
ORD-101103,2025-01-08,2025-01-13,CU-10152,Susan Martin,Corporate,United States,Eugene,Oregon,West,PRD-OFF-4007,Office Supplies,Paper,Paper Elite 174,4,0.1,246.0,-0.42
ORD-101104,2024-01-26,2024-02-02,CU-10208,Linda Miller,Consumer,United States,Seattle,Washington,West,PRD-FUR-8385,Furniture,Bookcases,Bookcases Classic 399,3,0.15,702.15,-23.88
ORD-101105,2025-05-01,2025-05-06,CU-10202,Susan Smith,Home Office,United States,Buffalo,New York,East,PRD-TEC-8983,Technology,Machines,Machines Basic 490,10,0.0,12168.41,2108.99
ORD-101106,2025-06-16,2025-06-19,CU-10032,Joseph Lopez,Consumer,United States,Charlotte,North Carolina,South,PRD-OFF-5592,Office Supplies,Paper,Paper Advanced 159,3,0.0,288.91,-19.74
ORD-101107,2025-05-14,2025-05-18,CU-10173,John Rodriguez,Home Office,United States,Reno,Nevada,West,PRD-FUR-6409,Furniture,Tables,Tables Deluxe 236,9,0.0,8054.22,-1142.73
ORD-101108,2025-04-01,2025-04-06,CU-10055,John Moore,Consumer,United States,Seattle,Washington,West,PRD-FUR-6983,Furniture,Tables,Tables Deluxe 359,7,0.3,2196.08,530.7
ORD-101109,2023-01-22,2023-01-26,CU-10218,Patricia Rodriguez,Corporate,United States,Reno,Nevada,West,PRD-FUR-5232,Furniture,Chairs,Chairs Standard 384,6,0.1,1236.7,268.81
ORD-101110,2025-09-25,2025-09-27,CU-10120,Susan Garcia,Home Office,United States,Jersey City,New Jersey,East,PRD-FUR-3671,Furniture,Chairs,Chairs Standard 653,5,0.0,2198.42,-229.88
ORD-101111,2023-12-01,2023-12-07,CU-10067,Elizabeth Anderson,Consumer,United States,Dallas,Texas,Central,PRD-OFF-9113,Office Supplies,Art,Art Basic 776,9,0.4,509.01,87.09
ORD-101112,2024-10-19,2024-10-26,CU-10133,Joseph Martinez,Home Office,United States,Tampa,Florida,South,PRD-FUR-8686,Furniture,Bookcases,Bookcases Pro 495,6,0.4,2137.85,-155.97
ORD-101113,2023-10-31,2023-11-03,CU-10258,Karen Williams,Corporate,United States,Newark,New Jersey,East,PRD-TEC-8953,Technology,Phones,Phones Advanced 494,7,0.0,2935.43,949.84
ORD-101114,2024-05-25,2024-05-31,CU-10096,David Smith,Consumer,United States,Miami,Florida,South,PRD-FUR-7814,Furniture,Chairs,Chairs Elite 148,2,0.2,802.05,273.71
ORD-101115,2023-04-13,2023-04-19,CU-10037,Sarah Davis,Corporate,United States,Orlando,Florida,South,PRD-TEC-3919,Technology,Phones,Phones Deluxe 712,3,0.15,2417.83,476.85
ORD-101116,2024-10-13,2024-10-19,CU-10056,Jessica Williams,Consumer,United States,Miami,Florida,South,PRD-FUR-5739,Furniture,Furnishings,Furnishings Executive 866,5,0.0,1311.54,39.82
ORD-101117,2023-11-03,2023-11-05,CU-10057,Mary Brown,Home Office,United States,Savannah,Georgia,South,PRD-OFF-5749,Office Supplies,Storage,Storage Executive 970,4,0.1,324.38,-15.84
ORD-101118,2024-08-25,2024-08-28,CU-10226,Charles Miller,Home Office,United States,Pittsburgh,Pennsylvania,East,PRD-TEC-6723,Technology,Accessories,Accessories Pro 377,8,0.3,7264.67,1692.51
ORD-101119,2023-05-27,2023-06-01,CU-10160,James Thomas,Corporate,United States,Reno,Nevada,West,PRD-TEC-4030,Technology,Machines,Machines Executive 537,4,0.3,3148.79,-105.21
ORD-101120,2025-07-15,2025-07-19,CU-10242,Richard Jackson,Corporate,United States,Chicago,Illinois,Central,PRD-TEC-7043,Technology,Machines,Machines Pro 528,2,0.0,342.77,-46.65
ORD-101121,2023-11-19,2023-11-21,CU-10146,Karen Williams,Corporate,United States,Buffalo,New York,East,PRD-FUR-8590,Furniture,Chairs,Chairs Standard 705,6,0.1,1719.54,116.84
ORD-101122,2023-11-12,2023-11-18,CU-10209,Joseph Lopez,Consumer,United States,Portland,Oregon,West,PRD-OFF-4354,Office Supplies,Art,Art Elite 443,5,0.2,32.45,-3.29
ORD-101123,2023-08-08,2023-08-10,CU-10275,Joseph Garcia,Home Office,United States,Buffalo,New York,East,PRD-TEC-7096,Technology,Machines,Machines Standard 165,2,0.0,2854.29,688.04
ORD-101124,2024-08-29,2024-09-03,CU-10057,Mary Brown,Home Office,United States,Springfield,Illinois,Central,PRD-OFF-9802,Office Supplies,Labels,Labels Classic 511,5,0.2,67.83,-1.28
ORD-101125,2023-04-30,2023-05-04,CU-10158,Elizabeth Thomas,Consumer,United States,Chicago,Illinois,Central,PRD-OFF-5616,Office Supplies,Paper,Paper Classic 552,9,0.3,634.22,107.12
ORD-101126,2025-03-28,2025-04-03,CU-10159,David Williams,Consumer,United States,Boston,Massachusetts,East,PRD-OFF-1280,Office Supplies,Paper,Paper Elite 725,3,0.0,165.46,-8.83
ORD-101127,2024-09-17,2024-09-23,CU-10032,Joseph Lopez,Home Office,United States,Philadelphia,Pennsylvania,East,PRD-OFF-8315,Office Supplies,Labels,Labels Deluxe 914,2,0.0,121.69,-12.77
ORD-101128,2023-11-11,2023-11-18,CU-10208,Linda Miller,Consumer,United States,Austin,Texas,Central,PRD-TEC-3754,Technology,Machines,Machines Elite 853,9,0.3,4261.24,-594.58
ORD-101129,2023-01-05,2023-01-06,CU-10002,Linda Jones,Home Office,United States,Chicago,Illinois,Central,PRD-OFF-9674,Office Supplies,Paper,Paper Executive 293,2,0.0,155.32,-2.32
ORD-101130,2024-04-26,2024-05-01,CU-10000,Patricia Smith,Home Office,United States,Springfield,Illinois,Central,PRD-FUR-4721,Furniture,Chairs,Chairs Pro 561,7,0.3,2469.03,782.14
ORD-101131,2023-12-30,2024-01-06,CU-10284,Sarah Williams,Consumer,United States,Las Vegas,Nevada,West,PRD-OFF-8452,Office Supplies,Art,Art Elite 617,6,0.3,447.62,-27.52
ORD-101132,2023-08-03,2023-08-05,CU-10222,Susan Lopez,Consumer,United States,Houston,Texas,Central,PRD-FUR-4061,Furniture,Tables,Tables Standard 305,4,0.1,2373.7,58.54
ORD-101133,2025-08-02,2025-08-08,CU-10032,Joseph Lopez,Corporate,United States,Charlotte,North Carolina,South,PRD-OFF-9818,Office Supplies,Art,Art Executive 197,1,0.0,77.35,-11.36
ORD-101134,2025-12-06,2025-12-07,CU-10136,Michael Martinez,Consumer,United States,San Diego,California,West,PRD-OFF-9736,Office Supplies,Labels,Labels Classic 519,2,0.3,88.01,12.3
ORD-101135,2024-05-20,2024-05-25,CU-10153,Charles Moore,Home Office,United States,Detroit,Michigan,Central,PRD-TEC-6798,Technology,Phones,Phones Standard 818,7,0.3,6085.13,1410.9
ORD-101136,2023-07-12,2023-07-14,CU-10165,John Lopez,Home Office,United States,Savannah,Georgia,South,PRD-TEC-5880,Technology,Machines,Machines Advanced 433,4,0.0,3843.99,891.8
ORD-101137,2023-10-07,2023-10-12,CU-10011,Susan Davis,Consumer,United States,Raleigh,North Carolina,South,PRD-TEC-1063,Technology,Copiers,Copiers Executive 704,5,0.4,2841.5,-395.55
ORD-101138,2025-07-25,2025-07-28,CU-10254,Elizabeth Davis,Corporate,United States,Cleveland,Ohio,Central,PRD-OFF-8509,Office Supplies,Binders,Binders Deluxe 921,10,0.4,614.42,-17.65
ORD-101139,2025-11-28,2025-12-04,CU-10175,Sarah Jones,Corporate,United States,Las Vegas,Nevada,West,PRD-OFF-6352,Office Supplies,Labels,Labels Pro 371,5,0.3,336.41,96.86
ORD-101140,2023-12-17,2023-12-18,CU-10016,John Miller,Corporate,United States,Las Vegas,Nevada,West,PRD-FUR-5139,Furniture,Furnishings,Furnishings Executive 396,9,0.0,5053.99,-74.4
ORD-101141,2025-01-04,2025-01-09,CU-10053,Charles Wilson,Home Office,United States,San Diego,California,West,PRD-TEC-2736,Technology,Machines,Machines Pro 437,8,0.4,4075.41,-77.61
ORD-101142,2024-12-12,2024-12-16,CU-10121,William Thomas,Corporate,United States,Jersey City,New Jersey,East,PRD-FUR-6830,Furniture,Chairs,Chairs Pro 317,1,0.3,439.4,-43.54
ORD-101143,2024-02-21,2024-02-22,CU-10183,Mary Smith,Home Office,United States,Charlotte,North Carolina,South,PRD-OFF-1848,Office Supplies,Labels,Labels Deluxe 945,8,0.15,554.0,36.56
ORD-101144,2025-10-26,2025-11-02,CU-10245,Susan Martin,Consumer,United States,Buffalo,New York,East,PRD-OFF-5843,Office Supplies,Binders,Binders Pro 215,4,0.1,385.86,-5.52
ORD-101145,2024-09-12,2024-09-15,CU-10067,Elizabeth Anderson,Corporate,United States,Worcester,Massachusetts,East,PRD-TEC-3065,Technology,Accessories,Accessories Executive 672,7,0.0,3403.97,132.47
ORD-101146,2023-08-28,2023-08-31,CU-10176,William Martinez,Corporate,United States,Nashville,Tennessee,South,PRD-OFF-1481,Office Supplies,Paper,Paper Standard 975,3,0.15,15.07,1.05
ORD-101147,2024-06-13,2024-06-17,CU-10157,Richard Jones,Home Office,United States,Memphis,Tennessee,South,PRD-OFF-6120,Office Supplies,Storage,Storage Advanced 711,4,0.1,153.07,17.94
ORD-101148,2023-01-13,2023-01-17,CU-10041,David Johnson,Home Office,United States,Eugene,Oregon,West,PRD-OFF-2113,Office Supplies,Paper,Paper Elite 270,10,0.0,902.18,291.63
ORD-101149,2025-08-25,2025-08-27,CU-10073,Karen Miller,Corporate,United States,Nashville,Tennessee,South,PRD-OFF-6001,Office Supplies,Labels,Labels Deluxe 732,6,0.2,417.23,-26.92
ORD-101150,2023-12-15,2023-12-21,CU-10177,Karen Miller,Corporate,United States,Portland,Oregon,West,PRD-FUR-1772,Furniture,Bookcases,Bookcases Classic 477,10,0.0,1214.28,139.09
ORD-101151,2025-01-13,2025-01-16,CU-10047,Jessica Wilson,Corporate,United States,Ann Arbor,Michigan,Central,PRD-OFF-5846,Office Supplies,Art,Art Deluxe 883,6,0.4,165.64,47.53
ORD-101152,2023-08-18,2023-08-25,CU-10236,David Wilson,Home Office,United States,Pittsburgh,Pennsylvania,East,PRD-TEC-9754,Technology,Copiers,Copiers Deluxe 366,5,0.1,464.12,43.7
ORD-101153,2023-03-04,2023-03-06,CU-10099,Linda Smith,Consumer,United States,Jersey City,New Jersey,East,PRD-FUR-9290,Furniture,Tables,Tables Deluxe 945,9,0.0,7476.1,796.13
ORD-101154,2025-12-31,2026-01-02,CU-10285,John Jones,Corporate,United States,Philadelphia,Pennsylvania,East,PRD-TEC-3002,Technology,Copiers,Copiers Deluxe 109,5,0.0,2540.78,17.1
ORD-101155,2025-06-30,2025-07-06,CU-10156,Linda Rodriguez,Corporate,United States,Charlotte,North Carolina,South,PRD-TEC-8837,Technology,Machines,Machines Classic 931,9,0.2,9374.7,585.24
ORD-101156,2024-01-21,2024-01-24,CU-10142,Thomas Moore,Home Office,United States,Nashville,Tennessee,South,PRD-OFF-7488,Office Supplies,Art,Art Executive 266,10,0.15,618.1,-23.34
ORD-101157,2023-10-07,2023-10-12,CU-10294,James Martin,Corporate,United States,Ann Arbor,Michigan,Central,PRD-OFF-1277,Office Supplies,Binders,Binders Pro 806,1,0.4,39.73,-1.43
ORD-101158,2025-12-24,2025-12-26,CU-10174,Patricia Brown,Consumer,United States,San Diego,California,West,PRD-TEC-8500,Technology,Copiers,Copiers Basic 394,3,0.15,2849.31,454.83
ORD-101159,2025-01-29,2025-02-02,CU-10087,Jennifer Rodriguez,Home Office,United States,Ann Arbor,Michigan,Central,PRD-TEC-8581,Technology,Accessories,Accessories Standard 630,2,0.4,309.62,68.92
ORD-101160,2023-06-01,2023-06-08,CU-10070,Thomas Garcia,Consumer,United States,Springfield,Illinois,Central,PRD-OFF-5356,Office Supplies,Binders,Binders Advanced 868,10,0.2,882.63,225.46
ORD-101161,2024-02-27,2024-03-02,CU-10254,Elizabeth Davis,Consumer,United States,Las Vegas,Nevada,West,PRD-FUR-5026,Furniture,Tables,Tables Pro 314,9,0.0,4296.25,1021.13
ORD-101162,2025-10-03,2025-10-10,CU-10275,Joseph Garcia,Home Office,United States,Pittsburgh,Pennsylvania,East,PRD-FUR-7966,Furniture,Chairs,Chairs Standard 953,2,0.0,857.0,111.53
ORD-101163,2025-05-16,2025-05-21,CU-10106,Sarah Jones,Home Office,United States,Portland,Oregon,West,PRD-TEC-7464,Technology,Accessories,Accessories Pro 872,8,0.2,8079.33,-423.52
ORD-101164,2023-02-10,2023-02-16,CU-10062,Joseph Moore,Consumer,United States,Newark,New Jersey,East,PRD-FUR-1967,Furniture,Tables,Tables Classic 414,3,0.3,1258.68,-162.2
ORD-101165,2025-12-23,2025-12-26,CU-10273,Karen Moore,Corporate,United States,New York City,New York,East,PRD-OFF-9698,Office Supplies,Binders,Binders Standard 406,4,0.2,92.02,29.11
ORD-101166,2025-10-13,2025-10-15,CU-10194,Mary Martinez,Consumer,United States,Savannah,Georgia,South,PRD-FUR-9921,Furniture,Bookcases,Bookcases Executive 681,4,0.0,910.55,148.71
ORD-101167,2024-10-20,2024-10-27,CU-10220,William Johnson,Corporate,United States,Pittsburgh,Pennsylvania,East,PRD-TEC-6850,Technology,Machines,Machines Elite 766,6,0.4,1429.71,191.65
ORD-101168,2024-12-11,2024-12-18,CU-10059,Susan Lee,Consumer,United States,Worcester,Massachusetts,East,PRD-OFF-3595,Office Supplies,Labels,Labels Pro 775,3,0.0,329.3,25.84
ORD-101169,2025-05-13,2025-05-20,CU-10193,Susan Jones,Consumer,United States,Orlando,Florida,South,PRD-OFF-2717,Office Supplies,Paper,Paper Elite 486,5,0.0,494.78,-65.57
ORD-101170,2025-08-03,2025-08-06,CU-10104,Linda Rodriguez,Corporate,United States,Cleveland,Ohio,Central,PRD-FUR-3338,Furniture,Bookcases,Bookcases Elite 138,4,0.1,2227.99,-324.98
ORD-101171,2025-09-23,2025-09-27,CU-10106,Sarah Jones,Corporate,United States,Atlanta,Georgia,South,PRD-TEC-7746,Technology,Accessories,Accessories Basic 564,2,0.1,1635.06,512.24
ORD-101172,2023-04-02,2023-04-06,CU-10253,Robert Davis,Home Office,United States,Charlotte,North Carolina,South,PRD-FUR-4885,Furniture,Tables,Tables Basic 728,9,0.2,3140.59,-295.39
ORD-101173,2024-11-04,2024-11-09,CU-10232,David Lee,Corporate,United States,Las Vegas,Nevada,West,PRD-OFF-5439,Office Supplies,Paper,Paper Pro 757,7,0.0,807.68,184.78
ORD-101174,2023-03-13,2023-03-15,CU-10156,Linda Rodriguez,Corporate,United States,San Diego,California,West,PRD-FUR-8780,Furniture,Furnishings,Furnishings Classic 767,6,0.3,3643.63,-29.21
ORD-101175,2025-07-09,2025-07-10,CU-10128,Jessica Taylor,Home Office,United States,Newark,New Jersey,East,PRD-FUR-7486,Furniture,Chairs,Chairs Advanced 297,9,0.0,6768.17,828.94
ORD-101176,2023-09-30,2023-10-03,CU-10135,Jessica Jones,Consumer,United States,San Francisco,California,West,PRD-TEC-5579,Technology,Machines,Machines Deluxe 187,10,0.0,7028.05,-1028.47
ORD-101177,2023-05-16,2023-05-17,CU-10028,Mary Davis,Home Office,United States,Charlotte,North Carolina,South,PRD-FUR-6071,Furniture,Tables,Tables Basic 480,4,0.4,1833.98,380.17
ORD-101178,2023-07-22,2023-07-28,CU-10073,Karen Miller,Consumer,United States,Eugene,Oregon,West,PRD-TEC-7114,Technology,Copiers,Copiers Standard 862,7,0.1,5561.56,-324.43
ORD-101179,2023-06-10,2023-06-14,CU-10152,Susan Martin,Consumer,United States,Spokane,Washington,West,PRD-OFF-9615,Office Supplies,Paper,Paper Standard 529,2,0.1,180.49,0.49
ORD-101180,2025-06-02,2025-06-03,CU-10195,Barbara Johnson,Consumer,United States,San Francisco,California,West,PRD-FUR-4873,Furniture,Furnishings,Furnishings Classic 811,3,0.0,293.03,43.16
ORD-101181,2025-03-11,2025-03-18,CU-10212,Michael Wilson,Corporate,United States,San Diego,California,West,PRD-FUR-3237,Furniture,Furnishings,Furnishings Pro 110,6,0.0,2670.72,260.31
ORD-101182,2024-11-14,2024-11-21,CU-10288,Robert Anderson,Consumer,United States,Buffalo,New York,East,PRD-TEC-7236,Technology,Copiers,Copiers Elite 294,1,0.1,167.05,20.09
ORD-101183,2023-03-26,2023-04-01,CU-10260,Charles Miller,Corporate,United States,Tampa,Florida,South,PRD-OFF-2832,Office Supplies,Paper,Paper Standard 222,1,0.15,29.07,6.45
ORD-101184,2025-10-12,2025-10-13,CU-10291,Susan Johnson,Consumer,United States,San Francisco,California,West,PRD-OFF-3158,Office Supplies,Storage,Storage Basic 350,7,0.15,699.2,-2.4
ORD-101185,2024-01-12,2024-01-15,CU-10073,Karen Miller,Consumer,United States,Boston,Massachusetts,East,PRD-OFF-5998,Office Supplies,Paper,Paper Deluxe 701,5,0.0,106.6,15.1
ORD-101186,2025-07-02,2025-07-09,CU-10242,Richard Jackson,Consumer,United States,Las Vegas,Nevada,West,PRD-TEC-8628,Technology,Machines,Machines Executive 756,6,0.3,1005.05,-111.11
ORD-101187,2024-09-06,2024-09-12,CU-10285,John Jones,Corporate,United States,Jersey City,New Jersey,East,PRD-TEC-9798,Technology,Accessories,Accessories Advanced 214,7,0.0,6185.97,60.84
ORD-101188,2023-07-06,2023-07-08,CU-10220,William Johnson,Corporate,United States,Raleigh,North Carolina,South,PRD-OFF-9195,Office Supplies,Labels,Labels Executive 910,9,0.0,176.34,53.59
ORD-101189,2025-12-12,2025-12-15,CU-10159,David Williams,Home Office,United States,Charlotte,North Carolina,South,PRD-TEC-3140,Technology,Machines,Machines Classic 940,9,0.0,1879.44,179.2
ORD-101190,2023-06-25,2023-06-29,CU-10153,Charles Moore,Home Office,United States,Buffalo,New York,East,PRD-TEC-9353,Technology,Machines,Machines Executive 722,3,0.15,3749.75,450.59
ORD-101191,2025-06-14,2025-06-17,CU-10229,Thomas Jackson,Consumer,United States,Newark,New Jersey,East,PRD-TEC-4265,Technology,Copiers,Copiers Advanced 380,7,0.0,448.74,156.58
ORD-101192,2025-10-03,2025-10-09,CU-10075,Jennifer Jackson,Consumer,United States,Pittsburgh,Pennsylvania,East,PRD-FUR-7607,Furniture,Tables,Tables Pro 162,1,0.15,55.63,12.34
ORD-101193,2025-07-17,2025-07-19,CU-10056,Jessica Williams,Consumer,United States,New York City,New York,East,PRD-OFF-3494,Office Supplies,Binders,Binders Executive 917,1,0.3,80.37,10.76
ORD-101194,2024-04-26,2024-04-28,CU-10253,Robert Davis,Home Office,United States,Reno,Nevada,West,PRD-TEC-9972,Technology,Phones,Phones Executive 109,9,0.0,7540.41,2423.5
ORD-101195,2025-05-20,2025-05-24,CU-10132,Richard Rodriguez,Consumer,United States,Atlanta,Georgia,South,PRD-FUR-2574,Furniture,Bookcases,Bookcases Deluxe 355,7,0.4,633.9,-68.94
ORD-101196,2025-12-07,2025-12-08,CU-10162,Patricia Williams,Corporate,United States,Pittsburgh,Pennsylvania,East,PRD-TEC-4333,Technology,Machines,Machines Basic 253,1,0.0,1279.4,-148.15
ORD-101197,2024-10-25,2024-11-01,CU-10122,Linda Williams,Consumer,United States,Ann Arbor,Michigan,Central,PRD-OFF-8076,Office Supplies,Storage,Storage Executive 688,10,0.15,319.51,89.98
ORD-101198,2025-06-23,2025-06-25,CU-10027,Michael Williams,Corporate,United States,New York City,New York,East,PRD-TEC-9410,Technology,Phones,Phones Standard 823,9,0.0,2436.31,429.54
ORD-101199,2025-07-03,2025-07-08,CU-10147,Linda Wilson,Consumer,United States,Jersey City,New Jersey,East,PRD-FUR-4156,Furniture,Bookcases,Bookcases Elite 608,5,0.2,2542.01,428.55
ORD-101200,2025-04-22,2025-04-25,CU-10081,Mary Davis,Consumer,United States,Eugene,Oregon,West,PRD-FUR-2903,Furniture,Bookcases,Bookcases Elite 263,10,0.2,1043.97,-100.65
ORD-101201,2025-05-07,2025-05-08,CU-10090,Sarah Miller,Corporate,United States,Columbus,Ohio,Central,PRD-TEC-1881,Technology,Copiers,Copiers Elite 132,1,0.3,91.21,4.94
ORD-101202,2023-06-24,2023-06-26,CU-10287,John Miller,Consumer,United States,Spokane,Washington,West,PRD-FUR-3049,Furniture,Chairs,Chairs Standard 305,3,0.0,1597.89,40.62
ORD-101203,2023-03-02,2023-03-08,CU-10135,Jessica Jones,Home Office,United States,Dallas,Texas,Central,PRD-OFF-3364,Office Supplies,Art,Art Advanced 329,5,0.15,375.79,66.72
ORD-101204,2025-06-19,2025-06-23,CU-10112,Barbara Anderson,Consumer,United States,Detroit,Michigan,Central,PRD-TEC-6064,Technology,Phones,Phones Advanced 342,1,0.1,1087.11,360.94
ORD-101205,2025-10-04,2025-10-11,CU-10076,Thomas Smith,Home Office,United States,Springfield,Illinois,Central,PRD-OFF-4002,Office Supplies,Binders,Binders Classic 519,9,0.0,1018.11,267.79
ORD-101206,2025-03-18,2025-03-22,CU-10001,William Davis,Corporate,United States,Memphis,Tennessee,South,PRD-TEC-7697,Technology,Copiers,Copiers Standard 976,3,0.4,2508.42,732.3
ORD-101207,2025-06-24,2025-06-29,CU-10138,Charles Jackson,Consumer,United States,Ann Arbor,Michigan,Central,PRD-TEC-5969,Technology,Machines,Machines Pro 754,4,0.0,5854.81,1482.08
ORD-101208,2025-10-22,2025-10-27,CU-10247,Joseph Thomas,Consumer,United States,Chicago,Illinois,Central,PRD-OFF-2809,Office Supplies,Storage,Storage Deluxe 414,1,0.3,37.25,4.61
ORD-101209,2023-11-05,2023-11-06,CU-10172,Elizabeth Brown,Consumer,United States,Raleigh,North Carolina,South,PRD-OFF-2656,Office Supplies,Storage,Storage Standard 117,7,0.0,257.51,60.05
ORD-101210,2025-10-06,2025-10-13,CU-10100,Robert Johnson,Consumer,United States,Jersey City,New Jersey,East,PRD-FUR-9654,Furniture,Furnishings,Furnishings Deluxe 414,4,0.0,1347.03,285.58
ORD-101211,2025-11-24,2025-11-27,CU-10214,Robert Rodriguez,Corporate,United States,Worcester,Massachusetts,East,PRD-FUR-5570,Furniture,Bookcases,Bookcases Elite 936,2,0.2,1430.43,7.87
ORD-101212,2023-06-18,2023-06-25,CU-10095,Linda Williams,Home Office,United States,Los Angeles,California,West,PRD-OFF-9277,Office Supplies,Binders,Binders Basic 725,9,0.0,897.63,-89.55
ORD-101213,2025-02-27,2025-02-28,CU-10029,Elizabeth Williams,Home Office,United States,Seattle,Washington,West,PRD-FUR-1531,Furniture,Chairs,Chairs Classic 663,10,0.0,5794.63,1470.64
ORD-101214,2023-01-28,2023-01-30,CU-10152,Susan Martin,Consumer,United States,Miami,Florida,South,PRD-TEC-7356,Technology,Copiers,Copiers Elite 703,8,0.0,928.81,271.5
ORD-101215,2023-11-15,2023-11-22,CU-10181,Mary Williams,Home Office,United States,Philadelphia,Pennsylvania,East,PRD-TEC-8168,Technology,Accessories,Accessories Classic 941,9,0.0,573.0,-63.88
ORD-101216,2024-11-28,2024-11-30,CU-10172,Elizabeth Brown,Corporate,United States,Los Angeles,California,West,PRD-FUR-7807,Furniture,Furnishings,Furnishings Pro 582,3,0.1,1923.7,161.54
ORD-101217,2023-08-05,2023-08-09,CU-10014,Jennifer Anderson,Consumer,United States,Boston,Massachusetts,East,PRD-FUR-7868,Furniture,Furnishings,Furnishings Basic 592,8,0.1,5102.35,-662.49
ORD-101218,2023-08-06,2023-08-07,CU-10093,Thomas Thomas,Home Office,United States,Austin,Texas,Central,PRD-TEC-3211,Technology,Accessories,Accessories Advanced 576,9,0.15,3232.09,-171.05
ORD-101219,2024-03-12,2024-03-16,CU-10095,Linda Williams,Home Office,United States,San Francisco,California,West,PRD-FUR-8249,Furniture,Furnishings,Furnishings Executive 664,6,0.0,4619.27,205.4
ORD-101220,2024-12-31,2025-01-01,CU-10223,David Anderson,Home Office,United States,Jersey City,New Jersey,East,PRD-TEC-1072,Technology,Machines,Machines Elite 429,1,0.0,1347.24,59.54
ORD-101221,2025-09-10,2025-09-11,CU-10111,Patricia Anderson,Home Office,United States,Portland,Oregon,West,PRD-TEC-5727,Technology,Accessories,Accessories Standard 388,4,0.1,3416.41,474.69
ORD-101222,2024-08-22,2024-08-27,CU-10033,Jennifer Lopez,Corporate,United States,Los Angeles,California,West,PRD-FUR-7177,Furniture,Furnishings,Furnishings Elite 933,1,0.2,255.15,78.02
ORD-101223,2025-09-02,2025-09-08,CU-10186,Joseph Jackson,Home Office,United States,Raleigh,North Carolina,South,PRD-FUR-5524,Furniture,Tables,Tables Advanced 338,5,0.0,2587.29,750.91
ORD-101224,2025-10-18,2025-10-22,CU-10132,Richard Rodriguez,Consumer,United States,Reno,Nevada,West,PRD-OFF-2251,Office Supplies,Art,Art Deluxe 665,6,0.0,557.79,68.61
ORD-101225,2025-07-08,2025-07-12,CU-10168,Jennifer Thomas,Home Office,United States,Newark,New Jersey,East,PRD-OFF-8567,Office Supplies,Labels,Labels Classic 618,2,0.0,69.71,16.12
ORD-101226,2023-11-26,2023-11-28,CU-10196,Barbara Miller,Corporate,United States,Jersey City,New Jersey,East,PRD-OFF-4335,Office Supplies,Storage,Storage Basic 532,8,0.0,73.74,-10.05
ORD-101227,2023-05-06,2023-05-13,CU-10256,James Johnson,Corporate,United States,Orlando,Florida,South,PRD-OFF-4042,Office Supplies,Art,Art Deluxe 592,1,0.1,54.87,6.31
ORD-101228,2025-06-24,2025-06-27,CU-10037,Sarah Davis,Home Office,United States,Cleveland,Ohio,Central,PRD-FUR-8387,Furniture,Furnishings,Furnishings Pro 265,10,0.3,1377.91,469.36
ORD-101229,2024-01-16,2024-01-21,CU-10264,Patricia Anderson,Corporate,United States,Dallas,Texas,Central,PRD-OFF-4383,Office Supplies,Storage,Storage Standard 110,8,0.4,232.24,74.97
ORD-101230,2024-11-23,2024-11-25,CU-10280,William Thomas,Home Office,United States,Memphis,Tennessee,South,PRD-FUR-1494,Furniture,Bookcases,Bookcases Standard 323,9,0.0,3748.97,199.51
ORD-101231,2024-06-23,2024-06-28,CU-10267,Mary Jackson,Consumer,United States,Atlanta,Georgia,South,PRD-TEC-7850,Technology,Accessories,Accessories Advanced 896,4,0.0,347.32,30.26
ORD-101232,2023-06-21,2023-06-24,CU-10230,Michael Lopez,Corporate,United States,Charlotte,North Carolina,South,PRD-FUR-6640,Furniture,Bookcases,Bookcases Executive 561,1,0.4,405.74,83.31
ORD-101233,2024-06-05,2024-06-07,CU-10223,David Anderson,Home Office,United States,New York City,New York,East,PRD-OFF-3884,Office Supplies,Paper,Paper Standard 588,4,0.1,328.33,-19.66
ORD-101234,2023-12-26,2024-01-01,CU-10075,Jennifer Jackson,Consumer,United States,Miami,Florida,South,PRD-OFF-3582,Office Supplies,Storage,Storage Classic 536,10,0.0,615.59,147.57
ORD-101235,2025-01-31,2025-02-01,CU-10147,Linda Wilson,Consumer,United States,Detroit,Michigan,Central,PRD-OFF-3952,Office Supplies,Paper,Paper Elite 955,7,0.0,41.33,-2.33
ORD-101236,2025-04-26,2025-05-01,CU-10281,Robert Martinez,Consumer,United States,Buffalo,New York,East,PRD-TEC-1316,Technology,Copiers,Copiers Basic 607,2,0.4,1570.93,129.25
ORD-101237,2024-03-18,2024-03-25,CU-10041,David Johnson,Consumer,United States,Savannah,Georgia,South,PRD-OFF-5581,Office Supplies,Binders,Binders Pro 398,10,0.0,262.46,-6.06
ORD-101238,2025-02-10,2025-02-15,CU-10114,Mary Brown,Home Office,United States,Boston,Massachusetts,East,PRD-OFF-6326,Office Supplies,Art,Art Executive 347,9,0.3,192.55,43.92
ORD-101239,2024-06-16,2024-06-17,CU-10080,Elizabeth Davis,Home Office,United States,Columbus,Ohio,Central,PRD-TEC-2931,Technology,Machines,Machines Deluxe 230,8,0.0,6121.77,-428.32
ORD-101240,2025-03-04,2025-03-06,CU-10178,David Miller,Consumer,United States,Pittsburgh,Pennsylvania,East,PRD-FUR-5976,Furniture,Furnishings,Furnishings Executive 563,7,0.0,4193.0,530.34
ORD-101241,2024-12-29,2024-12-31,CU-10250,Jennifer Williams,Corporate,United States,Columbus,Ohio,Central,PRD-TEC-1355,Technology,Phones,Phones Executive 408,1,0.3,403.84,110.35
ORD-101242,2023-12-14,2023-12-15,CU-10279,Jessica Davis,Home Office,United States,New York City,New York,East,PRD-FUR-5579,Furniture,Tables,Tables Standard 890,2,0.1,1473.3,235.5
ORD-101243,2024-06-14,2024-06-19,CU-10293,Richard Martin,Consumer,United States,Newark,New Jersey,East,PRD-OFF-7131,Office Supplies,Paper,Paper Deluxe 311,3,0.0,72.88,-5.32
ORD-101244,2024-11-09,2024-11-12,CU-10030,Linda Brown,Corporate,United States,Jersey City,New Jersey,East,PRD-OFF-4410,Office Supplies,Binders,Binders Deluxe 975,7,0.15,586.15,115.81
ORD-101245,2024-02-01,2024-02-08,CU-10125,Sarah Smith,Consumer,United States,Spokane,Washington,West,PRD-OFF-5414,Office Supplies,Paper,Paper Executive 235,1,0.1,7.26,-0.64
ORD-101246,2024-07-07,2024-07-08,CU-10082,Charles Williams,Home Office,United States,Worcester,Massachusetts,East,PRD-OFF-6062,Office Supplies,Storage,Storage Standard 157,2,0.0,232.41,21.05
ORD-101247,2025-01-31,2025-02-03,CU-10081,Mary Davis,Consumer,United States,Buffalo,New York,East,PRD-TEC-3962,Technology,Accessories,Accessories Elite 679,4,0.0,5918.71,846.25
ORD-101248,2025-03-21,2025-03-25,CU-10038,Jennifer Thomas,Corporate,United States,San Francisco,California,West,PRD-FUR-2685,Furniture,Furnishings,Furnishings Standard 533,5,0.3,1583.52,-38.1
ORD-101249,2023-10-18,2023-10-24,CU-10013,William Smith,Consumer,United States,Orlando,Florida,South,PRD-FUR-2734,Furniture,Chairs,Chairs Standard 775,9,0.0,7353.25,-400.56
ORD-101250,2023-05-09,2023-05-12,CU-10117,Linda Miller,Corporate,United States,Columbus,Ohio,Central,PRD-FUR-8235,Furniture,Bookcases,Bookcases Deluxe 837,3,0.0,405.94,44.13
ORD-101251,2025-09-20,2025-09-25,CU-10236,David Wilson,Home Office,United States,Eugene,Oregon,West,PRD-FUR-6264,Furniture,Bookcases,Bookcases Basic 980,3,0.15,459.83,75.48
ORD-101252,2023-08-13,2023-08-18,CU-10092,Barbara Thomas,Corporate,United States,Pittsburgh,Pennsylvania,East,PRD-FUR-8045,Furniture,Furnishings,Furnishings Classic 749,7,0.1,4757.05,1088.3
ORD-101253,2024-12-26,2024-12-27,CU-10183,Mary Smith,Corporate,United States,Jersey City,New Jersey,East,PRD-TEC-9690,Technology,Accessories,Accessories Executive 381,1,0.2,624.01,135.8
ORD-101254,2024-01-29,2024-02-05,CU-10277,William Davis,Home Office,United States,Eugene,Oregon,West,PRD-OFF-3757,Office Supplies,Paper,Paper Executive 907,3,0.0,190.23,34.1
ORD-101255,2025-01-12,2025-01-15,CU-10110,Michael Brown,Home Office,United States,Columbus,Ohio,Central,PRD-OFF-7647,Office Supplies,Paper,Paper Standard 276,3,0.0,17.97,0.47
ORD-101256,2023-12-11,2023-12-18,CU-10153,Charles Moore,Consumer,United States,Savannah,Georgia,South,PRD-TEC-2428,Technology,Accessories,Accessories Standard 761,1,0.1,1079.76,335.84
ORD-101257,2024-08-11,2024-08-16,CU-10293,Richard Martin,Home Office,United States,Los Angeles,California,West,PRD-TEC-1862,Technology,Copiers,Copiers Executive 274,8,0.2,322.29,85.09
ORD-101258,2025-01-09,2025-01-13,CU-10099,Linda Smith,Corporate,United States,San Francisco,California,West,PRD-TEC-4289,Technology,Phones,Phones Pro 834,4,0.1,4148.55,-112.82
ORD-101259,2023-12-30,2024-01-01,CU-10082,Charles Williams,Consumer,United States,Detroit,Michigan,Central,PRD-TEC-1610,Technology,Machines,Machines Executive 972,1,0.0,80.84,6.52
ORD-101260,2024-10-18,2024-10-22,CU-10143,Jennifer Johnson,Home Office,United States,Tampa,Florida,South,PRD-OFF-6334,Office Supplies,Binders,Binders Classic 546,3,0.2,72.28,-10.47
ORD-101261,2024-04-12,2024-04-16,CU-10088,Thomas Lee,Consumer,United States,Eugene,Oregon,West,PRD-OFF-2878,Office Supplies,Art,Art Standard 977,4,0.1,103.11,25.08
ORD-101262,2023-01-26,2023-02-01,CU-10132,Richard Rodriguez,Corporate,United States,Dallas,Texas,Central,PRD-FUR-8600,Furniture,Tables,Tables Elite 498,6,0.1,1536.94,122.78
ORD-101263,2025-08-20,2025-08-26,CU-10198,Barbara Jackson,Consumer,United States,Ann Arbor,Michigan,Central,PRD-OFF-8755,Office Supplies,Paper,Paper Basic 718,5,0.3,409.81,104.27
ORD-101264,2024-11-02,2024-11-09,CU-10174,Patricia Brown,Consumer,United States,Boston,Massachusetts,East,PRD-OFF-5368,Office Supplies,Labels,Labels Deluxe 276,5,0.1,43.81,3.18
ORD-101265,2024-07-01,2024-07-02,CU-10254,Elizabeth Davis,Corporate,United States,Spokane,Washington,West,PRD-OFF-5807,Office Supplies,Storage,Storage Deluxe 613,7,0.0,396.15,-26.64
ORD-101266,2025-01-27,2025-02-02,CU-10115,Mary Wilson,Home Office,United States,Savannah,Georgia,South,PRD-TEC-1198,Technology,Phones,Phones Basic 804,8,0.15,7576.67,-897.0
ORD-101267,2023-01-07,2023-01-12,CU-10173,John Rodriguez,Corporate,United States,Eugene,Oregon,West,PRD-TEC-1532,Technology,Accessories,Accessories Standard 193,7,0.0,8269.33,2212.99
ORD-101268,2024-03-27,2024-03-31,CU-10273,Karen Moore,Consumer,United States,Pittsburgh,Pennsylvania,East,PRD-OFF-8488,Office Supplies,Art,Art Executive 854,2,0.15,97.57,-1.18
ORD-101269,2023-04-15,2023-04-19,CU-10192,Sarah Jones,Corporate,United States,Worcester,Massachusetts,East,PRD-OFF-5864,Office Supplies,Art,Art Classic 234,7,0.0,360.33,12.2
ORD-101270,2023-06-28,2023-07-03,CU-10190,Sarah Johnson,Corporate,United States,New York City,New York,East,PRD-OFF-4869,Office Supplies,Paper,Paper Elite 111,9,0.3,61.21,-8.56
ORD-101271,2025-01-14,2025-01-18,CU-10219,Jennifer Martin,Consumer,United States,Philadelphia,Pennsylvania,East,PRD-TEC-4456,Technology,Machines,Machines Classic 373,7,0.4,374.73,64.57
ORD-101272,2023-02-15,2023-02-22,CU-10207,Mary Taylor,Consumer,United States,Tampa,Florida,South,PRD-FUR-8407,Furniture,Tables,Tables Executive 520,8,0.0,6596.33,1553.76
ORD-101273,2025-11-06,2025-11-12,CU-10259,Joseph Anderson,Home Office,United States,Charlotte,North Carolina,South,PRD-OFF-9252,Office Supplies,Labels,Labels Pro 496,8,0.0,566.83,112.34
ORD-101274,2025-09-13,2025-09-17,CU-10012,Joseph Martin,Home Office,United States,Columbus,Ohio,Central,PRD-TEC-2273,Technology,Accessories,Accessories Standard 242,2,0.3,1385.26,322.07
ORD-101275,2025-04-02,2025-04-08,CU-10226,Charles Miller,Consumer,United States,Worcester,Massachusetts,East,PRD-FUR-3905,Furniture,Chairs,Chairs Elite 511,3,0.0,1623.6,141.71
ORD-101276,2025-11-08,2025-11-15,CU-10041,David Johnson,Home Office,United States,Las Vegas,Nevada,West,PRD-FUR-6045,Furniture,Furnishings,Furnishings Advanced 887,4,0.0,2826.89,330.6
ORD-101277,2024-06-21,2024-06-23,CU-10207,Mary Taylor,Consumer,United States,Chicago,Illinois,Central,PRD-TEC-6878,Technology,Machines,Machines Elite 790,4,0.0,5939.49,-555.48
ORD-101278,2025-05-07,2025-05-11,CU-10013,William Smith,Home Office,United States,Atlanta,Georgia,South,PRD-OFF-9398,Office Supplies,Labels,Labels Classic 294,1,0.15,101.63,-3.46
ORD-101279,2024-07-23,2024-07-29,CU-10125,Sarah Smith,Corporate,United States,Newark,New Jersey,East,PRD-TEC-2866,Technology,Phones,Phones Executive 582,9,0.15,7415.34,1347.08
ORD-101280,2024-12-04,2024-12-10,CU-10270,Joseph Moore,Home Office,United States,Buffalo,New York,East,PRD-OFF-1891,Office Supplies,Labels,Labels Standard 970,9,0.0,46.52,-4.32
ORD-101281,2023-11-16,2023-11-20,CU-10152,Susan Martin,Consumer,United States,Boston,Massachusetts,East,PRD-FUR-5849,Furniture,Chairs,Chairs Elite 565,3,0.3,822.77,102.96
ORD-101282,2024-09-04,2024-09-11,CU-10269,Joseph Jones,Consumer,United States,Austin,Texas,Central,PRD-OFF-1035,Office Supplies,Paper,Paper Advanced 678,3,0.0,176.09,10.47
ORD-101283,2025-05-16,2025-05-21,CU-10057,Mary Brown,Corporate,United States,Miami,Florida,South,PRD-OFF-3870,Office Supplies,Art,Art Standard 115,9,0.0,183.14,14.31
ORD-101284,2025-05-12,2025-05-14,CU-10135,Jessica Jones,Corporate,United States,Columbus,Ohio,Central,PRD-TEC-2330,Technology,Copiers,Copiers Standard 757,5,0.4,3722.74,1116.8
ORD-101285,2024-01-01,2024-01-02,CU-10151,Karen Williams,Home Office,United States,Portland,Oregon,West,PRD-OFF-5073,Office Supplies,Paper,Paper Executive 710,1,0.1,101.66,8.06
ORD-101286,2023-01-19,2023-01-21,CU-10282,Linda Rodriguez,Home Office,United States,Ann Arbor,Michigan,Central,PRD-FUR-6051,Furniture,Tables,Tables Executive 764,8,0.3,283.66,2.59
ORD-101287,2023-03-28,2023-03-31,CU-10181,Mary Williams,Home Office,United States,Reno,Nevada,West,PRD-FUR-9356,Furniture,Furnishings,Furnishings Advanced 897,5,0.15,2667.81,720.84
ORD-101288,2023-10-28,2023-10-29,CU-10180,Jessica Rodriguez,Home Office,United States,Nashville,Tennessee,South,PRD-OFF-8595,Office Supplies,Storage,Storage Executive 520,3,0.0,346.45,14.06
ORD-101289,2025-12-19,2025-12-23,CU-10145,Jennifer Williams,Home Office,United States,Jersey City,New Jersey,East,PRD-OFF-7729,Office Supplies,Labels,Labels Classic 975,3,0.3,22.7,-1.31
ORD-101290,2023-09-21,2023-09-22,CU-10196,Barbara Miller,Corporate,United States,Nashville,Tennessee,South,PRD-TEC-9981,Technology,Copiers,Copiers Standard 293,6,0.0,8205.53,1181.55
ORD-101291,2024-05-22,2024-05-24,CU-10164,Thomas Rodriguez,Home Office,United States,Memphis,Tennessee,South,PRD-OFF-5120,Office Supplies,Art,Art Standard 481,7,0.0,132.74,-16.67
ORD-101292,2024-05-20,2024-05-21,CU-10167,Barbara Martinez,Consumer,United States,Seattle,Washington,West,PRD-FUR-3405,Furniture,Furnishings,Furnishings Pro 130,1,0.4,487.37,153.51
ORD-101293,2023-05-18,2023-05-25,CU-10156,Linda Rodriguez,Home Office,United States,San Francisco,California,West,PRD-TEC-9905,Technology,Phones,Phones Deluxe 407,2,0.2,1413.8,-104.41
ORD-101294,2025-08-20,2025-08-22,CU-10016,John Miller,Corporate,United States,Raleigh,North Carolina,South,PRD-FUR-4803,Furniture,Tables,Tables Basic 111,6,0.0,3467.53,-115.24
ORD-101295,2023-03-05,2023-03-10,CU-10248,Joseph Miller,Home Office,United States,Nashville,Tennessee,South,PRD-OFF-7062,Office Supplies,Labels,Labels Executive 228,10,0.0,1001.38,174.76
ORD-101296,2025-04-03,2025-04-08,CU-10067,Elizabeth Anderson,Home Office,United States,Buffalo,New York,East,PRD-OFF-3505,Office Supplies,Paper,Paper Pro 559,10,0.2,132.46,44.92
ORD-101297,2024-08-17,2024-08-24,CU-10003,Patricia Jackson,Corporate,United States,Springfield,Illinois,Central,PRD-OFF-2588,Office Supplies,Binders,Binders Standard 425,4,0.2,257.65,70.91
ORD-101298,2023-01-27,2023-01-28,CU-10254,Elizabeth Davis,Home Office,United States,Nashville,Tennessee,South,PRD-FUR-3402,Furniture,Chairs,Chairs Classic 458,1,0.0,241.89,80.55
ORD-101299,2024-11-14,2024-11-21,CU-10298,Susan Jackson,Consumer,United States,Jersey City,New Jersey,East,PRD-FUR-8349,Furniture,Furnishings,Furnishings Pro 294,5,0.15,2855.99,-35.61
ORD-101300,2024-08-09,2024-08-14,CU-10000,Patricia Smith,Consumer,United States,Ann Arbor,Michigan,Central,PRD-OFF-8707,Office Supplies,Labels,Labels Executive 986,3,0.0,123.75,24.24
ORD-101301,2025-04-26,2025-04-29,CU-10039,Richard Rodriguez,Home Office,United States,Boston,Massachusetts,East,PRD-TEC-6761,Technology,Accessories,Accessories Elite 594,4,0.2,2657.31,-294.35
ORD-101302,2025-02-24,2025-02-26,CU-10130,Mary Garcia,Home Office,United States,Buffalo,New York,East,PRD-FUR-7429,Furniture,Bookcases,Bookcases Advanced 657,2,0.4,803.5,-15.84
ORD-101303,2025-01-19,2025-01-21,CU-10059,Susan Lee,Corporate,United States,Tampa,Florida,South,PRD-OFF-6107,Office Supplies,Binders,Binders Pro 391,1,0.15,91.47,0.87
ORD-101304,2023-08-29,2023-09-03,CU-10141,Charles Taylor,Consumer,United States,Newark,New Jersey,East,PRD-FUR-7090,Furniture,Chairs,Chairs Deluxe 702,7,0.0,2692.25,-82.72
ORD-101305,2025-03-28,2025-04-03,CU-10142,Thomas Moore,Consumer,United States,Boston,Massachusetts,East,PRD-OFF-4385,Office Supplies,Storage,Storage Standard 722,6,0.3,456.33,93.39
ORD-101306,2024-02-22,2024-02-28,CU-10121,William Thomas,Consumer,United States,Detroit,Michigan,Central,PRD-FUR-8077,Furniture,Tables,Tables Classic 407,5,0.0,3862.52,892.41
ORD-101307,2025-09-25,2025-09-26,CU-10258,Karen Williams,Consumer,United States,Tampa,Florida,South,PRD-FUR-7202,Furniture,Chairs,Chairs Elite 653,5,0.0,3929.02,1003.39
ORD-101308,2023-07-25,2023-07-26,CU-10171,James Jackson,Corporate,United States,Columbus,Ohio,Central,PRD-FUR-3603,Furniture,Furnishings,Furnishings Deluxe 290,2,0.4,173.67,43.31
ORD-101309,2023-10-28,2023-10-29,CU-10160,James Thomas,Corporate,United States,Las Vegas,Nevada,West,PRD-OFF-3254,Office Supplies,Storage,Storage Advanced 828,5,0.0,442.69,124.74
ORD-101310,2024-02-07,2024-02-08,CU-10227,William Johnson,Home Office,United States,Pittsburgh,Pennsylvania,East,PRD-FUR-7675,Furniture,Bookcases,Bookcases Deluxe 690,5,0.3,1428.14,-119.77
ORD-101311,2024-01-04,2024-01-06,CU-10167,Barbara Martinez,Consumer,United States,Orlando,Florida,South,PRD-FUR-7361,Furniture,Tables,Tables Executive 175,9,0.4,1652.54,-242.97
ORD-101312,2025-11-24,2025-11-28,CU-10024,Robert Jackson,Consumer,United States,Dallas,Texas,Central,PRD-FUR-8027,Furniture,Furnishings,Furnishings Executive 344,7,0.0,5283.95,916.71
ORD-101313,2024-06-28,2024-07-05,CU-10004,Robert Martin,Home Office,United States,New York City,New York,East,PRD-FUR-4277,Furniture,Chairs,Chairs Standard 160,4,0.15,2016.98,39.3
ORD-101314,2025-07-31,2025-08-07,CU-10189,Robert Jones,Consumer,United States,Charlotte,North Carolina,South,PRD-TEC-9077,Technology,Machines,Machines Executive 142,1,0.4,67.41,1.65
ORD-101315,2024-08-27,2024-09-02,CU-10164,Thomas Rodriguez,Consumer,United States,Columbus,Ohio,Central,PRD-OFF-2978,Office Supplies,Storage,Storage Basic 810,5,0.0,154.45,25.53
ORD-101316,2025-03-08,2025-03-11,CU-10179,William Moore,Corporate,United States,Eugene,Oregon,West,PRD-OFF-1857,Office Supplies,Art,Art Standard 987,3,0.4,150.97,23.89
ORD-101317,2024-10-06,2024-10-12,CU-10208,Linda Miller,Corporate,United States,Miami,Florida,South,PRD-FUR-7653,Furniture,Furnishings,Furnishings Standard 417,9,0.0,3686.39,843.76
ORD-101318,2023-02-02,2023-02-04,CU-10100,Robert Johnson,Home Office,United States,Dallas,Texas,Central,PRD-OFF-2538,Office Supplies,Binders,Binders Elite 483,4,0.0,51.21,3.15
ORD-101319,2024-10-09,2024-10-13,CU-10027,Michael Williams,Corporate,United States,Detroit,Michigan,Central,PRD-FUR-7150,Furniture,Tables,Tables Basic 409,2,0.15,387.28,-47.13
ORD-101320,2024-06-25,2024-07-01,CU-10187,Susan Jackson,Corporate,United States,San Diego,California,West,PRD-TEC-5920,Technology,Copiers,Copiers Pro 426,8,0.3,929.21,62.59
ORD-101321,2025-04-08,2025-04-13,CU-10109,Jessica Anderson,Consumer,United States,Raleigh,North Carolina,South,PRD-TEC-1113,Technology,Machines,Machines Deluxe 430,10,0.3,6029.6,744.47
ORD-101322,2025-02-05,2025-02-11,CU-10239,Susan Wilson,Home Office,United States,Newark,New Jersey,East,PRD-TEC-3686,Technology,Copiers,Copiers Classic 920,2,0.0,117.34,15.47
ORD-101323,2023-02-22,2023-02-27,CU-10184,David Jones,Consumer,United States,Nashville,Tennessee,South,PRD-FUR-3185,Furniture,Tables,Tables Classic 317,3,0.15,583.4,-75.87
ORD-101324,2024-10-21,2024-10-23,CU-10083,Robert Taylor,Home Office,United States,Memphis,Tennessee,South,PRD-TEC-9764,Technology,Machines,Machines Basic 269,8,0.0,11223.4,-427.42
ORD-101325,2024-11-23,2024-11-29,CU-10072,Elizabeth Moore,Home Office,United States,Newark,New Jersey,East,PRD-FUR-5806,Furniture,Chairs,Chairs Elite 357,1,0.0,105.47,11.4
ORD-101326,2023-10-11,2023-10-13,CU-10152,Susan Martin,Home Office,United States,Tampa,Florida,South,PRD-TEC-3078,Technology,Machines,Machines Pro 918,8,0.15,1169.26,228.03
ORD-101327,2025-03-07,2025-03-08,CU-10226,Charles Miller,Consumer,United States,Detroit,Michigan,Central,PRD-TEC-3535,Technology,Machines,Machines Elite 130,1,0.1,416.07,-18.01
ORD-101328,2024-01-13,2024-01-20,CU-10221,Patricia Lee,Corporate,United States,Spokane,Washington,West,PRD-OFF-7583,Office Supplies,Art,Art Deluxe 308,2,0.0,176.97,57.95
ORD-101329,2024-09-03,2024-09-09,CU-10244,Elizabeth Miller,Consumer,United States,Boston,Massachusetts,East,PRD-TEC-5713,Technology,Accessories,Accessories Pro 343,7,0.15,2999.56,-247.06
ORD-101330,2023-06-23,2023-06-29,CU-10019,Patricia Lopez,Consumer,United States,Charlotte,North Carolina,South,PRD-OFF-3256,Office Supplies,Storage,Storage Pro 791,7,0.3,451.98,34.68
ORD-101331,2025-01-30,2025-02-04,CU-10001,William Davis,Consumer,United States,Atlanta,Georgia,South,PRD-FUR-5298,Furniture,Furnishings,Furnishings Deluxe 924,9,0.3,3861.94,1125.83
ORD-101332,2025-04-23,2025-04-29,CU-10036,Karen Garcia,Corporate,United States,Ann Arbor,Michigan,Central,PRD-TEC-9874,Technology,Copiers,Copiers Deluxe 206,9,0.4,5743.04,1288.05
ORD-101333,2024-07-22,2024-07-29,CU-10039,Richard Rodriguez,Home Office,United States,Detroit,Michigan,Central,PRD-TEC-8151,Technology,Accessories,Accessories Advanced 114,5,0.3,1228.25,291.76
ORD-101334,2024-08-30,2024-09-01,CU-10065,Sarah Rodriguez,Corporate,United States,Spokane,Washington,West,PRD-FUR-2709,Furniture,Tables,Tables Elite 260,9,0.0,4930.79,888.86
ORD-101335,2024-11-05,2024-11-10,CU-10147,Linda Wilson,Consumer,United States,Springfield,Illinois,Central,PRD-FUR-4163,Furniture,Chairs,Chairs Standard 801,8,0.0,3371.17,-273.96
ORD-101336,2025-12-23,2025-12-29,CU-10155,Michael Hernandez,Home Office,United States,Charlotte,North Carolina,South,PRD-FUR-3109,Furniture,Bookcases,Bookcases Executive 832,8,0.0,5476.36,1667.53
ORD-101337,2024-02-24,2024-02-28,CU-10269,Joseph Jones,Home Office,United States,Orlando,Florida,South,PRD-TEC-5184,Technology,Accessories,Accessories Elite 497,9,0.1,12002.6,2387.96
ORD-101338,2025-01-27,2025-01-31,CU-10156,Linda Rodriguez,Consumer,United States,Raleigh,North Carolina,South,PRD-TEC-9873,Technology,Accessories,Accessories Executive 803,8,0.1,8678.38,2532.33
ORD-101339,2024-05-09,2024-05-10,CU-10227,William Johnson,Consumer,United States,Spokane,Washington,West,PRD-FUR-6220,Furniture,Chairs,Chairs Standard 527,2,0.2,602.5,16.97
ORD-101340,2025-07-09,2025-07-15,CU-10259,Joseph Anderson,Corporate,United States,Raleigh,North Carolina,South,PRD-TEC-8060,Technology,Copiers,Copiers Advanced 435,6,0.0,8923.42,-201.82
ORD-101341,2024-07-16,2024-07-17,CU-10003,Patricia Jackson,Corporate,United States,Worcester,Massachusetts,East,PRD-TEC-3869,Technology,Copiers,Copiers Standard 398,1,0.2,449.36,-43.47
ORD-101342,2024-06-09,2024-06-16,CU-10154,David Rodriguez,Home Office,United States,Austin,Texas,Central,PRD-TEC-7976,Technology,Copiers,Copiers Basic 105,3,0.3,718.84,220.02
ORD-101343,2023-02-04,2023-02-09,CU-10119,Joseph Jones,Home Office,United States,Detroit,Michigan,Central,PRD-FUR-4476,Furniture,Furnishings,Furnishings Pro 351,7,0.15,1278.58,-93.41
ORD-101344,2025-11-15,2025-11-21,CU-10210,Elizabeth Davis,Home Office,United States,Newark,New Jersey,East,PRD-OFF-1198,Office Supplies,Binders,Binders Deluxe 131,10,0.15,314.22,57.81
ORD-101345,2025-06-06,2025-06-12,CU-10033,Jennifer Lopez,Consumer,United States,Memphis,Tennessee,South,PRD-OFF-1692,Office Supplies,Storage,Storage Standard 668,5,0.0,233.48,-0.14
ORD-101346,2025-08-08,2025-08-10,CU-10181,Mary Williams,Home Office,United States,Memphis,Tennessee,South,PRD-FUR-8081,Furniture,Bookcases,Bookcases Classic 755,4,0.0,2148.33,-171.48
ORD-101347,2023-01-03,2023-01-05,CU-10128,Jessica Taylor,Consumer,United States,Chicago,Illinois,Central,PRD-FUR-3516,Furniture,Bookcases,Bookcases Standard 440,9,0.1,2335.32,635.66
ORD-101348,2023-03-25,2023-03-27,CU-10049,William Jones,Corporate,United States,Memphis,Tennessee,South,PRD-TEC-7969,Technology,Copiers,Copiers Classic 471,10,0.0,10016.44,1069.18
ORD-101349,2024-07-01,2024-07-07,CU-10267,Mary Jackson,Home Office,United States,Seattle,Washington,West,PRD-TEC-7885,Technology,Machines,Machines Advanced 905,9,0.15,9322.84,-904.22
ORD-101350,2023-11-22,2023-11-24,CU-10112,Barbara Anderson,Home Office,United States,Las Vegas,Nevada,West,PRD-TEC-9459,Technology,Accessories,Accessories Executive 833,10,0.4,3953.91,-14.76
ORD-101351,2024-03-05,2024-03-06,CU-10227,William Johnson,Corporate,United States,San Francisco,California,West,PRD-FUR-9202,Furniture,Tables,Tables Elite 480,2,0.0,1768.93,149.24
ORD-101352,2023-11-03,2023-11-06,CU-10075,Jennifer Jackson,Home Office,United States,Raleigh,North Carolina,South,PRD-OFF-9234,Office Supplies,Art,Art Pro 530,3,0.4,104.25,-9.43
ORD-101353,2023-02-25,2023-02-27,CU-10087,Jennifer Rodriguez,Consumer,United States,Las Vegas,Nevada,West,PRD-TEC-5596,Technology,Copiers,Copiers Advanced 943,5,0.4,2880.44,-351.95
ORD-101354,2025-08-12,2025-08-16,CU-10297,Elizabeth Wilson,Home Office,United States,Columbus,Ohio,Central,PRD-OFF-4442,Office Supplies,Art,Art Classic 421,6,0.0,392.13,106.46
ORD-101355,2025-08-05,2025-08-10,CU-10033,Jennifer Lopez,Corporate,United States,Dallas,Texas,Central,PRD-TEC-4442,Technology,Phones,Phones Basic 478,9,0.0,8634.8,453.27
ORD-101356,2025-11-01,2025-11-04,CU-10281,Robert Martinez,Home Office,United States,Nashville,Tennessee,South,PRD-FUR-1456,Furniture,Tables,Tables Pro 801,8,0.0,3110.44,-185.99
ORD-101357,2024-11-14,2024-11-20,CU-10045,Michael Martin,Home Office,United States,Jersey City,New Jersey,East,PRD-FUR-1771,Furniture,Tables,Tables Pro 764,8,0.0,447.89,128.34
ORD-101358,2025-07-20,2025-07-25,CU-10067,Elizabeth Anderson,Home Office,United States,Las Vegas,Nevada,West,PRD-TEC-8440,Technology,Machines,Machines Executive 666,10,0.3,9538.68,1723.42
ORD-101359,2023-04-05,2023-04-07,CU-10161,Karen Martin,Corporate,United States,Worcester,Massachusetts,East,PRD-OFF-8308,Office Supplies,Labels,Labels Executive 982,9,0.1,846.28,16.21
ORD-101360,2023-01-28,2023-02-04,CU-10249,Thomas Taylor,Consumer,United States,Atlanta,Georgia,South,PRD-TEC-1536,Technology,Machines,Machines Elite 430,6,0.2,6115.34,428.01
ORD-101361,2025-01-02,2025-01-04,CU-10047,Jessica Wilson,Home Office,United States,Savannah,Georgia,South,PRD-OFF-6055,Office Supplies,Storage,Storage Pro 418,6,0.0,400.8,2.28
ORD-101362,2025-09-16,2025-09-17,CU-10052,Charles Anderson,Consumer,United States,Spokane,Washington,West,PRD-FUR-8174,Furniture,Furnishings,Furnishings Classic 216,6,0.0,3501.7,776.77
ORD-101363,2025-07-11,2025-07-16,CU-10228,Susan Smith,Home Office,United States,Newark,New Jersey,East,PRD-OFF-4799,Office Supplies,Storage,Storage Advanced 536,9,0.15,400.72,-55.15
ORD-101364,2025-05-16,2025-05-22,CU-10218,Patricia Rodriguez,Corporate,United States,Houston,Texas,Central,PRD-FUR-9162,Furniture,Tables,Tables Advanced 591,4,0.0,2778.5,76.5
ORD-101365,2025-01-19,2025-01-23,CU-10082,Charles Williams,Consumer,United States,Las Vegas,Nevada,West,PRD-TEC-5985,Technology,Copiers,Copiers Deluxe 827,1,0.2,424.46,131.96
ORD-101366,2023-12-02,2023-12-09,CU-10116,David Brown,Consumer,United States,Spokane,Washington,West,PRD-OFF-1392,Office Supplies,Storage,Storage Elite 663,6,0.3,143.82,35.75
ORD-101367,2025-08-13,2025-08-15,CU-10153,Charles Moore,Home Office,United States,Ann Arbor,Michigan,Central,PRD-OFF-8979,Office Supplies,Art,Art Standard 844,2,0.15,132.09,23.14
ORD-101368,2024-07-02,2024-07-08,CU-10058,John Garcia,Consumer,United States,Orlando,Florida,South,PRD-OFF-5696,Office Supplies,Binders,Binders Standard 269,2,0.0,31.63,5.46
ORD-101369,2023-07-22,2023-07-24,CU-10153,Charles Moore,Home Office,United States,Ann Arbor,Michigan,Central,PRD-FUR-3054,Furniture,Bookcases,Bookcases Deluxe 810,8,0.0,5913.86,861.92
ORD-101370,2025-04-09,2025-04-12,CU-10123,Joseph Jackson,Corporate,United States,Los Angeles,California,West,PRD-TEC-8412,Technology,Accessories,Accessories Pro 688,10,0.1,1971.3,113.96
ORD-101371,2025-07-30,2025-07-31,CU-10193,Susan Jones,Consumer,United States,Memphis,Tennessee,South,PRD-FUR-3097,Furniture,Tables,Tables Advanced 864,7,0.0,5795.86,-479.82
ORD-101372,2023-10-01,2023-10-07,CU-10112,Barbara Anderson,Consumer,United States,Houston,Texas,Central,PRD-TEC-8411,Technology,Copiers,Copiers Executive 667,4,0.0,3779.74,-389.72
ORD-101373,2023-05-28,2023-05-31,CU-10076,Thomas Smith,Consumer,United States,Cleveland,Ohio,Central,PRD-OFF-7479,Office Supplies,Storage,Storage Pro 731,3,0.4,169.81,0.34
ORD-101374,2025-01-08,2025-01-12,CU-10157,Richard Jones,Consumer,United States,Las Vegas,Nevada,West,PRD-TEC-7248,Technology,Copiers,Copiers Deluxe 601,3,0.2,2154.26,468.62
ORD-101375,2024-11-16,2024-11-19,CU-10298,Susan Jackson,Home Office,United States,Spokane,Washington,West,PRD-OFF-3931,Office Supplies,Art,Art Basic 931,2,0.2,16.28,-2.42
ORD-101376,2024-11-16,2024-11-19,CU-10032,Joseph Lopez,Home Office,United States,Eugene,Oregon,West,PRD-OFF-4951,Office Supplies,Labels,Labels Executive 592,3,0.0,329.16,0.11
ORD-101377,2024-04-23,2024-04-24,CU-10129,Michael Wilson,Home Office,United States,Cleveland,Ohio,Central,PRD-TEC-8503,Technology,Phones,Phones Advanced 803,8,0.0,2126.28,-197.26
ORD-101378,2025-12-13,2025-12-18,CU-10238,John Miller,Consumer,United States,Chicago,Illinois,Central,PRD-TEC-9418,Technology,Phones,Phones Basic 114,10,0.3,5379.8,336.04
ORD-101379,2024-02-02,2024-02-03,CU-10270,Joseph Moore,Consumer,United States,Houston,Texas,Central,PRD-TEC-8096,Technology,Copiers,Copiers Deluxe 187,5,0.0,917.72,-22.86
ORD-101380,2025-09-12,2025-09-17,CU-10211,Linda Smith,Corporate,United States,Los Angeles,California,West,PRD-TEC-6417,Technology,Phones,Phones Classic 199,1,0.3,567.37,0.34
ORD-101381,2025-07-19,2025-07-26,CU-10027,Michael Williams,Corporate,United States,Miami,Florida,South,PRD-TEC-1544,Technology,Machines,Machines Deluxe 928,2,0.1,1934.56,-278.35
ORD-101382,2023-04-19,2023-04-21,CU-10099,Linda Smith,Corporate,United States,Jersey City,New Jersey,East,PRD-TEC-3513,Technology,Accessories,Accessories Pro 791,6,0.0,2808.27,-286.67
ORD-101383,2023-02-25,2023-03-01,CU-10209,Joseph Lopez,Corporate,United States,Miami,Florida,South,PRD-FUR-5093,Furniture,Bookcases,Bookcases Advanced 856,10,0.3,3720.02,231.41
ORD-101384,2024-02-26,2024-03-04,CU-10265,Linda Garcia,Consumer,United States,Seattle,Washington,West,PRD-OFF-7189,Office Supplies,Binders,Binders Pro 427,4,0.0,290.07,-36.67
ORD-101385,2023-10-14,2023-10-20,CU-10014,Jennifer Anderson,Consumer,United States,New York City,New York,East,PRD-FUR-7206,Furniture,Bookcases,Bookcases Basic 314,4,0.2,1726.38,-102.26
ORD-101386,2023-08-28,2023-09-04,CU-10109,Jessica Anderson,Corporate,United States,Spokane,Washington,West,PRD-OFF-8015,Office Supplies,Storage,Storage Advanced 229,4,0.15,212.73,32.91
ORD-101387,2023-01-11,2023-01-13,CU-10135,Jessica Jones,Corporate,United States,Nashville,Tennessee,South,PRD-FUR-6906,Furniture,Chairs,Chairs Advanced 353,7,0.1,4333.15,-50.42
ORD-101388,2023-12-30,2024-01-04,CU-10241,Charles Martinez,Consumer,United States,Eugene,Oregon,West,PRD-OFF-7391,Office Supplies,Paper,Paper Executive 513,6,0.4,250.97,58.23
ORD-101389,2023-11-19,2023-11-22,CU-10126,Robert Davis,Corporate,United States,Worcester,Massachusetts,East,PRD-FUR-8234,Furniture,Bookcases,Bookcases Classic 901,6,0.2,1134.24,-79.82
ORD-101390,2024-07-08,2024-07-15,CU-10201,Jennifer Garcia,Corporate,United States,Charlotte,North Carolina,South,PRD-FUR-7361,Furniture,Furnishings,Furnishings Standard 880,10,0.15,4409.18,-214.84
ORD-101391,2025-10-08,2025-10-13,CU-10077,Karen Hernandez,Corporate,United States,Dallas,Texas,Central,PRD-FUR-4481,Furniture,Tables,Tables Classic 984,7,0.1,5407.08,64.84
ORD-101392,2024-08-09,2024-08-13,CU-10280,William Thomas,Home Office,United States,Detroit,Michigan,Central,PRD-TEC-4872,Technology,Phones,Phones Executive 903,2,0.4,575.1,83.46
ORD-101393,2023-06-08,2023-06-12,CU-10049,William Jones,Consumer,United States,Chicago,Illinois,Central,PRD-OFF-7218,Office Supplies,Labels,Labels Deluxe 811,8,0.1,238.73,20.77
ORD-101394,2023-05-01,2023-05-05,CU-10085,John Jones,Home Office,United States,Buffalo,New York,East,PRD-TEC-3006,Technology,Copiers,Copiers Classic 667,1,0.1,1000.15,-91.1
ORD-101395,2024-08-07,2024-08-11,CU-10100,Robert Johnson,Consumer,United States,Ann Arbor,Michigan,Central,PRD-OFF-7643,Office Supplies,Storage,Storage Standard 866,10,0.15,661.1,14.7
ORD-101396,2024-02-25,2024-03-03,CU-10097,Charles Jackson,Home Office,United States,Boston,Massachusetts,East,PRD-TEC-2799,Technology,Accessories,Accessories Pro 320,7,0.0,8941.78,3100.45
ORD-101397,2024-01-07,2024-01-13,CU-10211,Linda Smith,Consumer,United States,Raleigh,North Carolina,South,PRD-TEC-2817,Technology,Copiers,Copiers Classic 788,1,0.2,300.07,-11.9
ORD-101398,2023-03-09,2023-03-10,CU-10199,Susan Lee,Home Office,United States,Jersey City,New Jersey,East,PRD-FUR-4794,Furniture,Chairs,Chairs Executive 894,4,0.0,2130.13,-112.16
ORD-101399,2024-07-11,2024-07-14,CU-10110,Michael Brown,Home Office,United States,Memphis,Tennessee,South,PRD-FUR-2165,Furniture,Bookcases,Bookcases Elite 388,1,0.0,751.7,161.0
ORD-101400,2025-06-08,2025-06-12,CU-10110,Michael Brown,Home Office,United States,Buffalo,New York,East,PRD-FUR-1779,Furniture,Chairs,Chairs Executive 110,5,0.0,2707.95,638.61
ORD-101401,2024-09-30,2024-10-06,CU-10082,Charles Williams,Corporate,United States,Jersey City,New Jersey,East,PRD-FUR-4286,Furniture,Furnishings,Furnishings Pro 865,2,0.0,1589.49,-141.47
ORD-101402,2024-06-12,2024-06-17,CU-10168,Jennifer Thomas,Consumer,United States,Columbus,Ohio,Central,PRD-FUR-2633,Furniture,Bookcases,Bookcases Deluxe 176,7,0.0,715.23,66.4
ORD-101403,2024-02-25,2024-03-01,CU-10195,Barbara Johnson,Corporate,United States,Buffalo,New York,East,PRD-FUR-1265,Furniture,Chairs,Chairs Classic 218,4,0.15,2704.26,846.73
ORD-101404,2023-10-05,2023-10-08,CU-10237,Elizabeth Jackson,Corporate,United States,Newark,New Jersey,East,PRD-FUR-2230,Furniture,Chairs,Chairs Standard 960,9,0.4,2378.54,753.86
ORD-101405,2024-03-12,2024-03-16,CU-10243,James Martinez,Corporate,United States,Ann Arbor,Michigan,Central,PRD-OFF-2821,Office Supplies,Paper,Paper Elite 344,9,0.4,76.49,0.06
ORD-101406,2025-02-15,2025-02-16,CU-10295,Richard Taylor,Home Office,United States,Chicago,Illinois,Central,PRD-FUR-7733,Furniture,Chairs,Chairs Advanced 390,1,0.1,103.24,1.63
ORD-101407,2025-06-06,2025-06-12,CU-10094,Patricia Davis,Home Office,United States,Orlando,Florida,South,PRD-OFF-6952,Office Supplies,Storage,Storage Advanced 271,6,0.0,482.63,-71.91
ORD-101408,2024-08-02,2024-08-06,CU-10033,Jennifer Lopez,Corporate,United States,Raleigh,North Carolina,South,PRD-OFF-6582,Office Supplies,Labels,Labels Basic 618,10,0.0,737.57,25.54
ORD-101409,2025-06-05,2025-06-09,CU-10178,David Miller,Corporate,United States,Savannah,Georgia,South,PRD-TEC-6924,Technology,Accessories,Accessories Standard 972,3,0.3,1492.56,77.77
ORD-101410,2025-04-09,2025-04-12,CU-10013,William Smith,Corporate,United States,Detroit,Michigan,Central,PRD-FUR-7897,Furniture,Chairs,Chairs Elite 401,5,0.3,505.91,52.93
ORD-101411,2024-01-04,2024-01-07,CU-10020,Barbara Lee,Consumer,United States,Miami,Florida,South,PRD-TEC-9786,Technology,Copiers,Copiers Executive 654,10,0.0,14593.94,1356.23
ORD-101412,2023-10-16,2023-10-17,CU-10241,Charles Martinez,Home Office,United States,Atlanta,Georgia,South,PRD-TEC-5651,Technology,Phones,Phones Elite 459,3,0.0,794.16,101.68
ORD-101413,2023-01-27,2023-02-01,CU-10142,Thomas Moore,Home Office,United States,Charlotte,North Carolina,South,PRD-FUR-2897,Furniture,Bookcases,Bookcases Basic 132,1,0.15,239.68,18.26
ORD-101414,2024-04-12,2024-04-15,CU-10052,Charles Anderson,Home Office,United States,Jersey City,New Jersey,East,PRD-FUR-1125,Furniture,Bookcases,Bookcases Deluxe 426,8,0.0,6707.99,2091.34
ORD-101415,2025-06-13,2025-06-16,CU-10060,Robert Wilson,Home Office,United States,Detroit,Michigan,Central,PRD-OFF-5713,Office Supplies,Labels,Labels Deluxe 129,3,0.15,17.79,-1.76
ORD-101416,2024-11-05,2024-11-07,CU-10154,David Rodriguez,Home Office,United States,Philadelphia,Pennsylvania,East,PRD-FUR-3871,Furniture,Bookcases,Bookcases Basic 580,9,0.0,3586.43,449.38
ORD-101417,2023-06-24,2023-06-30,CU-10261,Richard Taylor,Consumer,United States,San Francisco,California,West,PRD-OFF-8284,Office Supplies,Art,Art Pro 789,4,0.0,289.18,-29.3
ORD-101418,2024-05-28,2024-05-30,CU-10206,Patricia Wilson,Home Office,United States,Pittsburgh,Pennsylvania,East,PRD-OFF-1010,Office Supplies,Storage,Storage Classic 903,6,0.15,205.0,-11.63
ORD-101419,2025-05-08,2025-05-13,CU-10220,William Johnson,Consumer,United States,Pittsburgh,Pennsylvania,East,PRD-TEC-5478,Technology,Copiers,Copiers Pro 486,2,0.1,1187.19,-39.46
ORD-101420,2025-01-30,2025-02-03,CU-10022,Joseph Jackson,Consumer,United States,Worcester,Massachusetts,East,PRD-OFF-4603,Office Supplies,Art,Art Elite 328,7,0.0,90.64,-7.25
ORD-101421,2023-02-11,2023-02-16,CU-10143,Jennifer Johnson,Home Office,United States,Reno,Nevada,West,PRD-TEC-1149,Technology,Machines,Machines Executive 402,5,0.0,3867.0,44.68
ORD-101422,2025-12-24,2025-12-27,CU-10094,Patricia Davis,Consumer,United States,Spokane,Washington,West,PRD-FUR-6603,Furniture,Bookcases,Bookcases Pro 885,1,0.0,282.82,59.41
ORD-101423,2024-05-20,2024-05-27,CU-10203,Jennifer Hernandez,Corporate,United States,Pittsburgh,Pennsylvania,East,PRD-OFF-7044,Office Supplies,Storage,Storage Pro 493,3,0.0,209.27,-2.35
ORD-101424,2025-07-15,2025-07-16,CU-10122,Linda Williams,Home Office,United States,Seattle,Washington,West,PRD-OFF-4708,Office Supplies,Labels,Labels Basic 467,3,0.0,307.67,34.67
ORD-101425,2023-04-05,2023-04-08,CU-10010,Michael Jackson,Consumer,United States,Reno,Nevada,West,PRD-TEC-2425,Technology,Phones,Phones Classic 261,2,0.0,1840.69,-251.77
ORD-101426,2025-04-14,2025-04-18,CU-10277,William Davis,Home Office,United States,San Francisco,California,West,PRD-FUR-3067,Furniture,Tables,Tables Executive 491,10,0.3,1599.0,-62.93
ORD-101427,2024-12-27,2025-01-03,CU-10016,John Miller,Home Office,United States,Los Angeles,California,West,PRD-FUR-4921,Furniture,Chairs,Chairs Basic 644,6,0.0,338.71,-32.81
ORD-101428,2024-05-13,2024-05-15,CU-10191,Barbara Martin,Consumer,United States,Reno,Nevada,West,PRD-TEC-4018,Technology,Phones,Phones Pro 159,1,0.0,545.31,20.94
ORD-101429,2024-11-28,2024-12-02,CU-10143,Jennifer Johnson,Home Office,United States,Tampa,Florida,South,PRD-OFF-6638,Office Supplies,Storage,Storage Basic 102,8,0.1,550.73,-82.48
ORD-101430,2024-03-20,2024-03-22,CU-10119,Joseph Jones,Corporate,United States,Worcester,Massachusetts,East,PRD-TEC-2937,Technology,Phones,Phones Basic 439,7,0.4,5312.61,-762.76
ORD-101431,2024-08-28,2024-09-04,CU-10180,Jessica Rodriguez,Home Office,United States,Los Angeles,California,West,PRD-OFF-1434,Office Supplies,Art,Art Executive 530,7,0.3,218.68,-25.49
ORD-101432,2023-11-24,2023-11-29,CU-10044,William Williams,Corporate,United States,Detroit,Michigan,Central,PRD-TEC-8828,Technology,Phones,Phones Pro 259,3,0.4,1109.97,-153.15
ORD-101433,2025-05-25,2025-05-27,CU-10171,James Jackson,Consumer,United States,Seattle,Washington,West,PRD-TEC-7023,Technology,Copiers,Copiers Elite 652,6,0.15,1275.95,221.45
ORD-101434,2025-04-28,2025-04-30,CU-10254,Elizabeth Davis,Consumer,United States,Buffalo,New York,East,PRD-TEC-5024,Technology,Accessories,Accessories Deluxe 122,1,0.2,566.12,133.86
ORD-101435,2023-11-01,2023-11-08,CU-10124,Patricia Johnson,Corporate,United States,Newark,New Jersey,East,PRD-OFF-4304,Office Supplies,Storage,Storage Executive 489,10,0.15,991.55,-97.53
ORD-101436,2025-10-14,2025-10-18,CU-10175,Sarah Jones,Home Office,United States,Philadelphia,Pennsylvania,East,PRD-FUR-8011,Furniture,Chairs,Chairs Elite 200,5,0.2,2468.82,-168.29
ORD-101437,2025-03-15,2025-03-18,CU-10094,Patricia Davis,Corporate,United States,Nashville,Tennessee,South,PRD-FUR-6987,Furniture,Tables,Tables Classic 287,5,0.1,1433.4,135.46
ORD-101438,2025-03-14,2025-03-17,CU-10197,Linda Brown,Home Office,United States,Memphis,Tennessee,South,PRD-OFF-2971,Office Supplies,Labels,Labels Basic 702,7,0.15,220.44,44.99
ORD-101439,2023-02-14,2023-02-17,CU-10208,Linda Miller,Corporate,United States,Portland,Oregon,West,PRD-TEC-3070,Technology,Machines,Machines Executive 434,7,0.0,1465.05,414.88
ORD-101440,2025-07-05,2025-07-09,CU-10252,Karen Hernandez,Home Office,United States,Spokane,Washington,West,PRD-FUR-7082,Furniture,Furnishings,Furnishings Deluxe 363,5,0.15,3342.63,229.11
ORD-101441,2023-01-09,2023-01-11,CU-10075,Jennifer Jackson,Corporate,United States,Eugene,Oregon,West,PRD-TEC-9515,Technology,Phones,Phones Basic 453,8,0.2,8460.61,-777.46
ORD-101442,2024-08-19,2024-08-25,CU-10026,Barbara Martin,Consumer,United States,Miami,Florida,South,PRD-TEC-4163,Technology,Machines,Machines Elite 399,8,0.0,11347.43,2690.31
ORD-101443,2025-06-29,2025-07-05,CU-10079,Patricia Lopez,Consumer,United States,Pittsburgh,Pennsylvania,East,PRD-TEC-9523,Technology,Copiers,Copiers Classic 509,8,0.0,7709.63,2115.15
ORD-101444,2025-05-23,2025-05-25,CU-10002,Linda Jones,Consumer,United States,New York City,New York,East,PRD-FUR-4481,Furniture,Chairs,Chairs Basic 615,5,0.1,708.86,-33.82
ORD-101445,2025-05-16,2025-05-23,CU-10231,Susan Williams,Consumer,United States,Tampa,Florida,South,PRD-TEC-5686,Technology,Copiers,Copiers Classic 841,2,0.15,2184.74,334.91
ORD-101446,2025-06-09,2025-06-14,CU-10068,Jennifer Thomas,Corporate,United States,Pittsburgh,Pennsylvania,East,PRD-TEC-4525,Technology,Phones,Phones Elite 987,4,0.0,4628.87,1407.4
ORD-101447,2025-02-05,2025-02-06,CU-10000,Patricia Smith,Corporate,United States,Buffalo,New York,East,PRD-OFF-9583,Office Supplies,Binders,Binders Classic 453,9,0.0,970.89,-40.42
ORD-101448,2025-11-09,2025-11-14,CU-10018,Robert Wilson,Consumer,United States,Columbus,Ohio,Central,PRD-OFF-6409,Office Supplies,Binders,Binders Basic 347,2,0.0,98.54,19.07
ORD-101449,2024-01-27,2024-02-01,CU-10052,Charles Anderson,Corporate,United States,Springfield,Illinois,Central,PRD-OFF-6206,Office Supplies,Storage,Storage Advanced 617,1,0.3,53.77,5.82
ORD-101450,2025-02-20,2025-02-23,CU-10229,Thomas Jackson,Home Office,United States,Worcester,Massachusetts,East,PRD-OFF-9636,Office Supplies,Binders,Binders Elite 722,1,0.0,58.2,3.05
ORD-101451,2024-02-23,2024-02-27,CU-10052,Charles Anderson,Corporate,United States,Miami,Florida,South,PRD-TEC-7314,Technology,Copiers,Copiers Executive 918,9,0.4,4723.31,1243.65
ORD-101452,2025-06-17,2025-06-20,CU-10296,James Lopez,Corporate,United States,Seattle,Washington,West,PRD-FUR-5187,Furniture,Furnishings,Furnishings Pro 836,6,0.1,4239.6,158.82
ORD-101453,2024-12-31,2025-01-06,CU-10276,Jessica Thomas,Corporate,United States,Pittsburgh,Pennsylvania,East,PRD-OFF-7355,Office Supplies,Paper,Paper Advanced 352,6,0.0,711.3,-6.3
ORD-101454,2025-03-30,2025-04-05,CU-10072,Elizabeth Moore,Corporate,United States,Worcester,Massachusetts,East,PRD-TEC-4408,Technology,Phones,Phones Elite 797,6,0.4,2400.18,365.73
ORD-101455,2023-01-09,2023-01-16,CU-10103,Robert Moore,Consumer,United States,Jersey City,New Jersey,East,PRD-FUR-7078,Furniture,Furnishings,Furnishings Standard 590,7,0.15,2472.21,20.59
ORD-101456,2023-05-06,2023-05-08,CU-10163,Sarah Miller,Corporate,United States,Eugene,Oregon,West,PRD-FUR-1130,Furniture,Tables,Tables Pro 923,9,0.4,2414.06,-211.16
ORD-101457,2025-07-24,2025-07-31,CU-10114,Mary Brown,Corporate,United States,Reno,Nevada,West,PRD-OFF-7388,Office Supplies,Binders,Binders Elite 999,9,0.4,225.12,39.67
ORD-101458,2024-02-11,2024-02-12,CU-10031,Richard Rodriguez,Consumer,United States,Boston,Massachusetts,East,PRD-FUR-1849,Furniture,Chairs,Chairs Standard 833,5,0.1,763.61,224.67
ORD-101459,2024-12-15,2024-12-21,CU-10247,Joseph Thomas,Home Office,United States,Nashville,Tennessee,South,PRD-TEC-7533,Technology,Copiers,Copiers Elite 794,10,0.3,4168.41,103.93
ORD-101460,2025-04-04,2025-04-11,CU-10233,David Brown,Home Office,United States,Charlotte,North Carolina,South,PRD-TEC-5612,Technology,Copiers,Copiers Deluxe 299,5,0.2,3766.96,-278.12
ORD-101461,2023-10-11,2023-10-17,CU-10194,Mary Martinez,Home Office,United States,Springfield,Illinois,Central,PRD-FUR-6928,Furniture,Tables,Tables Standard 957,2,0.0,1085.07,86.08
ORD-101462,2024-08-05,2024-08-09,CU-10124,Patricia Johnson,Corporate,United States,Miami,Florida,South,PRD-OFF-3480,Office Supplies,Labels,Labels Elite 184,6,0.3,360.11,73.61
ORD-101463,2025-05-08,2025-05-09,CU-10015,David Rodriguez,Corporate,United States,Jersey City,New Jersey,East,PRD-TEC-5735,Technology,Machines,Machines Basic 964,8,0.1,9375.12,-371.92
ORD-101464,2025-11-05,2025-11-10,CU-10105,Jessica Miller,Home Office,United States,Detroit,Michigan,Central,PRD-FUR-9279,Furniture,Chairs,Chairs Basic 684,7,0.1,2842.53,952.67
ORD-101465,2025-04-26,2025-05-02,CU-10198,Barbara Jackson,Consumer,United States,Chicago,Illinois,Central,PRD-FUR-9826,Furniture,Chairs,Chairs Classic 809,3,0.0,2234.08,11.59
ORD-101466,2024-11-13,2024-11-16,CU-10085,John Jones,Consumer,United States,Savannah,Georgia,South,PRD-FUR-6236,Furniture,Chairs,Chairs Standard 121,9,0.3,2409.46,590.21
ORD-101467,2023-06-26,2023-07-01,CU-10012,Joseph Martin,Consumer,United States,Columbus,Ohio,Central,PRD-OFF-6247,Office Supplies,Binders,Binders Executive 767,4,0.1,381.95,131.46
ORD-101468,2025-05-11,2025-05-18,CU-10111,Patricia Anderson,Consumer,United States,Atlanta,Georgia,South,PRD-FUR-1058,Furniture,Chairs,Chairs Pro 703,1,0.4,298.42,32.98
ORD-101469,2024-09-26,2024-10-03,CU-10272,David Thomas,Corporate,United States,Newark,New Jersey,East,PRD-TEC-4770,Technology,Accessories,Accessories Elite 443,9,0.0,2795.22,449.52
ORD-101470,2023-04-12,2023-04-15,CU-10112,Barbara Anderson,Consumer,United States,Memphis,Tennessee,South,PRD-FUR-3246,Furniture,Furnishings,Furnishings Executive 274,9,0.0,7458.85,-595.48
ORD-101471,2025-05-28,2025-06-02,CU-10034,Barbara Miller,Home Office,United States,Cleveland,Ohio,Central,PRD-OFF-6715,Office Supplies,Art,Art Pro 992,6,0.0,182.0,-23.99
ORD-101472,2024-03-10,2024-03-16,CU-10125,Sarah Smith,Consumer,United States,Worcester,Massachusetts,East,PRD-TEC-4813,Technology,Copiers,Copiers Basic 242,2,0.0,2266.29,416.17
ORD-101473,2025-08-29,2025-09-02,CU-10182,Susan Rodriguez,Corporate,United States,Buffalo,New York,East,PRD-OFF-4869,Office Supplies,Art,Art Elite 621,8,0.1,756.14,41.27
ORD-101474,2025-06-04,2025-06-09,CU-10269,Joseph Jones,Home Office,United States,Houston,Texas,Central,PRD-TEC-9435,Technology,Copiers,Copiers Standard 570,7,0.3,3265.44,234.87
ORD-101475,2023-01-23,2023-01-28,CU-10099,Linda Smith,Corporate,United States,Nashville,Tennessee,South,PRD-OFF-4962,Office Supplies,Paper,Paper Standard 663,10,0.0,871.24,71.35
ORD-101476,2024-10-13,2024-10-18,CU-10274,Susan Jackson,Corporate,United States,Jersey City,New Jersey,East,PRD-TEC-9995,Technology,Copiers,Copiers Classic 576,3,0.3,2650.46,-4.79
ORD-101477,2024-01-20,2024-01-25,CU-10189,Robert Jones,Consumer,United States,Philadelphia,Pennsylvania,East,PRD-TEC-4087,Technology,Accessories,Accessories Elite 891,8,0.4,2937.22,369.26
ORD-101478,2023-05-24,2023-05-31,CU-10071,Thomas Brown,Consumer,United States,Ann Arbor,Michigan,Central,PRD-TEC-6915,Technology,Copiers,Copiers Elite 763,2,0.0,1342.74,384.72
ORD-101479,2023-03-31,2023-04-01,CU-10094,Patricia Davis,Home Office,United States,Columbus,Ohio,Central,PRD-OFF-1295,Office Supplies,Labels,Labels Classic 457,8,0.0,616.34,89.26
ORD-101480,2023-09-10,2023-09-11,CU-10076,Thomas Smith,Home Office,United States,Houston,Texas,Central,PRD-TEC-3968,Technology,Copiers,Copiers Pro 605,5,0.2,333.15,-25.11
ORD-101481,2023-11-28,2023-11-30,CU-10096,David Smith,Home Office,United States,Atlanta,Georgia,South,PRD-TEC-5287,Technology,Phones,Phones Executive 272,1,0.0,976.46,312.67
ORD-101482,2023-12-20,2023-12-24,CU-10216,Richard Jackson,Corporate,United States,Eugene,Oregon,West,PRD-FUR-7020,Furniture,Furnishings,Furnishings Basic 125,6,0.15,2400.04,6.09
ORD-101483,2025-04-15,2025-04-21,CU-10253,Robert Davis,Corporate,United States,Austin,Texas,Central,PRD-TEC-8030,Technology,Copiers,Copiers Deluxe 470,5,0.0,2094.3,-20.22
ORD-101484,2025-05-07,2025-05-10,CU-10263,John Smith,Corporate,United States,Portland,Oregon,West,PRD-TEC-7416,Technology,Machines,Machines Advanced 770,9,0.4,6962.11,-292.99
ORD-101485,2024-09-05,2024-09-10,CU-10160,James Thomas,Home Office,United States,Seattle,Washington,West,PRD-OFF-7693,Office Supplies,Art,Art Advanced 637,8,0.1,456.54,-32.17
ORD-101486,2024-03-23,2024-03-29,CU-10128,Jessica Taylor,Home Office,United States,Springfield,Illinois,Central,PRD-TEC-1522,Technology,Accessories,Accessories Pro 464,1,0.0,512.73,15.68
ORD-101487,2023-12-25,2023-12-30,CU-10137,Michael Johnson,Home Office,United States,Nashville,Tennessee,South,PRD-FUR-8658,Furniture,Chairs,Chairs Classic 301,5,0.1,883.72,118.04
ORD-101488,2025-07-04,2025-07-06,CU-10250,Jennifer Williams,Home Office,United States,Eugene,Oregon,West,PRD-OFF-1629,Office Supplies,Binders,Binders Deluxe 675,1,0.2,16.67,-1.58
ORD-101489,2023-09-29,2023-10-05,CU-10002,Linda Jones,Home Office,United States,Columbus,Ohio,Central,PRD-FUR-4809,Furniture,Chairs,Chairs Basic 314,6,0.15,1238.94,292.25
ORD-101490,2024-04-03,2024-04-10,CU-10251,Elizabeth Moore,Home Office,United States,Chicago,Illinois,Central,PRD-TEC-4025,Technology,Phones,Phones Elite 245,4,0.0,1793.67,90.67
ORD-101491,2025-08-01,2025-08-08,CU-10135,Jessica Jones,Consumer,United States,Reno,Nevada,West,PRD-TEC-6606,Technology,Accessories,Accessories Elite 808,1,0.2,653.09,15.86
ORD-101492,2023-06-14,2023-06-17,CU-10220,William Johnson,Corporate,United States,New York City,New York,East,PRD-FUR-1512,Furniture,Chairs,Chairs Classic 781,5,0.1,1540.88,299.42
ORD-101493,2025-05-05,2025-05-07,CU-10242,Richard Jackson,Corporate,United States,San Francisco,California,West,PRD-FUR-7136,Furniture,Tables,Tables Classic 356,7,0.2,734.43,194.79
ORD-101494,2025-05-16,2025-05-22,CU-10085,John Jones,Consumer,United States,Charlotte,North Carolina,South,PRD-OFF-1970,Office Supplies,Binders,Binders Basic 638,2,0.0,190.21,-27.19
ORD-101495,2025-05-18,2025-05-23,CU-10119,Joseph Jones,Consumer,United States,Boston,Massachusetts,East,PRD-FUR-9844,Furniture,Bookcases,Bookcases Elite 546,8,0.2,5439.18,1145.23
ORD-101496,2023-10-20,2023-10-27,CU-10064,James Brown,Home Office,United States,Nashville,Tennessee,South,PRD-FUR-6638,Furniture,Tables,Tables Deluxe 387,4,0.0,3014.47,12.93
ORD-101497,2023-07-05,2023-07-11,CU-10149,Linda Martin,Corporate,United States,Los Angeles,California,West,PRD-TEC-5183,Technology,Machines,Machines Executive 404,6,0.1,4599.81,-443.73
ORD-101498,2023-09-29,2023-10-03,CU-10185,William Garcia,Corporate,United States,Ann Arbor,Michigan,Central,PRD-FUR-2393,Furniture,Chairs,Chairs Elite 835,6,0.15,1524.31,-80.73
ORD-101499,2025-12-03,2025-12-10,CU-10103,Robert Moore,Home Office,United States,Springfield,Illinois,Central,PRD-OFF-7684,Office Supplies,Paper,Paper Elite 139,3,0.0,216.91,2.24
ORD-101500,2023-10-29,2023-11-04,CU-10299,Sarah Lee,Corporate,United States,Boston,Massachusetts,East,PRD-OFF-9248,Office Supplies,Binders,Binders Classic 318,3,0.0,305.44,67.75
ORD-101501,2025-09-28,2025-09-30,CU-10079,Patricia Lopez,Home Office,United States,San Diego,California,West,PRD-FUR-1440,Furniture,Furnishings,Furnishings Elite 905,6,0.4,1534.52,-142.78
ORD-101502,2025-01-05,2025-01-07,CU-10289,Susan Hernandez,Corporate,United States,Nashville,Tennessee,South,PRD-TEC-5491,Technology,Accessories,Accessories Advanced 970,10,0.1,1506.73,-183.46
ORD-101503,2024-10-12,2024-10-13,CU-10005,Susan Johnson,Home Office,United States,Los Angeles,California,West,PRD-OFF-1905,Office Supplies,Labels,Labels Deluxe 673,8,0.15,60.76,10.27
ORD-101504,2023-12-15,2023-12-20,CU-10161,Karen Martin,Consumer,United States,Memphis,Tennessee,South,PRD-FUR-5875,Furniture,Chairs,Chairs Basic 108,10,0.4,4282.44,812.42
ORD-101505,2023-05-21,2023-05-26,CU-10074,John Lopez,Consumer,United States,Las Vegas,Nevada,West,PRD-FUR-7148,Furniture,Tables,Tables Standard 557,3,0.1,299.48,-8.3
ORD-101506,2023-05-04,2023-05-05,CU-10279,Jessica Davis,Consumer,United States,Chicago,Illinois,Central,PRD-FUR-7336,Furniture,Tables,Tables Standard 470,4,0.0,790.96,229.97
ORD-101507,2025-12-07,2025-12-08,CU-10210,Elizabeth Davis,Consumer,United States,Las Vegas,Nevada,West,PRD-TEC-8019,Technology,Phones,Phones Classic 351,7,0.15,4699.95,817.83
ORD-101508,2025-09-14,2025-09-16,CU-10023,Patricia Wilson,Consumer,United States,Buffalo,New York,East,PRD-FUR-6983,Furniture,Bookcases,Bookcases Elite 899,1,0.3,610.08,-17.86
ORD-101509,2023-02-26,2023-03-05,CU-10272,David Thomas,Consumer,United States,Houston,Texas,Central,PRD-OFF-5979,Office Supplies,Binders,Binders Advanced 182,2,0.15,122.7,30.59
ORD-101510,2025-01-10,2025-01-13,CU-10186,Joseph Jackson,Home Office,United States,Nashville,Tennessee,South,PRD-OFF-2905,Office Supplies,Storage,Storage Advanced 498,2,0.1,102.88,7.16
ORD-101511,2025-10-23,2025-10-28,CU-10212,Michael Wilson,Home Office,United States,Las Vegas,Nevada,West,PRD-OFF-7099,Office Supplies,Art,Art Elite 237,7,0.1,308.03,98.56
ORD-101512,2025-01-14,2025-01-18,CU-10106,Sarah Jones,Home Office,United States,Miami,Florida,South,PRD-TEC-2127,Technology,Copiers,Copiers Basic 942,1,0.15,889.71,163.36
ORD-101513,2024-09-10,2024-09-13,CU-10200,John Davis,Corporate,United States,Savannah,Georgia,South,PRD-FUR-2675,Furniture,Tables,Tables Pro 403,2,0.15,188.49,-11.86
ORD-101514,2025-02-06,2025-02-08,CU-10151,Karen Williams,Corporate,United States,San Diego,California,West,PRD-TEC-7348,Technology,Copiers,Copiers Deluxe 525,5,0.3,2145.61,256.02
ORD-101515,2025-11-11,2025-11-15,CU-10011,Susan Davis,Consumer,United States,Las Vegas,Nevada,West,PRD-FUR-3967,Furniture,Bookcases,Bookcases Deluxe 598,10,0.0,8324.54,1937.57
ORD-101516,2023-10-24,2023-10-31,CU-10058,John Garcia,Corporate,United States,Las Vegas,Nevada,West,PRD-OFF-2342,Office Supplies,Labels,Labels Deluxe 386,2,0.0,70.77,9.87
ORD-101517,2025-07-14,2025-07-16,CU-10065,Sarah Rodriguez,Consumer,United States,Eugene,Oregon,West,PRD-TEC-8871,Technology,Machines,Machines Pro 189,9,0.3,7373.4,1297.73
ORD-101518,2024-11-16,2024-11-22,CU-10229,Thomas Jackson,Home Office,United States,Ann Arbor,Michigan,Central,PRD-TEC-7704,Technology,Copiers,Copiers Pro 423,3,0.0,2282.95,-23.79
ORD-101519,2024-11-18,2024-11-22,CU-10182,Susan Rodriguez,Corporate,United States,New York City,New York,East,PRD-FUR-3755,Furniture,Furnishings,Furnishings Deluxe 747,6,0.1,2135.29,564.88
ORD-101520,2025-08-02,2025-08-05,CU-10180,Jessica Rodriguez,Consumer,United States,Savannah,Georgia,South,PRD-OFF-4461,Office Supplies,Labels,Labels Basic 723,7,0.0,770.65,105.56
ORD-101521,2025-12-12,2025-12-19,CU-10297,Elizabeth Wilson,Home Office,United States,Boston,Massachusetts,East,PRD-FUR-3813,Furniture,Chairs,Chairs Deluxe 758,1,0.1,427.19,105.8
ORD-101522,2023-08-24,2023-08-28,CU-10113,Susan Thomas,Consumer,United States,Las Vegas,Nevada,West,PRD-FUR-3676,Furniture,Furnishings,Furnishings Advanced 374,10,0.0,811.36,-23.26
ORD-101523,2025-01-01,2025-01-07,CU-10151,Karen Williams,Corporate,United States,Columbus,Ohio,Central,PRD-TEC-5562,Technology,Copiers,Copiers Deluxe 796,10,0.0,12547.54,1140.75
ORD-101524,2024-03-22,2024-03-27,CU-10078,Jessica Smith,Consumer,United States,Eugene,Oregon,West,PRD-OFF-5162,Office Supplies,Storage,Storage Elite 953,10,0.0,261.89,43.13
ORD-101525,2025-10-07,2025-10-14,CU-10215,Barbara Moore,Consumer,United States,San Diego,California,West,PRD-TEC-2600,Technology,Machines,Machines Executive 930,1,0.15,330.01,9.57
ORD-101526,2024-03-01,2024-03-07,CU-10284,Sarah Williams,Consumer,United States,Columbus,Ohio,Central,PRD-OFF-9541,Office Supplies,Art,Art Deluxe 894,1,0.4,3.6,0.54
ORD-101527,2024-11-22,2024-11-29,CU-10023,Patricia Wilson,Home Office,United States,Raleigh,North Carolina,South,PRD-TEC-8551,Technology,Copiers,Copiers Standard 744,5,0.0,7393.22,1488.32
ORD-101528,2025-09-17,2025-09-23,CU-10096,David Smith,Corporate,United States,Dallas,Texas,Central,PRD-TEC-8835,Technology,Phones,Phones Elite 998,4,0.3,919.96,70.29
ORD-101529,2023-10-06,2023-10-07,CU-10245,Susan Martin,Home Office,United States,Portland,Oregon,West,PRD-FUR-9605,Furniture,Bookcases,Bookcases Standard 766,3,0.0,1798.17,349.16
ORD-101530,2024-04-15,2024-04-22,CU-10031,Richard Rodriguez,Home Office,United States,Atlanta,Georgia,South,PRD-FUR-3755,Furniture,Furnishings,Furnishings Advanced 415,1,0.15,110.52,-0.54
ORD-101531,2024-08-30,2024-09-06,CU-10283,David Hernandez,Consumer,United States,Chicago,Illinois,Central,PRD-TEC-2488,Technology,Accessories,Accessories Deluxe 927,6,0.2,3296.96,661.95
ORD-101532,2023-08-30,2023-09-05,CU-10263,John Smith,Corporate,United States,Orlando,Florida,South,PRD-OFF-8658,Office Supplies,Binders,Binders Basic 205,5,0.0,135.63,40.5
ORD-101533,2023-03-21,2023-03-24,CU-10159,David Williams,Consumer,United States,Eugene,Oregon,West,PRD-TEC-6235,Technology,Phones,Phones Standard 494,2,0.1,274.26,2.51
ORD-101534,2024-07-01,2024-07-03,CU-10295,Richard Taylor,Consumer,United States,San Diego,California,West,PRD-FUR-6684,Furniture,Furnishings,Furnishings Executive 828,7,0.0,2925.05,695.24
ORD-101535,2024-04-23,2024-04-25,CU-10275,Joseph Garcia,Corporate,United States,Tampa,Florida,South,PRD-FUR-3437,Furniture,Chairs,Chairs Deluxe 723,1,0.15,646.35,-55.97
ORD-101536,2024-08-25,2024-08-26,CU-10193,Susan Jones,Corporate,United States,Atlanta,Georgia,South,PRD-OFF-8743,Office Supplies,Paper,Paper Deluxe 925,5,0.1,301.33,-6.43
ORD-101537,2025-01-29,2025-01-30,CU-10269,Joseph Jones,Home Office,United States,Memphis,Tennessee,South,PRD-FUR-3188,Furniture,Furnishings,Furnishings Advanced 931,5,0.3,697.79,224.61
ORD-101538,2024-11-06,2024-11-09,CU-10010,Michael Jackson,Corporate,United States,Charlotte,North Carolina,South,PRD-FUR-8857,Furniture,Bookcases,Bookcases Standard 877,9,0.2,4237.64,654.25
ORD-101539,2023-01-17,2023-01-19,CU-10291,Susan Johnson,Corporate,United States,Memphis,Tennessee,South,PRD-FUR-6574,Furniture,Bookcases,Bookcases Elite 959,8,0.1,2837.73,-419.23
ORD-101540,2024-07-15,2024-07-17,CU-10281,Robert Martinez,Corporate,United States,Savannah,Georgia,South,PRD-TEC-7694,Technology,Copiers,Copiers Executive 628,7,0.15,5571.41,437.31
ORD-101541,2023-08-07,2023-08-11,CU-10011,Susan Davis,Corporate,United States,Miami,Florida,South,PRD-TEC-7425,Technology,Copiers,Copiers Elite 182,1,0.4,485.53,-47.91
ORD-101542,2025-09-10,2025-09-17,CU-10183,Mary Smith,Consumer,United States,Memphis,Tennessee,South,PRD-TEC-5272,Technology,Accessories,Accessories Elite 655,9,0.4,1021.07,184.91
ORD-101543,2024-01-06,2024-01-08,CU-10145,Jennifer Williams,Home Office,United States,Eugene,Oregon,West,PRD-TEC-4757,Technology,Accessories,Accessories Pro 384,6,0.3,2250.9,122.14
ORD-101544,2025-09-19,2025-09-22,CU-10159,David Williams,Consumer,United States,Jersey City,New Jersey,East,PRD-TEC-1545,Technology,Copiers,Copiers Elite 582,9,0.0,10910.06,3.62
ORD-101545,2023-09-24,2023-09-27,CU-10028,Mary Davis,Corporate,United States,Eugene,Oregon,West,PRD-TEC-5710,Technology,Machines,Machines Executive 995,5,0.1,4330.43,470.51
ORD-101546,2024-05-15,2024-05-22,CU-10208,Linda Miller,Corporate,United States,Boston,Massachusetts,East,PRD-TEC-7182,Technology,Accessories,Accessories Deluxe 119,2,0.4,1389.58,173.19
ORD-101547,2024-11-13,2024-11-14,CU-10106,Sarah Jones,Consumer,United States,Pittsburgh,Pennsylvania,East,PRD-TEC-3403,Technology,Copiers,Copiers Classic 458,9,0.3,8459.16,116.52
ORD-101548,2023-04-16,2023-04-18,CU-10216,Richard Jackson,Home Office,United States,Eugene,Oregon,West,PRD-OFF-9801,Office Supplies,Paper,Paper Basic 512,9,0.1,392.16,-13.21
ORD-101549,2023-05-28,2023-06-03,CU-10077,Karen Hernandez,Corporate,United States,Spokane,Washington,West,PRD-TEC-6854,Technology,Copiers,Copiers Elite 588,1,0.4,137.91,0.1
ORD-101550,2025-08-02,2025-08-06,CU-10219,Jennifer Martin,Corporate,United States,Las Vegas,Nevada,West,PRD-FUR-5341,Furniture,Furnishings,Furnishings Classic 651,6,0.4,2311.66,593.77
ORD-101551,2025-10-12,2025-10-19,CU-10191,Barbara Martin,Corporate,United States,Columbus,Ohio,Central,PRD-TEC-1450,Technology,Accessories,Accessories Standard 701,6,0.15,3654.45,1056.46
ORD-101552,2024-05-06,2024-05-10,CU-10199,Susan Lee,Corporate,United States,Memphis,Tennessee,South,PRD-FUR-5883,Furniture,Bookcases,Bookcases Standard 123,8,0.4,1958.7,49.68
ORD-101553,2023-06-30,2023-07-01,CU-10162,Patricia Williams,Consumer,United States,Atlanta,Georgia,South,PRD-TEC-6850,Technology,Phones,Phones Pro 758,1,0.3,69.0,2.5
ORD-101554,2025-11-02,2025-11-04,CU-10123,Joseph Jackson,Consumer,United States,Cleveland,Ohio,Central,PRD-TEC-8042,Technology,Accessories,Accessories Executive 474,4,0.0,1361.65,436.74
ORD-101555,2023-03-07,2023-03-13,CU-10006,James Williams,Consumer,United States,Pittsburgh,Pennsylvania,East,PRD-TEC-2274,Technology,Phones,Phones Elite 161,4,0.2,3656.07,958.75
ORD-101556,2023-06-11,2023-06-16,CU-10256,James Johnson,Consumer,United States,Charlotte,North Carolina,South,PRD-TEC-6111,Technology,Phones,Phones Advanced 614,4,0.3,3912.35,247.23
ORD-101557,2024-09-19,2024-09-23,CU-10229,Thomas Jackson,Home Office,United States,Tampa,Florida,South,PRD-TEC-7281,Technology,Copiers,Copiers Classic 784,1,0.3,627.3,116.43
ORD-101558,2023-10-29,2023-11-04,CU-10008,Thomas Lee,Corporate,United States,Springfield,Illinois,Central,PRD-OFF-1059,Office Supplies,Labels,Labels Advanced 117,9,0.1,103.66,20.3
ORD-101559,2024-01-05,2024-01-10,CU-10095,Linda Williams,Consumer,United States,Memphis,Tennessee,South,PRD-OFF-6809,Office Supplies,Storage,Storage Classic 796,4,0.0,214.27,-4.99
ORD-101560,2023-05-18,2023-05-20,CU-10045,Michael Martin,Corporate,United States,Nashville,Tennessee,South,PRD-OFF-9197,Office Supplies,Storage,Storage Classic 988,4,0.4,175.06,37.92
ORD-101561,2024-11-26,2024-11-28,CU-10133,Joseph Martinez,Consumer,United States,Raleigh,North Carolina,South,PRD-FUR-4701,Furniture,Tables,Tables Advanced 720,5,0.0,1448.61,446.41
ORD-101562,2025-10-30,2025-11-03,CU-10115,Mary Wilson,Home Office,United States,Austin,Texas,Central,PRD-TEC-2250,Technology,Copiers,Copiers Executive 417,8,0.1,1301.4,402.57
ORD-101563,2025-11-01,2025-11-07,CU-10096,David Smith,Home Office,United States,Jersey City,New Jersey,East,PRD-OFF-2948,Office Supplies,Paper,Paper Basic 528,6,0.2,67.35,11.37
ORD-101564,2025-09-28,2025-10-03,CU-10167,Barbara Martinez,Home Office,United States,Austin,Texas,Central,PRD-OFF-6655,Office Supplies,Binders,Binders Standard 667,7,0.0,685.16,26.31
ORD-101565,2023-12-31,2024-01-02,CU-10275,Joseph Garcia,Consumer,United States,San Diego,California,West,PRD-OFF-7310,Office Supplies,Labels,Labels Elite 660,1,0.0,119.17,30.93
ORD-101566,2024-01-23,2024-01-26,CU-10065,Sarah Rodriguez,Consumer,United States,Portland,Oregon,West,PRD-TEC-9437,Technology,Accessories,Accessories Classic 862,4,0.0,5074.42,-321.24
ORD-101567,2024-10-05,2024-10-07,CU-10241,Charles Martinez,Consumer,United States,Portland,Oregon,West,PRD-OFF-2028,Office Supplies,Art,Art Elite 301,4,0.1,383.42,105.24
ORD-101568,2024-10-18,2024-10-20,CU-10019,Patricia Lopez,Corporate,United States,San Francisco,California,West,PRD-FUR-9995,Furniture,Furnishings,Furnishings Classic 645,2,0.3,869.35,26.33
ORD-101569,2024-09-12,2024-09-18,CU-10160,James Thomas,Home Office,United States,Ann Arbor,Michigan,Central,PRD-TEC-2610,Technology,Copiers,Copiers Deluxe 867,5,0.0,1117.68,166.33
ORD-101570,2023-10-17,2023-10-21,CU-10136,Michael Martinez,Corporate,United States,Chicago,Illinois,Central,PRD-OFF-2528,Office Supplies,Binders,Binders Elite 123,7,0.3,541.63,105.62
ORD-101571,2023-02-05,2023-02-06,CU-10269,Joseph Jones,Consumer,United States,Spokane,Washington,West,PRD-TEC-9179,Technology,Phones,Phones Executive 648,3,0.0,697.86,116.13
ORD-101572,2024-12-29,2025-01-04,CU-10205,William Garcia,Consumer,United States,Reno,Nevada,West,PRD-FUR-4774,Furniture,Tables,Tables Basic 608,10,0.0,7296.86,165.14
ORD-101573,2023-10-12,2023-10-18,CU-10180,Jessica Rodriguez,Home Office,United States,Atlanta,Georgia,South,PRD-TEC-5379,Technology,Copiers,Copiers Pro 820,4,0.4,3461.37,1060.68
ORD-101574,2024-11-26,2024-12-01,CU-10252,Karen Hernandez,Home Office,United States,Portland,Oregon,West,PRD-OFF-9384,Office Supplies,Binders,Binders Standard 724,6,0.0,260.93,4.07
ORD-101575,2023-02-17,2023-02-23,CU-10075,Jennifer Jackson,Consumer,United States,Orlando,Florida,South,PRD-OFF-5317,Office Supplies,Labels,Labels Pro 277,3,0.15,135.48,39.72
ORD-101576,2025-07-12,2025-07-19,CU-10204,Susan Davis,Home Office,United States,Austin,Texas,Central,PRD-FUR-5253,Furniture,Bookcases,Bookcases Elite 749,9,0.3,5520.34,1829.82
ORD-101577,2024-02-23,2024-02-24,CU-10048,Joseph Jones,Corporate,United States,Raleigh,North Carolina,South,PRD-FUR-4893,Furniture,Tables,Tables Classic 643,9,0.2,6031.69,378.69
ORD-101578,2023-06-01,2023-06-03,CU-10199,Susan Lee,Consumer,United States,Boston,Massachusetts,East,PRD-TEC-8327,Technology,Phones,Phones Elite 200,4,0.15,1547.65,282.76
ORD-101579,2023-06-13,2023-06-20,CU-10295,Richard Taylor,Consumer,United States,Newark,New Jersey,East,PRD-OFF-5748,Office Supplies,Binders,Binders Basic 977,9,0.1,962.99,125.25
ORD-101580,2024-09-22,2024-09-23,CU-10062,Joseph Moore,Corporate,United States,Detroit,Michigan,Central,PRD-FUR-1922,Furniture,Bookcases,Bookcases Classic 231,9,0.3,1596.82,139.11
ORD-101581,2024-11-09,2024-11-15,CU-10113,Susan Thomas,Consumer,United States,Reno,Nevada,West,PRD-TEC-3445,Technology,Accessories,Accessories Executive 934,9,0.3,7620.03,1481.21
ORD-101582,2023-12-08,2023-12-11,CU-10273,Karen Moore,Home Office,United States,Seattle,Washington,West,PRD-TEC-5882,Technology,Phones,Phones Elite 639,4,0.2,353.65,22.47
ORD-101583,2025-05-15,2025-05-19,CU-10209,Joseph Lopez,Corporate,United States,Tampa,Florida,South,PRD-OFF-2300,Office Supplies,Storage,Storage Deluxe 591,5,0.4,213.21,3.7
ORD-101584,2024-04-18,2024-04-21,CU-10102,Mary Hernandez,Corporate,United States,Worcester,Massachusetts,East,PRD-TEC-2054,Technology,Accessories,Accessories Standard 615,10,0.15,6061.89,-645.63
ORD-101585,2024-08-19,2024-08-24,CU-10197,Linda Brown,Corporate,United States,Reno,Nevada,West,PRD-FUR-6868,Furniture,Chairs,Chairs Classic 534,5,0.2,1337.79,-152.55
ORD-101586,2025-06-11,2025-06-14,CU-10057,Mary Brown,Consumer,United States,Memphis,Tennessee,South,PRD-TEC-4140,Technology,Phones,Phones Pro 679,4,0.0,1265.38,60.74
ORD-101587,2023-03-19,2023-03-20,CU-10167,Barbara Martinez,Corporate,United States,Atlanta,Georgia,South,PRD-FUR-7720,Furniture,Tables,Tables Basic 877,9,0.0,6507.88,584.4
ORD-101588,2023-04-10,2023-04-15,CU-10266,Thomas Thomas,Consumer,United States,Detroit,Michigan,Central,PRD-TEC-8186,Technology,Phones,Phones Basic 108,4,0.2,183.24,52.27
ORD-101589,2024-05-10,2024-05-13,CU-10269,Joseph Jones,Consumer,United States,Memphis,Tennessee,South,PRD-OFF-8166,Office Supplies,Storage,Storage Basic 379,7,0.3,218.94,-28.36
ORD-101590,2025-09-19,2025-09-26,CU-10136,Michael Martinez,Consumer,United States,Savannah,Georgia,South,PRD-FUR-6718,Furniture,Bookcases,Bookcases Deluxe 504,5,0.0,2902.22,595.82
ORD-101591,2025-04-17,2025-04-21,CU-10078,Jessica Smith,Consumer,United States,Houston,Texas,Central,PRD-OFF-2463,Office Supplies,Storage,Storage Deluxe 670,4,0.2,263.88,32.86
ORD-101592,2023-11-22,2023-11-26,CU-10093,Thomas Thomas,Home Office,United States,Charlotte,North Carolina,South,PRD-OFF-6626,Office Supplies,Art,Art Classic 756,9,0.0,819.58,217.68
ORD-101593,2023-06-18,2023-06-24,CU-10288,Robert Anderson,Corporate,United States,Buffalo,New York,East,PRD-OFF-3706,Office Supplies,Storage,Storage Elite 256,10,0.15,313.6,47.67
ORD-101594,2024-11-25,2024-11-27,CU-10051,Sarah Rodriguez,Home Office,United States,Charlotte,North Carolina,South,PRD-TEC-1601,Technology,Machines,Machines Advanced 778,10,0.3,4758.89,1142.45
ORD-101595,2025-09-12,2025-09-13,CU-10185,William Garcia,Home Office,United States,Cleveland,Ohio,Central,PRD-TEC-3862,Technology,Machines,Machines Basic 327,7,0.3,968.63,242.5
ORD-101596,2023-10-16,2023-10-22,CU-10001,William Davis,Corporate,United States,Dallas,Texas,Central,PRD-TEC-1782,Technology,Machines,Machines Basic 985,2,0.0,1445.06,501.51
ORD-101597,2023-08-13,2023-08-14,CU-10170,Karen Moore,Consumer,United States,Ann Arbor,Michigan,Central,PRD-OFF-6773,Office Supplies,Labels,Labels Basic 346,2,0.4,96.98,-8.07
ORD-101598,2025-01-18,2025-01-22,CU-10256,James Johnson,Consumer,United States,Ann Arbor,Michigan,Central,PRD-FUR-6145,Furniture,Bookcases,Bookcases Basic 763,8,0.2,2001.07,167.68
ORD-101599,2023-11-07,2023-11-09,CU-10074,John Lopez,Home Office,United States,Cleveland,Ohio,Central,PRD-FUR-7593,Furniture,Bookcases,Bookcases Classic 864,10,0.0,3062.0,541.39
ORD-101600,2023-04-01,2023-04-03,CU-10271,Sarah Lee,Corporate,United States,Houston,Texas,Central,PRD-FUR-8284,Furniture,Tables,Tables Deluxe 859,5,0.15,1816.59,91.24
ORD-101601,2023-07-16,2023-07-19,CU-10252,Karen Hernandez,Consumer,United States,Savannah,Georgia,South,PRD-TEC-7593,Technology,Accessories,Accessories Advanced 685,6,0.15,1857.88,67.69
ORD-101602,2023-03-17,2023-03-18,CU-10236,David Wilson,Consumer,United States,Jersey City,New Jersey,East,PRD-FUR-1577,Furniture,Chairs,Chairs Classic 456,10,0.0,6261.34,433.06
ORD-101603,2025-02-23,2025-02-27,CU-10293,Richard Martin,Home Office,United States,Dallas,Texas,Central,PRD-OFF-6982,Office Supplies,Labels,Labels Standard 641,6,0.0,97.53,-9.27
ORD-101604,2024-04-29,2024-05-05,CU-10281,Robert Martinez,Home Office,United States,Memphis,Tennessee,South,PRD-FUR-7676,Furniture,Bookcases,Bookcases Deluxe 909,7,0.2,2597.2,523.64
ORD-101605,2023-04-04,2023-04-08,CU-10029,Elizabeth Williams,Home Office,United States,Atlanta,Georgia,South,PRD-TEC-1119,Technology,Machines,Machines Basic 897,2,0.0,1101.68,249.69
ORD-101606,2023-06-02,2023-06-05,CU-10097,Charles Jackson,Consumer,United States,Worcester,Massachusetts,East,PRD-OFF-2024,Office Supplies,Storage,Storage Deluxe 542,7,0.3,544.55,38.56
ORD-101607,2024-07-02,2024-07-07,CU-10011,Susan Davis,Consumer,United States,San Diego,California,West,PRD-OFF-6614,Office Supplies,Paper,Paper Advanced 892,7,0.0,486.38,51.96
ORD-101608,2024-01-07,2024-01-13,CU-10212,Michael Wilson,Home Office,United States,Reno,Nevada,West,PRD-FUR-3723,Furniture,Tables,Tables Executive 539,10,0.1,1243.2,308.79
ORD-101609,2023-06-04,2023-06-07,CU-10085,John Jones,Consumer,United States,Springfield,Illinois,Central,PRD-FUR-5327,Furniture,Furnishings,Furnishings Standard 963,6,0.2,3544.85,268.53
ORD-101610,2024-07-12,2024-07-16,CU-10190,Sarah Johnson,Home Office,United States,Spokane,Washington,West,PRD-OFF-7259,Office Supplies,Storage,Storage Basic 178,2,0.2,154.7,-16.6
ORD-101611,2025-07-10,2025-07-12,CU-10261,Richard Taylor,Consumer,United States,Philadelphia,Pennsylvania,East,PRD-FUR-2315,Furniture,Chairs,Chairs Deluxe 555,7,0.15,2891.95,812.57
ORD-101612,2024-06-16,2024-06-20,CU-10068,Jennifer Thomas,Corporate,United States,Los Angeles,California,West,PRD-TEC-9875,Technology,Machines,Machines Deluxe 348,6,0.0,1147.78,82.02
ORD-101613,2024-02-29,2024-03-04,CU-10005,Susan Johnson,Corporate,United States,San Diego,California,West,PRD-OFF-9904,Office Supplies,Storage,Storage Classic 594,1,0.4,3.73,0.25
ORD-101614,2024-04-30,2024-05-07,CU-10238,John Miller,Consumer,United States,Savannah,Georgia,South,PRD-OFF-9939,Office Supplies,Art,Art Classic 805,2,0.0,52.67,-6.8
ORD-101615,2025-12-08,2025-12-15,CU-10264,Patricia Anderson,Corporate,United States,Tampa,Florida,South,PRD-FUR-7563,Furniture,Furnishings,Furnishings Deluxe 145,4,0.15,2730.68,483.8
ORD-101616,2024-06-09,2024-06-14,CU-10219,Jennifer Martin,Home Office,United States,Charlotte,North Carolina,South,PRD-TEC-5098,Technology,Phones,Phones Executive 137,6,0.0,2307.01,100.24
ORD-101617,2023-03-09,2023-03-14,CU-10249,Thomas Taylor,Consumer,United States,Jersey City,New Jersey,East,PRD-OFF-9926,Office Supplies,Binders,Binders Classic 799,1,0.0,12.95,-0.73
ORD-101618,2023-10-19,2023-10-24,CU-10200,John Davis,Corporate,United States,Orlando,Florida,South,PRD-FUR-6585,Furniture,Chairs,Chairs Advanced 352,2,0.0,1117.21,268.67
ORD-101619,2023-12-18,2023-12-22,CU-10001,William Davis,Corporate,United States,Seattle,Washington,West,PRD-TEC-7030,Technology,Phones,Phones Classic 475,5,0.1,5725.85,-289.19
ORD-101620,2024-04-17,2024-04-24,CU-10257,Linda Taylor,Consumer,United States,Chicago,Illinois,Central,PRD-OFF-4566,Office Supplies,Storage,Storage Classic 345,6,0.15,307.03,11.88
ORD-101621,2024-12-07,2024-12-08,CU-10013,William Smith,Consumer,United States,San Francisco,California,West,PRD-FUR-1195,Furniture,Tables,Tables Deluxe 293,2,0.4,642.78,85.57
ORD-101622,2024-03-27,2024-03-30,CU-10232,David Lee,Consumer,United States,Worcester,Massachusetts,East,PRD-OFF-5155,Office Supplies,Binders,Binders Deluxe 133,6,0.15,290.54,-32.87
ORD-101623,2025-02-21,2025-02-22,CU-10168,Jennifer Thomas,Home Office,United States,Worcester,Massachusetts,East,PRD-FUR-7614,Furniture,Bookcases,Bookcases Deluxe 344,8,0.4,1811.55,420.25
ORD-101624,2025-07-25,2025-07-29,CU-10223,David Anderson,Corporate,United States,Buffalo,New York,East,PRD-FUR-8740,Furniture,Bookcases,Bookcases Advanced 771,10,0.1,6562.64,1780.96
ORD-101625,2024-04-29,2024-04-30,CU-10116,David Brown,Home Office,United States,Spokane,Washington,West,PRD-OFF-5951,Office Supplies,Art,Art Advanced 873,8,0.0,282.91,67.83
ORD-101626,2024-07-29,2024-08-03,CU-10022,Joseph Jackson,Consumer,United States,Detroit,Michigan,Central,PRD-TEC-6896,Technology,Phones,Phones Advanced 496,1,0.0,285.19,22.1
ORD-101627,2024-09-04,2024-09-11,CU-10244,Elizabeth Miller,Consumer,United States,Miami,Florida,South,PRD-FUR-8558,Furniture,Furnishings,Furnishings Classic 501,5,0.2,3195.78,189.07
ORD-101628,2023-11-03,2023-11-08,CU-10289,Susan Hernandez,Corporate,United States,Atlanta,Georgia,South,PRD-TEC-9314,Technology,Machines,Machines Basic 619,6,0.1,463.63,64.9
ORD-101629,2024-06-12,2024-06-18,CU-10194,Mary Martinez,Corporate,United States,Detroit,Michigan,Central,PRD-OFF-8255,Office Supplies,Labels,Labels Standard 986,7,0.4,271.87,-36.19
ORD-101630,2025-06-21,2025-06-25,CU-10224,Karen Moore,Home Office,United States,Detroit,Michigan,Central,PRD-FUR-2399,Furniture,Furnishings,Furnishings Standard 485,4,0.4,1133.88,-130.53
ORD-101631,2023-04-23,2023-04-27,CU-10122,Linda Williams,Home Office,United States,Houston,Texas,Central,PRD-TEC-3686,Technology,Copiers,Copiers Standard 291,1,0.0,997.08,-6.27
ORD-101632,2024-04-19,2024-04-21,CU-10123,Joseph Jackson,Home Office,United States,Newark,New Jersey,East,PRD-TEC-7190,Technology,Machines,Machines Basic 386,7,0.0,7539.95,2015.12
ORD-101633,2024-06-13,2024-06-19,CU-10116,David Brown,Home Office,United States,Worcester,Massachusetts,East,PRD-FUR-9287,Furniture,Tables,Tables Advanced 548,9,0.15,6104.41,-639.91
ORD-101634,2024-12-04,2024-12-06,CU-10246,Karen Hernandez,Corporate,United States,Buffalo,New York,East,PRD-OFF-9524,Office Supplies,Labels,Labels Advanced 394,9,0.0,1025.23,339.27
ORD-101635,2023-01-21,2023-01-24,CU-10085,John Jones,Consumer,United States,Cleveland,Ohio,Central,PRD-TEC-1489,Technology,Phones,Phones Advanced 353,8,0.2,9327.38,154.0
ORD-101636,2025-09-09,2025-09-14,CU-10217,David Smith,Home Office,United States,Nashville,Tennessee,South,PRD-FUR-1560,Furniture,Chairs,Chairs Deluxe 839,10,0.0,8583.12,2648.12
ORD-101637,2023-07-10,2023-07-15,CU-10166,Robert Davis,Home Office,United States,Nashville,Tennessee,South,PRD-TEC-2249,Technology,Machines,Machines Classic 679,9,0.4,7203.84,-349.45
ORD-101638,2024-05-30,2024-06-06,CU-10080,Elizabeth Davis,Consumer,United States,Cleveland,Ohio,Central,PRD-TEC-3994,Technology,Phones,Phones Classic 782,10,0.1,6023.79,-317.16
ORD-101639,2025-11-03,2025-11-04,CU-10241,Charles Martinez,Consumer,United States,Buffalo,New York,East,PRD-TEC-3608,Technology,Phones,Phones Standard 639,8,0.0,2140.73,-163.62
ORD-101640,2023-01-08,2023-01-09,CU-10250,Jennifer Williams,Corporate,United States,Cleveland,Ohio,Central,PRD-FUR-5408,Furniture,Furnishings,Furnishings Basic 642,8,0.0,4612.7,1311.03
ORD-101641,2025-04-11,2025-04-15,CU-10067,Elizabeth Anderson,Consumer,United States,Charlotte,North Carolina,South,PRD-OFF-7524,Office Supplies,Paper,Paper Executive 797,10,0.1,330.43,93.8
ORD-101642,2023-04-24,2023-04-28,CU-10273,Karen Moore,Consumer,United States,Columbus,Ohio,Central,PRD-FUR-2440,Furniture,Bookcases,Bookcases Classic 245,4,0.0,2541.9,160.45
ORD-101643,2024-06-15,2024-06-18,CU-10228,Susan Smith,Corporate,United States,Seattle,Washington,West,PRD-OFF-6979,Office Supplies,Binders,Binders Basic 859,9,0.4,463.99,-67.98
ORD-101644,2023-04-01,2023-04-07,CU-10054,Barbara Davis,Home Office,United States,Memphis,Tennessee,South,PRD-FUR-6780,Furniture,Chairs,Chairs Standard 458,2,0.0,1071.48,133.78
ORD-101645,2023-09-16,2023-09-18,CU-10116,David Brown,Corporate,United States,Las Vegas,Nevada,West,PRD-TEC-3046,Technology,Machines,Machines Classic 699,6,0.2,957.86,294.3
ORD-101646,2023-06-08,2023-06-12,CU-10108,Jessica Davis,Home Office,United States,Orlando,Florida,South,PRD-FUR-5899,Furniture,Chairs,Chairs Classic 442,8,0.15,2089.63,642.29
ORD-101647,2025-08-15,2025-08-22,CU-10121,William Thomas,Consumer,United States,Savannah,Georgia,South,PRD-OFF-4860,Office Supplies,Labels,Labels Elite 629,9,0.4,70.53,15.08
ORD-101648,2025-06-08,2025-06-14,CU-10236,David Wilson,Corporate,United States,Savannah,Georgia,South,PRD-FUR-7166,Furniture,Bookcases,Bookcases Deluxe 744,6,0.4,2811.38,-190.06
ORD-101649,2025-01-11,2025-01-15,CU-10056,Jessica Williams,Consumer,United States,Ann Arbor,Michigan,Central,PRD-TEC-3053,Technology,Phones,Phones Standard 728,10,0.0,4418.05,752.63
ORD-101650,2024-08-23,2024-08-27,CU-10297,Elizabeth Wilson,Consumer,United States,Tampa,Florida,South,PRD-TEC-5718,Technology,Phones,Phones Basic 109,10,0.4,4501.48,259.28
ORD-101651,2023-12-10,2023-12-14,CU-10195,Barbara Johnson,Corporate,United States,Spokane,Washington,West,PRD-TEC-5397,Technology,Machines,Machines Pro 326,7,0.0,6393.64,1335.74
ORD-101652,2023-05-01,2023-05-02,CU-10170,Karen Moore,Consumer,United States,Las Vegas,Nevada,West,PRD-TEC-1208,Technology,Phones,Phones Classic 288,3,0.2,1020.01,61.76
ORD-101653,2023-01-24,2023-01-30,CU-10033,Jennifer Lopez,Consumer,United States,Chicago,Illinois,Central,PRD-OFF-7806,Office Supplies,Labels,Labels Basic 559,5,0.2,284.6,45.03
ORD-101654,2025-09-12,2025-09-19,CU-10244,Elizabeth Miller,Home Office,United States,Philadelphia,Pennsylvania,East,PRD-FUR-1699,Furniture,Tables,Tables Standard 541,3,0.3,1429.03,17.47
ORD-101655,2024-02-20,2024-02-22,CU-10288,Robert Anderson,Corporate,United States,New York City,New York,East,PRD-OFF-1860,Office Supplies,Art,Art Executive 169,5,0.2,227.74,2.06
ORD-101656,2024-08-04,2024-08-06,CU-10127,Jennifer Anderson,Home Office,United States,Worcester,Massachusetts,East,PRD-FUR-4787,Furniture,Chairs,Chairs Executive 553,6,0.1,3994.44,11.54
ORD-101657,2025-03-30,2025-04-04,CU-10009,James Jackson,Home Office,United States,Columbus,Ohio,Central,PRD-TEC-9371,Technology,Machines,Machines Advanced 278,9,0.1,4332.22,-112.38
ORD-101658,2023-07-21,2023-07-23,CU-10126,Robert Davis,Corporate,United States,Boston,Massachusetts,East,PRD-OFF-8793,Office Supplies,Paper,Paper Deluxe 151,3,0.0,160.97,-11.87
ORD-101659,2024-06-03,2024-06-04,CU-10291,Susan Johnson,Consumer,United States,Springfield,Illinois,Central,PRD-FUR-6351,Furniture,Tables,Tables Deluxe 455,1,0.1,293.01,76.4
ORD-101660,2023-07-16,2023-07-23,CU-10014,Jennifer Anderson,Corporate,United States,Orlando,Florida,South,PRD-OFF-3495,Office Supplies,Labels,Labels Classic 155,10,0.0,356.79,-4.75
ORD-101661,2024-09-04,2024-09-07,CU-10201,Jennifer Garcia,Home Office,United States,Houston,Texas,Central,PRD-TEC-9468,Technology,Machines,Machines Advanced 932,6,0.0,2323.36,745.08
ORD-101662,2023-06-04,2023-06-09,CU-10046,David Miller,Corporate,United States,Portland,Oregon,West,PRD-TEC-9146,Technology,Machines,Machines Basic 725,5,0.4,2831.65,-268.9
ORD-101663,2024-10-05,2024-10-08,CU-10254,Elizabeth Davis,Consumer,United States,Worcester,Massachusetts,East,PRD-FUR-2219,Furniture,Tables,Tables Basic 519,4,0.3,181.53,-15.06
ORD-101664,2025-01-16,2025-01-22,CU-10221,Patricia Lee,Consumer,United States,Portland,Oregon,West,PRD-FUR-6873,Furniture,Furnishings,Furnishings Executive 174,6,0.3,358.28,36.0
ORD-101665,2025-05-10,2025-05-15,CU-10228,Susan Smith,Consumer,United States,Orlando,Florida,South,PRD-TEC-5661,Technology,Machines,Machines Executive 124,9,0.0,945.14,-104.6
ORD-101666,2025-05-05,2025-05-11,CU-10049,William Jones,Corporate,United States,Newark,New Jersey,East,PRD-TEC-9568,Technology,Phones,Phones Deluxe 139,5,0.3,3506.45,1119.03
ORD-101667,2023-08-22,2023-08-26,CU-10260,Charles Miller,Home Office,United States,Charlotte,North Carolina,South,PRD-TEC-7557,Technology,Accessories,Accessories Executive 710,1,0.3,705.75,12.02
ORD-101668,2023-11-25,2023-11-29,CU-10245,Susan Martin,Corporate,United States,Los Angeles,California,West,PRD-FUR-4164,Furniture,Furnishings,Furnishings Standard 943,1,0.15,565.59,41.69
ORD-101669,2025-07-27,2025-07-29,CU-10180,Jessica Rodriguez,Corporate,United States,Charlotte,North Carolina,South,PRD-TEC-5182,Technology,Machines,Machines Pro 646,4,0.2,2217.58,-218.17
ORD-101670,2024-12-10,2024-12-13,CU-10280,William Thomas,Consumer,United States,Reno,Nevada,West,PRD-OFF-2120,Office Supplies,Art,Art Classic 369,10,0.3,385.0,28.77
ORD-101671,2024-11-22,2024-11-29,CU-10251,Elizabeth Moore,Corporate,United States,Buffalo,New York,East,PRD-OFF-2464,Office Supplies,Art,Art Pro 459,10,0.15,845.05,-21.57
ORD-101672,2025-10-28,2025-10-29,CU-10224,Karen Moore,Home Office,United States,Seattle,Washington,West,PRD-FUR-8898,Furniture,Tables,Tables Advanced 641,6,0.4,1491.28,300.87
ORD-101673,2024-05-10,2024-05-11,CU-10102,Mary Hernandez,Home Office,United States,Worcester,Massachusetts,East,PRD-TEC-1206,Technology,Copiers,Copiers Elite 706,3,0.4,829.08,154.75
ORD-101674,2023-07-31,2023-08-02,CU-10134,Susan Jackson,Corporate,United States,Jersey City,New Jersey,East,PRD-OFF-4420,Office Supplies,Storage,Storage Pro 773,1,0.0,39.02,7.14
ORD-101675,2025-10-12,2025-10-16,CU-10234,Elizabeth Moore,Corporate,United States,Las Vegas,Nevada,West,PRD-OFF-1973,Office Supplies,Binders,Binders Executive 319,1,0.1,86.63,20.46
ORD-101676,2023-02-26,2023-02-27,CU-10297,Elizabeth Wilson,Corporate,United States,Philadelphia,Pennsylvania,East,PRD-FUR-5447,Furniture,Bookcases,Bookcases Deluxe 118,8,0.3,3572.22,25.17
ORD-101677,2025-04-26,2025-05-03,CU-10198,Barbara Jackson,Corporate,United States,Las Vegas,Nevada,West,PRD-FUR-3087,Furniture,Furnishings,Furnishings Standard 248,6,0.0,1091.53,-161.45
ORD-101678,2024-05-26,2024-05-27,CU-10066,David Brown,Corporate,United States,Portland,Oregon,West,PRD-OFF-2675,Office Supplies,Art,Art Classic 973,2,0.0,28.13,7.4
ORD-101679,2025-11-23,2025-11-30,CU-10084,Robert Jackson,Corporate,United States,Philadelphia,Pennsylvania,East,PRD-OFF-5815,Office Supplies,Art,Art Pro 826,9,0.0,924.54,86.81
ORD-101680,2024-07-18,2024-07-22,CU-10017,David Brown,Consumer,United States,Savannah,Georgia,South,PRD-OFF-3544,Office Supplies,Paper,Paper Classic 500,10,0.15,581.74,0.8
ORD-101681,2023-01-31,2023-02-02,CU-10081,Mary Davis,Home Office,United States,Springfield,Illinois,Central,PRD-TEC-4708,Technology,Copiers,Copiers Deluxe 841,2,0.15,1223.89,40.99
ORD-101682,2023-05-31,2023-06-07,CU-10056,Jessica Williams,Home Office,United States,Jersey City,New Jersey,East,PRD-OFF-1401,Office Supplies,Labels,Labels Elite 369,2,0.0,67.16,2.8
ORD-101683,2024-06-24,2024-06-28,CU-10047,Jessica Wilson,Home Office,United States,New York City,New York,East,PRD-OFF-1741,Office Supplies,Art,Art Standard 411,8,0.15,465.83,-55.11
ORD-101684,2024-03-27,2024-03-30,CU-10040,Sarah Davis,Consumer,United States,Houston,Texas,Central,PRD-TEC-4792,Technology,Phones,Phones Elite 978,9,0.2,10265.24,3190.59
ORD-101685,2023-11-17,2023-11-20,CU-10059,Susan Lee,Corporate,United States,Orlando,Florida,South,PRD-OFF-5848,Office Supplies,Binders,Binders Advanced 524,1,0.3,25.63,1.96
ORD-101686,2025-10-27,2025-10-31,CU-10269,Joseph Jones,Consumer,United States,Los Angeles,California,West,PRD-FUR-8739,Furniture,Bookcases,Bookcases Advanced 881,7,0.0,1967.01,155.12
ORD-101687,2024-07-04,2024-07-11,CU-10027,Michael Williams,Consumer,United States,Charlotte,North Carolina,South,PRD-FUR-4762,Furniture,Furnishings,Furnishings Basic 364,10,0.4,3499.68,-518.46
ORD-101688,2024-05-20,2024-05-25,CU-10054,Barbara Davis,Consumer,United States,Reno,Nevada,West,PRD-FUR-2070,Furniture,Furnishings,Furnishings Basic 172,1,0.4,455.06,11.51
ORD-101689,2023-04-04,2023-04-07,CU-10250,Jennifer Williams,Home Office,United States,Atlanta,Georgia,South,PRD-FUR-4700,Furniture,Chairs,Chairs Pro 646,10,0.0,3951.39,-265.25
ORD-101690,2025-03-22,2025-03-23,CU-10198,Barbara Jackson,Corporate,United States,Houston,Texas,Central,PRD-OFF-9466,Office Supplies,Storage,Storage Executive 575,10,0.15,591.3,61.72
ORD-101691,2023-05-23,2023-05-27,CU-10006,James Williams,Consumer,United States,Las Vegas,Nevada,West,PRD-FUR-6131,Furniture,Furnishings,Furnishings Classic 104,2,0.1,770.11,136.25
ORD-101692,2024-09-26,2024-10-01,CU-10101,Linda Williams,Home Office,United States,San Francisco,California,West,PRD-FUR-1387,Furniture,Chairs,Chairs Elite 552,2,0.0,1075.35,-11.81
ORD-101693,2023-12-15,2023-12-16,CU-10137,Michael Johnson,Corporate,United States,Columbus,Ohio,Central,PRD-OFF-7670,Office Supplies,Labels,Labels Executive 558,5,0.15,135.27,24.59
ORD-101694,2024-12-02,2024-12-05,CU-10082,Charles Williams,Home Office,United States,San Francisco,California,West,PRD-FUR-3950,Furniture,Tables,Tables Deluxe 468,4,0.15,2790.86,442.61
ORD-101695,2025-02-26,2025-03-04,CU-10206,Patricia Wilson,Home Office,United States,Springfield,Illinois,Central,PRD-FUR-3535,Furniture,Furnishings,Furnishings Classic 341,2,0.15,1521.98,352.6
ORD-101696,2024-07-13,2024-07-18,CU-10253,Robert Davis,Home Office,United States,Spokane,Washington,West,PRD-OFF-5272,Office Supplies,Storage,Storage Deluxe 955,10,0.4,360.62,65.59
ORD-101697,2023-06-10,2023-06-12,CU-10140,Mary Johnson,Home Office,United States,San Francisco,California,West,PRD-OFF-8577,Office Supplies,Art,Art Pro 540,1,0.1,62.38,16.37
ORD-101698,2023-09-14,2023-09-15,CU-10062,Joseph Moore,Consumer,United States,Savannah,Georgia,South,PRD-OFF-5849,Office Supplies,Labels,Labels Deluxe 997,6,0.4,180.76,-25.71
ORD-101699,2024-11-02,2024-11-05,CU-10248,Joseph Miller,Corporate,United States,Newark,New Jersey,East,PRD-TEC-3066,Technology,Machines,Machines Classic 812,2,0.0,1252.85,38.91
ORD-101700,2023-04-23,2023-04-26,CU-10012,Joseph Martin,Consumer,United States,Las Vegas,Nevada,West,PRD-FUR-8531,Furniture,Chairs,Chairs Elite 783,1,0.0,120.69,32.95
ORD-101701,2024-01-30,2024-02-04,CU-10132,Richard Rodriguez,Consumer,United States,Houston,Texas,Central,PRD-FUR-7151,Furniture,Chairs,Chairs Pro 788,9,0.15,3711.74,679.27
ORD-101702,2023-04-15,2023-04-22,CU-10287,John Miller,Consumer,United States,Nashville,Tennessee,South,PRD-TEC-5014,Technology,Machines,Machines Elite 162,5,0.4,2297.99,745.34
ORD-101703,2025-04-25,2025-05-02,CU-10185,William Garcia,Home Office,United States,Detroit,Michigan,Central,PRD-FUR-9622,Furniture,Tables,Tables Elite 890,9,0.1,4170.75,939.78
ORD-101704,2025-03-25,2025-04-01,CU-10147,Linda Wilson,Consumer,United States,Worcester,Massachusetts,East,PRD-TEC-7939,Technology,Machines,Machines Pro 259,4,0.3,2942.53,452.49
ORD-101705,2025-11-03,2025-11-05,CU-10162,Patricia Williams,Corporate,United States,Worcester,Massachusetts,East,PRD-OFF-6624,Office Supplies,Binders,Binders Deluxe 250,4,0.1,293.9,52.69
ORD-101706,2023-10-14,2023-10-21,CU-10273,Karen Moore,Consumer,United States,Reno,Nevada,West,PRD-FUR-6128,Furniture,Furnishings,Furnishings Deluxe 572,10,0.0,2710.31,862.26
ORD-101707,2024-01-14,2024-01-19,CU-10212,Michael Wilson,Home Office,United States,Cleveland,Ohio,Central,PRD-TEC-2902,Technology,Accessories,Accessories Deluxe 920,7,0.0,4765.31,1363.14
ORD-101708,2023-06-02,2023-06-05,CU-10113,Susan Thomas,Corporate,United States,San Francisco,California,West,PRD-FUR-1914,Furniture,Chairs,Chairs Advanced 675,8,0.2,2925.23,429.76
ORD-101709,2025-03-06,2025-03-12,CU-10085,John Jones,Consumer,United States,Nashville,Tennessee,South,PRD-OFF-2904,Office Supplies,Labels,Labels Elite 804,3,0.1,240.08,20.16
ORD-101710,2025-04-24,2025-04-26,CU-10203,Jennifer Hernandez,Consumer,United States,Miami,Florida,South,PRD-FUR-4725,Furniture,Bookcases,Bookcases Basic 174,9,0.4,3925.04,330.5
ORD-101711,2025-07-21,2025-07-28,CU-10292,Michael Anderson,Home Office,United States,Eugene,Oregon,West,PRD-OFF-4548,Office Supplies,Storage,Storage Elite 677,3,0.0,170.75,-20.12
ORD-101712,2025-03-12,2025-03-16,CU-10006,James Williams,Corporate,United States,Las Vegas,Nevada,West,PRD-OFF-1501,Office Supplies,Art,Art Executive 206,2,0.0,228.06,-10.8
ORD-101713,2023-01-30,2023-02-04,CU-10021,William Johnson,Consumer,United States,Detroit,Michigan,Central,PRD-TEC-3806,Technology,Machines,Machines Standard 743,5,0.1,3561.08,1177.91
ORD-101714,2023-08-15,2023-08-16,CU-10241,Charles Martinez,Home Office,United States,Los Angeles,California,West,PRD-OFF-8359,Office Supplies,Paper,Paper Executive 461,5,0.0,110.87,-16.27
ORD-101715,2023-02-16,2023-02-21,CU-10151,Karen Williams,Home Office,United States,Reno,Nevada,West,PRD-FUR-3572,Furniture,Furnishings,Furnishings Standard 601,10,0.3,4504.21,59.11
ORD-101716,2024-11-01,2024-11-04,CU-10169,Sarah Martinez,Corporate,United States,New York City,New York,East,PRD-FUR-3833,Furniture,Chairs,Chairs Elite 733,5,0.0,3176.7,205.33
ORD-101717,2024-03-01,2024-03-07,CU-10024,Robert Jackson,Consumer,United States,Jersey City,New Jersey,East,PRD-OFF-4119,Office Supplies,Paper,Paper Standard 346,6,0.0,544.62,110.39
ORD-101718,2024-07-10,2024-07-16,CU-10072,Elizabeth Moore,Corporate,United States,Springfield,Illinois,Central,PRD-FUR-7494,Furniture,Chairs,Chairs Executive 885,10,0.0,1703.14,486.42
ORD-101719,2024-03-28,2024-03-29,CU-10216,Richard Jackson,Home Office,United States,Memphis,Tennessee,South,PRD-TEC-1309,Technology,Accessories,Accessories Pro 354,4,0.15,1542.75,-181.83
ORD-101720,2025-03-08,2025-03-09,CU-10223,David Anderson,Consumer,United States,Raleigh,North Carolina,South,PRD-FUR-5904,Furniture,Bookcases,Bookcases Basic 907,6,0.0,3116.83,295.79
ORD-101721,2023-10-20,2023-10-25,CU-10211,Linda Smith,Consumer,United States,San Diego,California,West,PRD-OFF-7810,Office Supplies,Binders,Binders Elite 467,1,0.3,4.96,0.78
ORD-101722,2023-07-22,2023-07-28,CU-10099,Linda Smith,Home Office,United States,Philadelphia,Pennsylvania,East,PRD-OFF-9982,Office Supplies,Storage,Storage Standard 814,4,0.0,81.25,0.99
ORD-101723,2024-01-31,2024-02-04,CU-10227,William Johnson,Corporate,United States,Springfield,Illinois,Central,PRD-TEC-1765,Technology,Phones,Phones Basic 608,7,0.1,8265.79,1222.57
ORD-101724,2023-08-07,2023-08-08,CU-10059,Susan Lee,Corporate,United States,Springfield,Illinois,Central,PRD-TEC-8293,Technology,Copiers,Copiers Standard 574,8,0.0,2455.15,-96.92
ORD-101725,2024-07-19,2024-07-24,CU-10009,James Jackson,Corporate,United States,San Francisco,California,West,PRD-TEC-3150,Technology,Phones,Phones Classic 220,9,0.15,9806.09,2583.01
ORD-101726,2023-12-31,2024-01-05,CU-10112,Barbara Anderson,Home Office,United States,Cleveland,Ohio,Central,PRD-TEC-2446,Technology,Accessories,Accessories Standard 146,6,0.2,3071.09,222.53
ORD-101727,2023-08-08,2023-08-14,CU-10096,David Smith,Home Office,United States,Atlanta,Georgia,South,PRD-OFF-7374,Office Supplies,Storage,Storage Classic 521,3,0.0,101.29,-10.75
ORD-101728,2023-01-02,2023-01-07,CU-10291,Susan Johnson,Consumer,United States,Detroit,Michigan,Central,PRD-OFF-9421,Office Supplies,Paper,Paper Standard 219,4,0.3,242.4,-28.99
ORD-101729,2024-02-05,2024-02-08,CU-10234,Elizabeth Moore,Home Office,United States,Miami,Florida,South,PRD-TEC-8850,Technology,Machines,Machines Pro 803,8,0.1,8090.54,1741.58
ORD-101730,2023-09-17,2023-09-21,CU-10053,Charles Wilson,Consumer,United States,Detroit,Michigan,Central,PRD-FUR-2718,Furniture,Furnishings,Furnishings Advanced 948,3,0.3,1021.35,108.53
ORD-101731,2024-06-12,2024-06-19,CU-10120,Susan Garcia,Consumer,United States,Nashville,Tennessee,South,PRD-TEC-6122,Technology,Phones,Phones Pro 581,4,0.15,3041.19,732.67
ORD-101732,2025-08-05,2025-08-11,CU-10129,Michael Wilson,Consumer,United States,Columbus,Ohio,Central,PRD-OFF-5877,Office Supplies,Art,Art Standard 861,7,0.15,467.84,82.85
ORD-101733,2025-07-14,2025-07-21,CU-10181,Mary Williams,Home Office,United States,Boston,Massachusetts,East,PRD-OFF-8031,Office Supplies,Paper,Paper Advanced 693,9,0.0,677.62,54.91
ORD-101734,2025-01-15,2025-01-20,CU-10160,James Thomas,Corporate,United States,Savannah,Georgia,South,PRD-OFF-9008,Office Supplies,Labels,Labels Elite 487,8,0.15,812.87,153.3
ORD-101735,2024-03-07,2024-03-08,CU-10226,Charles Miller,Corporate,United States,Worcester,Massachusetts,East,PRD-FUR-3567,Furniture,Tables,Tables Advanced 773,1,0.1,536.07,23.56
ORD-101736,2023-11-01,2023-11-03,CU-10101,Linda Williams,Consumer,United States,Columbus,Ohio,Central,PRD-FUR-3264,Furniture,Furnishings,Furnishings Advanced 233,9,0.1,2697.92,-287.33
ORD-101737,2025-03-15,2025-03-18,CU-10100,Robert Johnson,Corporate,United States,Las Vegas,Nevada,West,PRD-TEC-3096,Technology,Accessories,Accessories Elite 391,10,0.1,9454.13,-757.97
ORD-101738,2024-05-18,2024-05-21,CU-10246,Karen Hernandez,Corporate,United States,Orlando,Florida,South,PRD-TEC-1686,Technology,Accessories,Accessories Pro 699,4,0.4,1319.47,453.04
ORD-101739,2023-11-01,2023-11-02,CU-10020,Barbara Lee,Corporate,United States,Orlando,Florida,South,PRD-FUR-2821,Furniture,Tables,Tables Executive 416,5,0.4,2539.4,633.83
ORD-101740,2023-11-24,2023-11-25,CU-10282,Linda Rodriguez,Consumer,United States,San Diego,California,West,PRD-OFF-9864,Office Supplies,Binders,Binders Executive 432,1,0.0,51.6,14.69
ORD-101741,2024-04-30,2024-05-06,CU-10013,William Smith,Corporate,United States,Ann Arbor,Michigan,Central,PRD-OFF-1836,Office Supplies,Labels,Labels Advanced 354,1,0.2,38.13,5.35
ORD-101742,2023-09-16,2023-09-20,CU-10108,Jessica Davis,Corporate,United States,Detroit,Michigan,Central,PRD-OFF-2011,Office Supplies,Art,Art Basic 912,4,0.1,74.68,10.33
ORD-101743,2024-06-22,2024-06-28,CU-10210,Elizabeth Davis,Home Office,United States,New York City,New York,East,PRD-TEC-1284,Technology,Machines,Machines Executive 679,7,0.3,6178.71,1822.08
ORD-101744,2024-01-12,2024-01-18,CU-10094,Patricia Davis,Corporate,United States,San Diego,California,West,PRD-OFF-2099,Office Supplies,Storage,Storage Pro 510,2,0.4,89.56,-12.37
ORD-101745,2024-11-28,2024-12-04,CU-10055,John Moore,Consumer,United States,Los Angeles,California,West,PRD-TEC-7265,Technology,Machines,Machines Basic 416,10,0.0,7396.54,2264.69
ORD-101746,2024-01-09,2024-01-15,CU-10037,Sarah Davis,Home Office,United States,Seattle,Washington,West,PRD-TEC-8870,Technology,Phones,Phones Standard 691,7,0.2,1193.3,-45.15
ORD-101747,2023-06-24,2023-06-26,CU-10088,Thomas Lee,Home Office,United States,Miami,Florida,South,PRD-FUR-6310,Furniture,Tables,Tables Deluxe 768,8,0.0,3422.41,26.62
ORD-101748,2025-10-02,2025-10-08,CU-10277,William Davis,Consumer,United States,Atlanta,Georgia,South,PRD-OFF-3742,Office Supplies,Paper,Paper Standard 262,9,0.0,818.45,278.62
ORD-101749,2025-05-13,2025-05-18,CU-10283,David Hernandez,Corporate,United States,Pittsburgh,Pennsylvania,East,PRD-TEC-7831,Technology,Copiers,Copiers Advanced 615,10,0.3,3098.13,-444.36
ORD-101750,2023-02-09,2023-02-15,CU-10218,Patricia Rodriguez,Home Office,United States,Detroit,Michigan,Central,PRD-TEC-9969,Technology,Accessories,Accessories Advanced 281,6,0.15,3699.42,313.11
ORD-101751,2024-06-18,2024-06-19,CU-10226,Charles Miller,Corporate,United States,Pittsburgh,Pennsylvania,East,PRD-OFF-3509,Office Supplies,Art,Art Classic 894,1,0.4,8.96,2.93
ORD-101752,2024-09-19,2024-09-21,CU-10204,Susan Davis,Corporate,United States,Newark,New Jersey,East,PRD-TEC-9453,Technology,Phones,Phones Executive 363,2,0.4,400.82,-45.19
ORD-101753,2025-05-18,2025-05-19,CU-10171,James Jackson,Consumer,United States,Nashville,Tennessee,South,PRD-FUR-9580,Furniture,Furnishings,Furnishings Executive 412,8,0.0,6992.02,-544.17
ORD-101754,2024-01-26,2024-01-27,CU-10089,Susan Miller,Consumer,United States,Springfield,Illinois,Central,PRD-OFF-9557,Office Supplies,Storage,Storage Elite 958,7,0.15,87.73,11.24
ORD-101755,2025-06-20,2025-06-21,CU-10060,Robert Wilson,Home Office,United States,Tampa,Florida,South,PRD-TEC-1898,Technology,Copiers,Copiers Classic 993,2,0.0,1455.28,308.91
ORD-101756,2025-08-23,2025-08-30,CU-10146,Karen Williams,Consumer,United States,Philadelphia,Pennsylvania,East,PRD-OFF-1879,Office Supplies,Labels,Labels Advanced 849,8,0.15,388.26,21.8
ORD-101757,2024-11-01,2024-11-02,CU-10046,David Miller,Home Office,United States,New York City,New York,East,PRD-OFF-6701,Office Supplies,Binders,Binders Elite 608,9,0.2,59.25,-7.46
ORD-101758,2024-08-14,2024-08-19,CU-10242,Richard Jackson,Consumer,United States,Seattle,Washington,West,PRD-FUR-6468,Furniture,Chairs,Chairs Standard 734,8,0.15,2446.66,426.24
ORD-101759,2024-04-16,2024-04-23,CU-10216,Richard Jackson,Corporate,United States,Ann Arbor,Michigan,Central,PRD-FUR-7626,Furniture,Bookcases,Bookcases Standard 492,10,0.0,6990.19,-65.43
ORD-101760,2024-08-05,2024-08-06,CU-10178,David Miller,Consumer,United States,Reno,Nevada,West,PRD-TEC-7942,Technology,Accessories,Accessories Elite 292,4,0.1,3377.82,959.97
ORD-101761,2025-03-20,2025-03-26,CU-10293,Richard Martin,Home Office,United States,Nashville,Tennessee,South,PRD-TEC-1760,Technology,Copiers,Copiers Pro 957,9,0.4,962.2,0.57
ORD-101762,2025-01-13,2025-01-18,CU-10152,Susan Martin,Corporate,United States,Orlando,Florida,South,PRD-TEC-5350,Technology,Phones,Phones Pro 316,6,0.2,5351.92,385.9
ORD-101763,2024-11-08,2024-11-09,CU-10289,Susan Hernandez,Corporate,United States,Atlanta,Georgia,South,PRD-OFF-1929,Office Supplies,Paper,Paper Advanced 248,8,0.0,140.54,27.51
ORD-101764,2025-11-27,2025-11-30,CU-10036,Karen Garcia,Home Office,United States,Ann Arbor,Michigan,Central,PRD-TEC-4434,Technology,Accessories,Accessories Deluxe 938,3,0.0,2659.41,266.05
ORD-101765,2023-04-18,2023-04-25,CU-10232,David Lee,Consumer,United States,Portland,Oregon,West,PRD-FUR-6437,Furniture,Tables,Tables Executive 371,3,0.0,1032.72,-150.44
ORD-101766,2024-08-30,2024-09-04,CU-10083,Robert Taylor,Home Office,United States,Tampa,Florida,South,PRD-FUR-3859,Furniture,Chairs,Chairs Basic 581,5,0.3,1986.33,-293.06
ORD-101767,2024-05-22,2024-05-26,CU-10053,Charles Wilson,Consumer,United States,Raleigh,North Carolina,South,PRD-FUR-3360,Furniture,Bookcases,Bookcases Executive 180,8,0.15,1398.67,30.87
ORD-101768,2024-01-06,2024-01-10,CU-10228,Susan Smith,Corporate,United States,Memphis,Tennessee,South,PRD-OFF-1069,Office Supplies,Storage,Storage Basic 437,9,0.0,512.74,-16.51
ORD-101769,2023-08-25,2023-08-30,CU-10069,James Rodriguez,Home Office,United States,Las Vegas,Nevada,West,PRD-OFF-5082,Office Supplies,Labels,Labels Executive 286,8,0.1,856.59,-20.91
ORD-101770,2025-11-22,2025-11-27,CU-10013,William Smith,Home Office,United States,Jersey City,New Jersey,East,PRD-OFF-2145,Office Supplies,Storage,Storage Classic 718,4,0.0,382.63,118.83
ORD-101771,2025-01-07,2025-01-11,CU-10283,David Hernandez,Home Office,United States,Atlanta,Georgia,South,PRD-FUR-2673,Furniture,Chairs,Chairs Classic 128,7,0.2,1875.97,626.39
ORD-101772,2025-02-14,2025-02-15,CU-10067,Elizabeth Anderson,Consumer,United States,Reno,Nevada,West,PRD-FUR-7780,Furniture,Chairs,Chairs Deluxe 957,8,0.4,4157.71,-483.53
ORD-101773,2023-11-28,2023-12-01,CU-10152,Susan Martin,Consumer,United States,Raleigh,North Carolina,South,PRD-FUR-8999,Furniture,Chairs,Chairs Standard 740,2,0.0,456.5,58.8
ORD-101774,2023-04-08,2023-04-12,CU-10213,David Rodriguez,Corporate,United States,Pittsburgh,Pennsylvania,East,PRD-TEC-1470,Technology,Accessories,Accessories Executive 485,4,0.0,5033.61,560.96
ORD-101775,2023-12-05,2023-12-11,CU-10282,Linda Rodriguez,Consumer,United States,Portland,Oregon,West,PRD-FUR-9617,Furniture,Furnishings,Furnishings Executive 698,1,0.15,700.94,31.58
ORD-101776,2024-09-27,2024-09-29,CU-10274,Susan Jackson,Consumer,United States,Eugene,Oregon,West,PRD-OFF-3745,Office Supplies,Paper,Paper Pro 348,2,0.4,121.88,-12.73
ORD-101777,2024-03-05,2024-03-11,CU-10081,Mary Davis,Corporate,United States,Jersey City,New Jersey,East,PRD-TEC-9873,Technology,Copiers,Copiers Basic 229,8,0.0,6723.62,428.55
ORD-101778,2024-11-23,2024-11-25,CU-10241,Charles Martinez,Consumer,United States,Reno,Nevada,West,PRD-TEC-2310,Technology,Machines,Machines Standard 106,9,0.15,6605.82,454.58
ORD-101779,2023-01-15,2023-01-19,CU-10093,Thomas Thomas,Home Office,United States,Spokane,Washington,West,PRD-TEC-8420,Technology,Accessories,Accessories Advanced 591,4,0.0,1318.69,368.43
ORD-101780,2025-10-20,2025-10-26,CU-10018,Robert Wilson,Consumer,United States,Pittsburgh,Pennsylvania,East,PRD-OFF-3073,Office Supplies,Labels,Labels Advanced 822,10,0.4,72.02,-2.86
ORD-101781,2023-12-15,2023-12-20,CU-10176,William Martinez,Home Office,United States,Orlando,Florida,South,PRD-FUR-8370,Furniture,Bookcases,Bookcases Pro 881,3,0.1,894.8,304.73
ORD-101782,2025-07-27,2025-08-02,CU-10019,Patricia Lopez,Corporate,United States,Houston,Texas,Central,PRD-OFF-7405,Office Supplies,Labels,Labels Elite 468,10,0.4,571.2,-19.18
ORD-101783,2024-12-04,2024-12-08,CU-10005,Susan Johnson,Home Office,United States,Cleveland,Ohio,Central,PRD-TEC-3671,Technology,Copiers,Copiers Classic 864,4,0.0,3816.88,1268.81
ORD-101784,2024-08-03,2024-08-08,CU-10169,Sarah Martinez,Consumer,United States,Ann Arbor,Michigan,Central,PRD-FUR-7909,Furniture,Furnishings,Furnishings Standard 344,10,0.15,2316.29,763.09
ORD-101785,2024-07-16,2024-07-17,CU-10249,Thomas Taylor,Home Office,United States,Tampa,Florida,South,PRD-TEC-1474,Technology,Accessories,Accessories Deluxe 160,2,0.1,678.27,93.57
ORD-101786,2023-08-29,2023-08-31,CU-10258,Karen Williams,Consumer,United States,Orlando,Florida,South,PRD-TEC-1277,Technology,Machines,Machines Deluxe 464,7,0.0,9394.59,-1229.79
ORD-101787,2023-08-28,2023-08-31,CU-10111,Patricia Anderson,Consumer,United States,Reno,Nevada,West,PRD-OFF-6222,Office Supplies,Art,Art Classic 121,3,0.4,102.12,-11.7
ORD-101788,2025-02-19,2025-02-22,CU-10220,William Johnson,Corporate,United States,Ann Arbor,Michigan,Central,PRD-OFF-4932,Office Supplies,Storage,Storage Advanced 726,10,0.2,378.42,112.87
ORD-101789,2025-03-03,2025-03-05,CU-10288,Robert Anderson,Corporate,United States,Boston,Massachusetts,East,PRD-TEC-7012,Technology,Accessories,Accessories Basic 176,9,0.2,2035.14,-171.99
ORD-101790,2023-10-21,2023-10-28,CU-10031,Richard Rodriguez,Corporate,United States,Atlanta,Georgia,South,PRD-TEC-5847,Technology,Accessories,Accessories Elite 994,2,0.2,294.67,28.2
ORD-101791,2024-10-16,2024-10-18,CU-10030,Linda Brown,Consumer,United States,San Diego,California,West,PRD-OFF-4089,Office Supplies,Art,Art Basic 574,4,0.15,302.68,98.53
ORD-101792,2025-01-12,2025-01-18,CU-10123,Joseph Jackson,Home Office,United States,Los Angeles,California,West,PRD-OFF-1361,Office Supplies,Storage,Storage Pro 854,3,0.15,305.61,52.56
ORD-101793,2024-05-28,2024-05-29,CU-10090,Sarah Miller,Home Office,United States,Buffalo,New York,East,PRD-TEC-8838,Technology,Machines,Machines Advanced 589,10,0.15,9143.73,2857.75
ORD-101794,2024-06-01,2024-06-02,CU-10069,James Rodriguez,Corporate,United States,Spokane,Washington,West,PRD-OFF-4821,Office Supplies,Binders,Binders Elite 666,10,0.15,987.29,217.7
ORD-101795,2024-06-20,2024-06-27,CU-10257,Linda Taylor,Consumer,United States,Detroit,Michigan,Central,PRD-FUR-2900,Furniture,Furnishings,Furnishings Standard 572,7,0.15,3063.27,795.51
ORD-101796,2023-08-27,2023-08-29,CU-10013,William Smith,Home Office,United States,San Diego,California,West,PRD-FUR-1831,Furniture,Chairs,Chairs Deluxe 140,2,0.0,593.0,94.31
ORD-101797,2025-12-17,2025-12-23,CU-10035,William Williams,Corporate,United States,Memphis,Tennessee,South,PRD-FUR-4554,Furniture,Tables,Tables Elite 944,10,0.0,1415.39,-162.7
ORD-101798,2024-01-29,2024-02-01,CU-10200,John Davis,Consumer,United States,San Francisco,California,West,PRD-FUR-2393,Furniture,Furnishings,Furnishings Executive 600,1,0.0,892.95,272.92
ORD-101799,2023-01-24,2023-01-31,CU-10111,Patricia Anderson,Corporate,United States,Buffalo,New York,East,PRD-FUR-5317,Furniture,Bookcases,Bookcases Pro 214,4,0.1,2389.86,-32.94
ORD-101800,2025-01-23,2025-01-27,CU-10014,Jennifer Anderson,Home Office,United States,Orlando,Florida,South,PRD-OFF-2232,Office Supplies,Art,Art Advanced 159,8,0.4,438.62,-32.45
ORD-101801,2025-02-11,2025-02-18,CU-10106,Sarah Jones,Consumer,United States,Boston,Massachusetts,East,PRD-TEC-7211,Technology,Copiers,Copiers Elite 195,1,0.0,1144.81,374.41
ORD-101802,2024-02-26,2024-02-27,CU-10217,David Smith,Consumer,United States,Nashville,Tennessee,South,PRD-OFF-3243,Office Supplies,Labels,Labels Basic 512,10,0.1,1046.72,293.76
ORD-101803,2024-05-22,2024-05-24,CU-10236,David Wilson,Consumer,United States,Buffalo,New York,East,PRD-TEC-4242,Technology,Accessories,Accessories Pro 900,1,0.0,145.27,18.84
ORD-101804,2024-05-26,2024-05-28,CU-10110,Michael Brown,Corporate,United States,Chicago,Illinois,Central,PRD-OFF-3803,Office Supplies,Labels,Labels Classic 400,5,0.1,302.84,48.92
ORD-101805,2024-05-13,2024-05-17,CU-10171,James Jackson,Consumer,United States,Boston,Massachusetts,East,PRD-TEC-2844,Technology,Accessories,Accessories Standard 802,6,0.2,2149.46,751.17
ORD-101806,2024-03-09,2024-03-14,CU-10058,John Garcia,Corporate,United States,Miami,Florida,South,PRD-TEC-4154,Technology,Machines,Machines Deluxe 538,8,0.4,4052.72,-211.85
ORD-101807,2023-10-25,2023-10-27,CU-10272,David Thomas,Home Office,United States,Buffalo,New York,East,PRD-FUR-8857,Furniture,Furnishings,Furnishings Basic 549,6,0.15,2504.35,272.05
ORD-101808,2024-06-28,2024-06-29,CU-10201,Jennifer Garcia,Consumer,United States,Las Vegas,Nevada,West,PRD-FUR-2996,Furniture,Furnishings,Furnishings Deluxe 208,8,0.4,1598.3,79.62
ORD-101809,2024-06-16,2024-06-19,CU-10262,Richard Davis,Consumer,United States,Austin,Texas,Central,PRD-FUR-7213,Furniture,Bookcases,Bookcases Basic 918,2,0.15,619.46,127.4
ORD-101810,2023-05-21,2023-05-22,CU-10212,Michael Wilson,Corporate,United States,Miami,Florida,South,PRD-OFF-6598,Office Supplies,Binders,Binders Deluxe 998,7,0.0,450.7,108.78
ORD-101811,2024-11-26,2024-12-02,CU-10138,Charles Jackson,Consumer,United States,Raleigh,North Carolina,South,PRD-TEC-2466,Technology,Copiers,Copiers Deluxe 488,9,0.1,11481.54,1147.19
ORD-101812,2024-06-30,2024-07-07,CU-10013,William Smith,Home Office,United States,Eugene,Oregon,West,PRD-TEC-1113,Technology,Accessories,Accessories Basic 446,10,0.0,6647.87,-229.79
ORD-101813,2023-06-26,2023-06-27,CU-10211,Linda Smith,Consumer,United States,Spokane,Washington,West,PRD-FUR-4402,Furniture,Furnishings,Furnishings Classic 373,3,0.4,1146.41,254.36
ORD-101814,2025-03-10,2025-03-17,CU-10271,Sarah Lee,Home Office,United States,Portland,Oregon,West,PRD-OFF-6909,Office Supplies,Art,Art Pro 908,10,0.0,83.78,4.46
ORD-101815,2023-03-09,2023-03-14,CU-10058,John Garcia,Home Office,United States,Jersey City,New Jersey,East,PRD-OFF-1555,Office Supplies,Binders,Binders Deluxe 381,9,0.4,375.99,96.43
ORD-101816,2023-02-01,2023-02-07,CU-10215,Barbara Moore,Home Office,United States,Reno,Nevada,West,PRD-TEC-6395,Technology,Accessories,Accessories Elite 412,3,0.3,973.08,62.15
ORD-101817,2024-08-24,2024-08-26,CU-10043,David Wilson,Consumer,United States,Raleigh,North Carolina,South,PRD-OFF-8320,Office Supplies,Storage,Storage Standard 612,1,0.0,17.91,3.12
ORD-101818,2024-02-24,2024-02-27,CU-10156,Linda Rodriguez,Home Office,United States,Raleigh,North Carolina,South,PRD-FUR-9427,Furniture,Tables,Tables Advanced 790,2,0.0,1487.39,91.15
ORD-101819,2025-09-23,2025-09-29,CU-10046,David Miller,Corporate,United States,New York City,New York,East,PRD-FUR-4922,Furniture,Furnishings,Furnishings Elite 228,10,0.0,2912.89,637.44
ORD-101820,2023-03-25,2023-04-01,CU-10138,Charles Jackson,Home Office,United States,Columbus,Ohio,Central,PRD-OFF-8919,Office Supplies,Paper,Paper Deluxe 420,6,0.1,515.84,87.67
ORD-101821,2023-12-13,2023-12-19,CU-10273,Karen Moore,Home Office,United States,Raleigh,North Carolina,South,PRD-OFF-8476,Office Supplies,Labels,Labels Elite 775,4,0.3,58.6,-0.76
ORD-101822,2025-08-25,2025-08-26,CU-10042,Linda Johnson,Home Office,United States,Chicago,Illinois,Central,PRD-OFF-5926,Office Supplies,Binders,Binders Basic 174,1,0.3,49.94,-4.51
ORD-101823,2025-04-01,2025-04-04,CU-10130,Mary Garcia,Home Office,United States,Miami,Florida,South,PRD-TEC-9019,Technology,Machines,Machines Pro 876,10,0.15,2550.59,730.95
ORD-101824,2024-03-11,2024-03-17,CU-10264,Patricia Anderson,Corporate,United States,Chicago,Illinois,Central,PRD-TEC-6580,Technology,Copiers,Copiers Basic 672,8,0.0,6899.68,1147.15
ORD-101825,2024-05-11,2024-05-13,CU-10171,James Jackson,Home Office,United States,Newark,New Jersey,East,PRD-TEC-7749,Technology,Phones,Phones Standard 873,3,0.3,1888.02,345.36
ORD-101826,2023-02-09,2023-02-11,CU-10277,William Davis,Home Office,United States,Charlotte,North Carolina,South,PRD-FUR-1019,Furniture,Bookcases,Bookcases Classic 164,7,0.0,2179.26,735.6
ORD-101827,2023-01-29,2023-01-31,CU-10241,Charles Martinez,Consumer,United States,Buffalo,New York,East,PRD-FUR-4683,Furniture,Furnishings,Furnishings Pro 640,9,0.3,4340.97,979.89
ORD-101828,2023-12-03,2023-12-04,CU-10255,Michael Jones,Home Office,United States,Jersey City,New Jersey,East,PRD-OFF-3883,Office Supplies,Labels,Labels Standard 788,7,0.3,196.07,62.14
ORD-101829,2025-04-19,2025-04-22,CU-10030,Linda Brown,Corporate,United States,Raleigh,North Carolina,South,PRD-OFF-8319,Office Supplies,Storage,Storage Classic 236,7,0.0,325.16,32.86
ORD-101830,2024-07-09,2024-07-13,CU-10244,Elizabeth Miller,Consumer,United States,Houston,Texas,Central,PRD-OFF-3048,Office Supplies,Storage,Storage Standard 872,3,0.1,149.33,-18.04
ORD-101831,2025-03-07,2025-03-13,CU-10130,Mary Garcia,Corporate,United States,Springfield,Illinois,Central,PRD-FUR-1642,Furniture,Tables,Tables Pro 726,1,0.15,764.35,181.75
ORD-101832,2025-02-19,2025-02-21,CU-10171,James Jackson,Consumer,United States,Worcester,Massachusetts,East,PRD-TEC-1405,Technology,Machines,Machines Basic 576,7,0.1,1458.19,132.83
ORD-101833,2023-05-07,2023-05-13,CU-10183,Mary Smith,Home Office,United States,Reno,Nevada,West,PRD-FUR-3610,Furniture,Tables,Tables Standard 604,7,0.2,1377.41,273.52
ORD-101834,2025-11-30,2025-12-02,CU-10238,John Miller,Home Office,United States,Spokane,Washington,West,PRD-FUR-1871,Furniture,Tables,Tables Advanced 868,10,0.4,1360.28,356.77
ORD-101835,2023-01-15,2023-01-20,CU-10299,Sarah Lee,Corporate,United States,Chicago,Illinois,Central,PRD-FUR-9804,Furniture,Tables,Tables Classic 111,5,0.0,1089.43,180.98
ORD-101836,2025-11-19,2025-11-21,CU-10273,Karen Moore,Home Office,United States,Cleveland,Ohio,Central,PRD-FUR-2655,Furniture,Tables,Tables Advanced 761,8,0.4,3874.68,-156.69
ORD-101837,2025-12-08,2025-12-15,CU-10190,Sarah Johnson,Home Office,United States,Worcester,Massachusetts,East,PRD-TEC-3360,Technology,Copiers,Copiers Pro 768,7,0.15,3373.57,721.79
ORD-101838,2023-07-16,2023-07-19,CU-10250,Jennifer Williams,Corporate,United States,Las Vegas,Nevada,West,PRD-OFF-6941,Office Supplies,Binders,Binders Advanced 311,3,0.3,119.25,13.26
ORD-101839,2024-02-23,2024-02-26,CU-10067,Elizabeth Anderson,Home Office,United States,Los Angeles,California,West,PRD-OFF-3703,Office Supplies,Labels,Labels Classic 793,9,0.2,597.15,-82.75
ORD-101840,2023-07-13,2023-07-18,CU-10261,Richard Taylor,Corporate,United States,Ann Arbor,Michigan,Central,PRD-FUR-1603,Furniture,Chairs,Chairs Standard 439,1,0.3,270.69,45.73
ORD-101841,2025-04-05,2025-04-11,CU-10234,Elizabeth Moore,Corporate,United States,Eugene,Oregon,West,PRD-OFF-2458,Office Supplies,Binders,Binders Basic 948,10,0.2,529.34,112.26
ORD-101842,2023-01-02,2023-01-04,CU-10270,Joseph Moore,Consumer,United States,Springfield,Illinois,Central,PRD-OFF-7793,Office Supplies,Art,Art Standard 256,2,0.4,84.11,-0.21
ORD-101843,2024-04-11,2024-04-16,CU-10131,Richard Smith,Consumer,United States,Columbus,Ohio,Central,PRD-TEC-8699,Technology,Accessories,Accessories Advanced 906,5,0.2,4042.63,-205.39
ORD-101844,2023-04-30,2023-05-05,CU-10251,Elizabeth Moore,Consumer,United States,Los Angeles,California,West,PRD-TEC-4628,Technology,Phones,Phones Pro 778,3,0.3,2967.34,551.16
ORD-101845,2023-12-10,2023-12-13,CU-10199,Susan Lee,Consumer,United States,Atlanta,Georgia,South,PRD-TEC-1083,Technology,Machines,Machines Basic 617,8,0.3,8235.07,1513.32
ORD-101846,2023-07-16,2023-07-21,CU-10063,William Jackson,Home Office,United States,Buffalo,New York,East,PRD-TEC-5984,Technology,Copiers,Copiers Executive 837,1,0.0,1295.34,73.41
ORD-101847,2025-07-05,2025-07-12,CU-10285,John Jones,Home Office,United States,Reno,Nevada,West,PRD-OFF-9120,Office Supplies,Storage,Storage Elite 595,7,0.0,668.45,100.09
ORD-101848,2023-07-18,2023-07-22,CU-10149,Linda Martin,Corporate,United States,Houston,Texas,Central,PRD-OFF-4496,Office Supplies,Art,Art Deluxe 832,5,0.15,491.12,150.81
ORD-101849,2024-04-23,2024-04-28,CU-10225,Patricia Wilson,Home Office,United States,Philadelphia,Pennsylvania,East,PRD-TEC-5963,Technology,Phones,Phones Advanced 498,7,0.4,3578.54,433.58
ORD-101850,2025-07-09,2025-07-13,CU-10046,David Miller,Consumer,United States,Reno,Nevada,West,PRD-OFF-6298,Office Supplies,Storage,Storage Pro 720,7,0.3,373.29,-26.55
ORD-101851,2023-04-29,2023-05-01,CU-10122,Linda Williams,Corporate,United States,Worcester,Massachusetts,East,PRD-TEC-3896,Technology,Machines,Machines Basic 327,5,0.3,1449.51,213.7
ORD-101852,2023-08-18,2023-08-20,CU-10052,Charles Anderson,Consumer,United States,Detroit,Michigan,Central,PRD-TEC-7254,Technology,Copiers,Copiers Elite 105,9,0.3,8242.18,1326.57
ORD-101853,2025-05-24,2025-05-25,CU-10153,Charles Moore,Corporate,United States,Jersey City,New Jersey,East,PRD-OFF-4051,Office Supplies,Art,Art Basic 570,7,0.0,504.19,31.77
ORD-101854,2023-12-30,2023-12-31,CU-10173,John Rodriguez,Home Office,United States,Jersey City,New Jersey,East,PRD-OFF-5959,Office Supplies,Storage,Storage Executive 827,9,0.0,771.48,-99.36
ORD-101855,2023-09-09,2023-09-12,CU-10266,Thomas Thomas,Corporate,United States,Seattle,Washington,West,PRD-FUR-1424,Furniture,Furnishings,Furnishings Executive 101,2,0.0,1485.37,346.4
ORD-101856,2023-12-09,2023-12-14,CU-10173,John Rodriguez,Consumer,United States,Atlanta,Georgia,South,PRD-FUR-1897,Furniture,Chairs,Chairs Standard 976,5,0.0,3695.25,1129.31
ORD-101857,2025-02-27,2025-03-05,CU-10046,David Miller,Corporate,United States,Houston,Texas,Central,PRD-TEC-7746,Technology,Accessories,Accessories Pro 998,6,0.1,5530.53,1474.76
ORD-101858,2025-12-26,2025-12-30,CU-10041,David Johnson,Corporate,United States,Nashville,Tennessee,South,PRD-FUR-2661,Furniture,Chairs,Chairs Basic 724,3,0.2,1338.79,-189.26
ORD-101859,2025-05-15,2025-05-16,CU-10078,Jessica Smith,Consumer,United States,Seattle,Washington,West,PRD-FUR-1854,Furniture,Bookcases,Bookcases Advanced 267,3,0.15,218.73,-28.29
ORD-101860,2024-03-12,2024-03-16,CU-10037,Sarah Davis,Home Office,United States,Memphis,Tennessee,South,PRD-TEC-3970,Technology,Accessories,Accessories Executive 258,8,0.0,5033.35,982.78
ORD-101861,2025-04-28,2025-05-05,CU-10067,Elizabeth Anderson,Corporate,United States,Newark,New Jersey,East,PRD-TEC-2039,Technology,Accessories,Accessories Elite 539,6,0.3,880.92,-110.97
ORD-101862,2023-06-17,2023-06-18,CU-10067,Elizabeth Anderson,Consumer,United States,Seattle,Washington,West,PRD-FUR-3468,Furniture,Bookcases,Bookcases Advanced 697,9,0.0,6332.74,409.07
ORD-101863,2024-03-28,2024-03-29,CU-10145,Jennifer Williams,Consumer,United States,Detroit,Michigan,Central,PRD-TEC-2459,Technology,Copiers,Copiers Elite 684,7,0.0,3275.3,71.7
ORD-101864,2023-05-14,2023-05-16,CU-10025,Elizabeth Lee,Home Office,United States,Las Vegas,Nevada,West,PRD-FUR-7669,Furniture,Furnishings,Furnishings Basic 894,2,0.15,1445.36,-32.44
ORD-101865,2023-03-29,2023-04-03,CU-10038,Jennifer Thomas,Consumer,United States,Orlando,Florida,South,PRD-TEC-1189,Technology,Machines,Machines Basic 535,10,0.0,13191.58,3431.31
ORD-101866,2024-11-11,2024-11-18,CU-10256,James Johnson,Home Office,United States,Boston,Massachusetts,East,PRD-OFF-1665,Office Supplies,Storage,Storage Advanced 507,7,0.2,169.96,23.07
ORD-101867,2025-09-24,2025-09-27,CU-10072,Elizabeth Moore,Consumer,United States,Dallas,Texas,Central,PRD-TEC-4121,Technology,Phones,Phones Basic 735,6,0.3,4171.8,-252.1
ORD-101868,2025-12-28,2025-12-31,CU-10232,David Lee,Home Office,United States,Nashville,Tennessee,South,PRD-OFF-5808,Office Supplies,Paper,Paper Pro 198,7,0.3,569.51,-50.27
ORD-101869,2025-02-07,2025-02-12,CU-10163,Sarah Miller,Consumer,United States,Jersey City,New Jersey,East,PRD-TEC-4107,Technology,Copiers,Copiers Executive 186,2,0.3,1630.52,110.37
ORD-101870,2024-09-23,2024-09-28,CU-10267,Mary Jackson,Home Office,United States,Eugene,Oregon,West,PRD-TEC-5839,Technology,Copiers,Copiers Classic 766,1,0.4,166.94,37.23
ORD-101871,2023-04-02,2023-04-04,CU-10032,Joseph Lopez,Consumer,United States,Detroit,Michigan,Central,PRD-FUR-1011,Furniture,Tables,Tables Advanced 251,5,0.3,708.45,188.14
ORD-101872,2025-12-03,2025-12-06,CU-10267,Mary Jackson,Corporate,United States,Detroit,Michigan,Central,PRD-FUR-2436,Furniture,Chairs,Chairs Advanced 969,1,0.1,304.7,4.64
ORD-101873,2024-01-21,2024-01-27,CU-10060,Robert Wilson,Consumer,United States,Cleveland,Ohio,Central,PRD-OFF-2395,Office Supplies,Labels,Labels Deluxe 395,3,0.0,58.77,-8.62
ORD-101874,2023-10-28,2023-11-02,CU-10138,Charles Jackson,Corporate,United States,Chicago,Illinois,Central,PRD-TEC-4224,Technology,Phones,Phones Basic 982,1,0.1,1075.97,-18.7
ORD-101875,2025-08-11,2025-08-18,CU-10246,Karen Hernandez,Consumer,United States,Portland,Oregon,West,PRD-FUR-1253,Furniture,Chairs,Chairs Executive 643,3,0.0,731.62,73.98
ORD-101876,2023-03-29,2023-04-05,CU-10290,Sarah Thomas,Consumer,United States,Savannah,Georgia,South,PRD-OFF-8757,Office Supplies,Storage,Storage Classic 631,10,0.2,440.4,13.57
ORD-101877,2025-07-13,2025-07-16,CU-10177,Karen Miller,Home Office,United States,Las Vegas,Nevada,West,PRD-OFF-6274,Office Supplies,Labels,Labels Standard 300,8,0.0,177.17,-15.21
ORD-101878,2024-02-19,2024-02-22,CU-10059,Susan Lee,Home Office,United States,Boston,Massachusetts,East,PRD-FUR-8728,Furniture,Bookcases,Bookcases Pro 355,5,0.0,1679.74,177.03
ORD-101879,2023-11-22,2023-11-23,CU-10134,Susan Jackson,Corporate,United States,Memphis,Tennessee,South,PRD-OFF-3119,Office Supplies,Art,Art Pro 645,3,0.4,209.76,-23.18
ORD-101880,2023-04-24,2023-04-30,CU-10241,Charles Martinez,Home Office,United States,Chicago,Illinois,Central,PRD-FUR-1564,Furniture,Furnishings,Furnishings Advanced 718,4,0.3,384.48,-32.99
ORD-101881,2025-09-11,2025-09-18,CU-10151,Karen Williams,Consumer,United States,Pittsburgh,Pennsylvania,East,PRD-FUR-6775,Furniture,Chairs,Chairs Pro 924,7,0.3,584.95,184.66
ORD-101882,2025-08-02,2025-08-05,CU-10138,Charles Jackson,Home Office,United States,Seattle,Washington,West,PRD-TEC-8387,Technology,Copiers,Copiers Elite 930,2,0.1,682.68,200.42
ORD-101883,2023-12-04,2023-12-09,CU-10221,Patricia Lee,Consumer,United States,Miami,Florida,South,PRD-FUR-7772,Furniture,Tables,Tables Basic 331,5,0.2,1225.19,314.7
ORD-101884,2023-05-21,2023-05-27,CU-10271,Sarah Lee,Consumer,United States,Worcester,Massachusetts,East,PRD-TEC-4597,Technology,Machines,Machines Elite 475,10,0.4,2519.6,172.72
ORD-101885,2025-11-20,2025-11-22,CU-10251,Elizabeth Moore,Consumer,United States,Houston,Texas,Central,PRD-FUR-8380,Furniture,Tables,Tables Standard 290,4,0.4,1896.73,-271.44
ORD-101886,2024-02-28,2024-03-05,CU-10060,Robert Wilson,Home Office,United States,Springfield,Illinois,Central,PRD-OFF-6787,Office Supplies,Storage,Storage Classic 582,8,0.3,323.62,17.98
ORD-101887,2025-04-03,2025-04-04,CU-10001,William Davis,Consumer,United States,Nashville,Tennessee,South,PRD-TEC-9248,Technology,Machines,Machines Elite 986,3,0.1,632.44,176.68
ORD-101888,2025-04-30,2025-05-07,CU-10275,Joseph Garcia,Corporate,United States,Reno,Nevada,West,PRD-FUR-6900,Furniture,Furnishings,Furnishings Basic 825,4,0.15,1900.23,400.87
ORD-101889,2025-06-01,2025-06-06,CU-10085,John Jones,Home Office,United States,Worcester,Massachusetts,East,PRD-OFF-6571,Office Supplies,Binders,Binders Basic 656,6,0.15,80.92,-3.82
ORD-101890,2025-12-03,2025-12-10,CU-10141,Charles Taylor,Corporate,United States,Buffalo,New York,East,PRD-OFF-2447,Office Supplies,Binders,Binders Standard 367,3,0.4,189.69,24.41
ORD-101891,2025-08-28,2025-09-04,CU-10009,James Jackson,Corporate,United States,Springfield,Illinois,Central,PRD-TEC-5227,Technology,Phones,Phones Elite 805,7,0.2,7796.82,1063.16
ORD-101892,2023-12-08,2023-12-09,CU-10126,Robert Davis,Consumer,United States,Atlanta,Georgia,South,PRD-OFF-6998,Office Supplies,Paper,Paper Executive 444,10,0.4,367.31,32.37
ORD-101893,2024-03-05,2024-03-08,CU-10286,Linda Wilson,Corporate,United States,Miami,Florida,South,PRD-FUR-9919,Furniture,Furnishings,Furnishings Basic 709,2,0.0,1094.2,361.05
ORD-101894,2024-09-01,2024-09-03,CU-10221,Patricia Lee,Consumer,United States,Atlanta,Georgia,South,PRD-TEC-2741,Technology,Phones,Phones Classic 969,7,0.0,686.55,-74.83
ORD-101895,2024-11-15,2024-11-18,CU-10269,Joseph Jones,Consumer,United States,Pittsburgh,Pennsylvania,East,PRD-TEC-9594,Technology,Machines,Machines Executive 357,8,0.0,3433.96,-365.66
ORD-101896,2025-03-17,2025-03-18,CU-10196,Barbara Miller,Corporate,United States,Detroit,Michigan,Central,PRD-TEC-4787,Technology,Phones,Phones Advanced 592,4,0.3,1688.57,136.6
ORD-101897,2025-03-03,2025-03-07,CU-10092,Barbara Thomas,Consumer,United States,Boston,Massachusetts,East,PRD-FUR-8189,Furniture,Tables,Tables Classic 285,7,0.3,1517.63,203.07
ORD-101898,2023-11-21,2023-11-24,CU-10185,William Garcia,Home Office,United States,Tampa,Florida,South,PRD-OFF-6499,Office Supplies,Storage,Storage Classic 732,4,0.0,423.16,-39.01
ORD-101899,2024-09-23,2024-09-29,CU-10049,William Jones,Home Office,United States,Nashville,Tennessee,South,PRD-FUR-1572,Furniture,Furnishings,Furnishings Pro 936,10,0.3,2872.86,652.61
ORD-101900,2025-12-08,2025-12-11,CU-10242,Richard Jackson,Corporate,United States,Eugene,Oregon,West,PRD-TEC-7269,Technology,Accessories,Accessories Deluxe 813,4,0.4,1064.97,-132.56
ORD-101901,2024-02-16,2024-02-18,CU-10250,Jennifer Williams,Corporate,United States,Memphis,Tennessee,South,PRD-TEC-5343,Technology,Copiers,Copiers Basic 853,6,0.15,3118.68,809.71
ORD-101902,2025-06-25,2025-07-01,CU-10040,Sarah Davis,Corporate,United States,Columbus,Ohio,Central,PRD-OFF-9112,Office Supplies,Storage,Storage Advanced 763,1,0.2,15.93,-0.47
ORD-101903,2023-12-14,2023-12-19,CU-10002,Linda Jones,Consumer,United States,Ann Arbor,Michigan,Central,PRD-TEC-8897,Technology,Accessories,Accessories Advanced 998,1,0.0,556.63,131.6
ORD-101904,2025-12-11,2025-12-12,CU-10191,Barbara Martin,Home Office,United States,Seattle,Washington,West,PRD-TEC-9599,Technology,Accessories,Accessories Executive 694,4,0.3,1145.56,1.69
ORD-101905,2023-03-29,2023-04-04,CU-10141,Charles Taylor,Corporate,United States,Boston,Massachusetts,East,PRD-FUR-6148,Furniture,Chairs,Chairs Basic 189,6,0.15,260.67,70.18
ORD-101906,2023-07-31,2023-08-01,CU-10072,Elizabeth Moore,Home Office,United States,Charlotte,North Carolina,South,PRD-OFF-7456,Office Supplies,Labels,Labels Executive 310,4,0.3,311.7,-5.22
ORD-101907,2025-06-03,2025-06-09,CU-10019,Patricia Lopez,Corporate,United States,Seattle,Washington,West,PRD-FUR-2143,Furniture,Furnishings,Furnishings Basic 214,6,0.15,2832.74,733.91
ORD-101908,2023-04-20,2023-04-21,CU-10010,Michael Jackson,Consumer,United States,Reno,Nevada,West,PRD-OFF-8560,Office Supplies,Labels,Labels Elite 798,10,0.15,425.43,62.09
ORD-101909,2025-09-01,2025-09-06,CU-10240,Jennifer Lee,Consumer,United States,Seattle,Washington,West,PRD-OFF-8750,Office Supplies,Binders,Binders Basic 357,4,0.15,191.85,38.93
ORD-101910,2025-12-17,2025-12-22,CU-10107,Charles Martin,Home Office,United States,Dallas,Texas,Central,PRD-TEC-8707,Technology,Machines,Machines Executive 132,3,0.4,1143.1,19.5
ORD-101911,2023-05-04,2023-05-08,CU-10043,David Wilson,Consumer,United States,Newark,New Jersey,East,PRD-TEC-9534,Technology,Copiers,Copiers Elite 983,4,0.15,2595.48,82.95
ORD-101912,2024-09-01,2024-09-07,CU-10052,Charles Anderson,Corporate,United States,Spokane,Washington,West,PRD-TEC-7626,Technology,Copiers,Copiers Pro 442,9,0.0,8003.07,1312.38
ORD-101913,2025-01-14,2025-01-15,CU-10015,David Rodriguez,Corporate,United States,Charlotte,North Carolina,South,PRD-FUR-4215,Furniture,Furnishings,Furnishings Deluxe 879,9,0.15,4808.95,510.45
ORD-101914,2023-01-22,2023-01-24,CU-10130,Mary Garcia,Corporate,United States,Detroit,Michigan,Central,PRD-OFF-4098,Office Supplies,Storage,Storage Pro 988,5,0.0,381.61,59.98
ORD-101915,2023-08-30,2023-09-06,CU-10231,Susan Williams,Consumer,United States,Reno,Nevada,West,PRD-TEC-1682,Technology,Phones,Phones Executive 604,9,0.15,9574.07,3321.47
ORD-101916,2024-10-08,2024-10-14,CU-10110,Michael Brown,Home Office,United States,Newark,New Jersey,East,PRD-FUR-6924,Furniture,Furnishings,Furnishings Advanced 546,1,0.0,768.03,-67.51
ORD-101917,2023-11-22,2023-11-24,CU-10019,Patricia Lopez,Consumer,United States,Reno,Nevada,West,PRD-FUR-1480,Furniture,Chairs,Chairs Standard 351,6,0.0,4633.4,1571.81
ORD-101918,2025-06-20,2025-06-25,CU-10060,Robert Wilson,Consumer,United States,Columbus,Ohio,Central,PRD-TEC-6347,Technology,Copiers,Copiers Deluxe 267,1,0.2,768.43,-32.66
ORD-101919,2023-01-09,2023-01-10,CU-10149,Linda Martin,Home Office,United States,Seattle,Washington,West,PRD-TEC-3038,Technology,Machines,Machines Pro 876,7,0.15,8136.15,928.93
ORD-101920,2023-03-08,2023-03-13,CU-10121,William Thomas,Home Office,United States,Pittsburgh,Pennsylvania,East,PRD-OFF-9608,Office Supplies,Art,Art Deluxe 628,6,0.1,539.05,77.33
ORD-101921,2023-11-04,2023-11-07,CU-10168,Jennifer Thomas,Corporate,United States,Chicago,Illinois,Central,PRD-FUR-6816,Furniture,Tables,Tables Classic 248,4,0.15,2379.95,656.81
ORD-101922,2023-07-21,2023-07-26,CU-10175,Sarah Jones,Home Office,United States,Eugene,Oregon,West,PRD-OFF-6379,Office Supplies,Art,Art Elite 444,6,0.0,198.14,27.26
ORD-101923,2024-09-13,2024-09-16,CU-10256,James Johnson,Home Office,United States,Nashville,Tennessee,South,PRD-OFF-9362,Office Supplies,Binders,Binders Basic 624,9,0.2,648.27,141.68
ORD-101924,2023-10-06,2023-10-12,CU-10130,Mary Garcia,Consumer,United States,Ann Arbor,Michigan,Central,PRD-FUR-6449,Furniture,Bookcases,Bookcases Pro 554,7,0.1,3504.76,119.63
ORD-101925,2025-11-07,2025-11-12,CU-10039,Richard Rodriguez,Corporate,United States,Newark,New Jersey,East,PRD-OFF-2924,Office Supplies,Storage,Storage Basic 557,8,0.0,899.07,31.44
ORD-101926,2023-09-16,2023-09-18,CU-10263,John Smith,Home Office,United States,Savannah,Georgia,South,PRD-TEC-6966,Technology,Machines,Machines Classic 710,8,0.15,952.54,273.46
ORD-101927,2024-08-05,2024-08-10,CU-10158,Elizabeth Thomas,Home Office,United States,Memphis,Tennessee,South,PRD-FUR-6404,Furniture,Furnishings,Furnishings Executive 235,4,0.4,1502.6,-137.18
ORD-101928,2025-01-15,2025-01-20,CU-10113,Susan Thomas,Corporate,United States,Houston,Texas,Central,PRD-OFF-8908,Office Supplies,Art,Art Basic 739,1,0.0,19.25,1.84
ORD-101929,2025-03-24,2025-03-27,CU-10101,Linda Williams,Consumer,United States,Pittsburgh,Pennsylvania,East,PRD-TEC-6972,Technology,Machines,Machines Basic 205,8,0.2,778.67,-6.65
ORD-101930,2024-11-19,2024-11-24,CU-10123,Joseph Jackson,Home Office,United States,Cleveland,Ohio,Central,PRD-OFF-8924,Office Supplies,Storage,Storage Executive 920,3,0.1,145.14,-7.0
ORD-101931,2025-04-29,2025-05-03,CU-10260,Charles Miller,Corporate,United States,Philadelphia,Pennsylvania,East,PRD-TEC-6400,Technology,Phones,Phones Pro 614,7,0.4,1433.62,-151.39
ORD-101932,2025-08-23,2025-08-28,CU-10164,Thomas Rodriguez,Home Office,United States,San Diego,California,West,PRD-TEC-7885,Technology,Copiers,Copiers Deluxe 328,7,0.1,7426.02,2117.68
ORD-101933,2023-03-15,2023-03-20,CU-10294,James Martin,Consumer,United States,Houston,Texas,Central,PRD-OFF-5670,Office Supplies,Storage,Storage Deluxe 711,2,0.0,94.97,-6.56
ORD-101934,2023-04-10,2023-04-11,CU-10097,Charles Jackson,Consumer,United States,Spokane,Washington,West,PRD-OFF-2028,Office Supplies,Labels,Labels Pro 289,1,0.4,64.37,7.04
ORD-101935,2025-12-26,2025-12-31,CU-10108,Jessica Davis,Home Office,United States,Cleveland,Ohio,Central,PRD-FUR-9907,Furniture,Furnishings,Furnishings Classic 542,7,0.0,1828.37,401.46
ORD-101936,2024-04-21,2024-04-24,CU-10262,Richard Davis,Consumer,United States,Jersey City,New Jersey,East,PRD-TEC-5221,Technology,Copiers,Copiers Executive 399,8,0.15,4412.46,1209.52
ORD-101937,2025-08-06,2025-08-12,CU-10286,Linda Wilson,Home Office,United States,Spokane,Washington,West,PRD-OFF-5953,Office Supplies,Art,Art Deluxe 552,10,0.4,255.81,18.37
ORD-101938,2024-07-12,2024-07-17,CU-10290,Sarah Thomas,Home Office,United States,Eugene,Oregon,West,PRD-OFF-6358,Office Supplies,Binders,Binders Basic 363,7,0.2,167.89,-4.25
ORD-101939,2024-11-07,2024-11-14,CU-10223,David Anderson,Consumer,United States,Charlotte,North Carolina,South,PRD-TEC-7366,Technology,Accessories,Accessories Pro 256,7,0.3,323.93,-5.14
ORD-101940,2025-03-10,2025-03-14,CU-10265,Linda Garcia,Consumer,United States,New York City,New York,East,PRD-TEC-4404,Technology,Machines,Machines Deluxe 780,3,0.0,747.56,-27.45
ORD-101941,2024-04-16,2024-04-20,CU-10285,John Jones,Home Office,United States,Dallas,Texas,Central,PRD-TEC-5007,Technology,Phones,Phones Deluxe 627,7,0.2,7452.0,729.45
ORD-101942,2023-04-16,2023-04-19,CU-10168,Jennifer Thomas,Home Office,United States,Ann Arbor,Michigan,Central,PRD-OFF-3158,Office Supplies,Art,Art Advanced 945,8,0.2,445.35,8.31
ORD-101943,2025-03-21,2025-03-27,CU-10245,Susan Martin,Home Office,United States,Raleigh,North Carolina,South,PRD-OFF-5117,Office Supplies,Paper,Paper Executive 329,3,0.3,99.29,2.74
ORD-101944,2024-06-02,2024-06-04,CU-10021,William Johnson,Consumer,United States,Philadelphia,Pennsylvania,East,PRD-TEC-2518,Technology,Copiers,Copiers Classic 356,8,0.1,1793.29,23.13
ORD-101945,2025-12-16,2025-12-19,CU-10011,Susan Davis,Home Office,United States,Ann Arbor,Michigan,Central,PRD-FUR-4044,Furniture,Tables,Tables Deluxe 424,9,0.1,2604.79,797.64
ORD-101946,2025-10-22,2025-10-29,CU-10243,James Martinez,Consumer,United States,Nashville,Tennessee,South,PRD-OFF-9280,Office Supplies,Labels,Labels Pro 898,5,0.3,99.79,-12.94
ORD-101947,2023-06-08,2023-06-14,CU-10251,Elizabeth Moore,Consumer,United States,Buffalo,New York,East,PRD-FUR-7658,Furniture,Chairs,Chairs Basic 457,8,0.15,5543.04,777.08
ORD-101948,2025-01-11,2025-01-16,CU-10010,Michael Jackson,Consumer,United States,Springfield,Illinois,Central,PRD-TEC-9254,Technology,Machines,Machines Advanced 731,10,0.1,10913.14,90.2
ORD-101949,2024-02-01,2024-02-02,CU-10159,David Williams,Home Office,United States,Worcester,Massachusetts,East,PRD-TEC-8467,Technology,Accessories,Accessories Elite 326,1,0.0,1139.2,-108.94
ORD-101950,2024-08-11,2024-08-14,CU-10102,Mary Hernandez,Corporate,United States,Orlando,Florida,South,PRD-FUR-7962,Furniture,Tables,Tables Pro 390,4,0.0,481.13,-28.96
ORD-101951,2025-04-22,2025-04-25,CU-10203,Jennifer Hernandez,Consumer,United States,Newark,New Jersey,East,PRD-OFF-6543,Office Supplies,Binders,Binders Executive 464,6,0.4,191.27,2.47
ORD-101952,2023-11-03,2023-11-07,CU-10233,David Brown,Consumer,United States,San Diego,California,West,PRD-OFF-8153,Office Supplies,Art,Art Pro 247,8,0.2,114.97,34.69
ORD-101953,2025-09-25,2025-09-26,CU-10218,Patricia Rodriguez,Consumer,United States,Pittsburgh,Pennsylvania,East,PRD-FUR-4947,Furniture,Tables,Tables Elite 814,9,0.1,1033.67,263.69
ORD-101954,2025-01-17,2025-01-24,CU-10096,David Smith,Home Office,United States,Seattle,Washington,West,PRD-OFF-1918,Office Supplies,Storage,Storage Basic 851,10,0.3,814.5,12.56
ORD-101955,2025-06-24,2025-06-29,CU-10151,Karen Williams,Home Office,United States,Seattle,Washington,West,PRD-TEC-6421,Technology,Machines,Machines Pro 251,5,0.2,2591.14,425.05
ORD-101956,2023-08-15,2023-08-20,CU-10012,Joseph Martin,Consumer,United States,San Francisco,California,West,PRD-TEC-4118,Technology,Phones,Phones Advanced 827,5,0.0,2541.46,389.85
ORD-101957,2024-08-05,2024-08-09,CU-10186,Joseph Jackson,Consumer,United States,Spokane,Washington,West,PRD-FUR-9851,Furniture,Chairs,Chairs Advanced 593,6,0.0,3869.5,-574.82
ORD-101958,2024-07-31,2024-08-01,CU-10207,Mary Taylor,Corporate,United States,Springfield,Illinois,Central,PRD-FUR-4013,Furniture,Tables,Tables Elite 905,8,0.0,472.92,-44.62
ORD-101959,2024-11-29,2024-12-05,CU-10086,Jessica Jackson,Consumer,United States,Spokane,Washington,West,PRD-OFF-2546,Office Supplies,Labels,Labels Advanced 489,9,0.0,436.84,11.93
ORD-101960,2025-10-07,2025-10-13,CU-10121,William Thomas,Consumer,United States,San Diego,California,West,PRD-FUR-2206,Furniture,Bookcases,Bookcases Advanced 945,10,0.1,1092.31,-28.76
ORD-101961,2025-09-26,2025-10-01,CU-10108,Jessica Davis,Consumer,United States,Raleigh,North Carolina,South,PRD-TEC-6473,Technology,Accessories,Accessories Basic 144,7,0.2,5391.38,1423.42
ORD-101962,2024-02-19,2024-02-26,CU-10188,James Brown,Corporate,United States,Tampa,Florida,South,PRD-OFF-3986,Office Supplies,Storage,Storage Pro 690,5,0.2,419.9,26.32
ORD-101963,2025-07-10,2025-07-11,CU-10297,Elizabeth Wilson,Consumer,United States,Las Vegas,Nevada,West,PRD-TEC-4609,Technology,Copiers,Copiers Elite 224,9,0.0,710.57,-97.21
ORD-101964,2025-06-11,2025-06-18,CU-10001,William Davis,Home Office,United States,Philadelphia,Pennsylvania,East,PRD-FUR-6647,Furniture,Furnishings,Furnishings Pro 150,4,0.0,3581.86,407.22
ORD-101965,2025-12-08,2025-12-12,CU-10238,John Miller,Consumer,United States,Nashville,Tennessee,South,PRD-OFF-7573,Office Supplies,Labels,Labels Classic 237,7,0.2,595.33,37.74
ORD-101966,2024-09-18,2024-09-22,CU-10014,Jennifer Anderson,Home Office,United States,Nashville,Tennessee,South,PRD-OFF-2968,Office Supplies,Labels,Labels Advanced 499,10,0.0,1189.06,-156.41
ORD-101967,2024-02-24,2024-02-27,CU-10205,William Garcia,Home Office,United States,Reno,Nevada,West,PRD-TEC-9600,Technology,Machines,Machines Advanced 145,1,0.15,618.05,179.01
ORD-101968,2025-05-02,2025-05-08,CU-10242,Richard Jackson,Home Office,United States,Portland,Oregon,West,PRD-FUR-4911,Furniture,Chairs,Chairs Classic 844,8,0.4,1309.53,98.95
ORD-101969,2025-02-04,2025-02-11,CU-10170,Karen Moore,Corporate,United States,Chicago,Illinois,Central,PRD-OFF-2008,Office Supplies,Labels,Labels Classic 869,2,0.0,43.26,6.74
ORD-101970,2025-02-17,2025-02-20,CU-10218,Patricia Rodriguez,Corporate,United States,Jersey City,New Jersey,East,PRD-FUR-5019,Furniture,Chairs,Chairs Executive 699,10,0.1,1896.99,310.27
ORD-101971,2025-09-06,2025-09-11,CU-10110,Michael Brown,Home Office,United States,Pittsburgh,Pennsylvania,East,PRD-FUR-5534,Furniture,Furnishings,Furnishings Advanced 337,4,0.0,1320.04,-162.85
ORD-101972,2025-10-02,2025-10-05,CU-10245,Susan Martin,Home Office,United States,New York City,New York,East,PRD-FUR-4621,Furniture,Furnishings,Furnishings Deluxe 397,6,0.0,923.32,-75.05
ORD-101973,2023-06-19,2023-06-23,CU-10235,Elizabeth Anderson,Consumer,United States,Charlotte,North Carolina,South,PRD-TEC-2292,Technology,Accessories,Accessories Classic 482,1,0.4,632.67,134.37
ORD-101974,2025-07-28,2025-07-31,CU-10104,Linda Rodriguez,Consumer,United States,Jersey City,New Jersey,East,PRD-OFF-1518,Office Supplies,Storage,Storage Deluxe 458,4,0.2,272.01,26.51
ORD-101975,2023-10-16,2023-10-20,CU-10080,Elizabeth Davis,Home Office,United States,Philadelphia,Pennsylvania,East,PRD-FUR-2645,Furniture,Furnishings,Furnishings Advanced 561,6,0.1,4822.41,-242.41
ORD-101976,2025-04-13,2025-04-18,CU-10193,Susan Jones,Home Office,United States,Tampa,Florida,South,PRD-OFF-2739,Office Supplies,Storage,Storage Pro 509,10,0.15,265.2,-4.51
ORD-101977,2023-05-04,2023-05-11,CU-10034,Barbara Miller,Corporate,United States,Philadelphia,Pennsylvania,East,PRD-TEC-9594,Technology,Copiers,Copiers Basic 737,4,0.0,1071.47,-103.5
ORD-101978,2023-05-26,2023-05-31,CU-10279,Jessica Davis,Consumer,United States,Miami,Florida,South,PRD-TEC-6323,Technology,Machines,Machines Advanced 559,6,0.0,4674.34,-465.69
ORD-101979,2025-10-19,2025-10-20,CU-10096,David Smith,Corporate,United States,Ann Arbor,Michigan,Central,PRD-FUR-3665,Furniture,Chairs,Chairs Executive 393,3,0.2,904.07,-7.31
ORD-101980,2023-01-07,2023-01-09,CU-10063,William Jackson,Corporate,United States,Eugene,Oregon,West,PRD-TEC-5032,Technology,Machines,Machines Standard 779,4,0.0,5051.89,1138.57
ORD-101981,2024-08-27,2024-08-29,CU-10141,Charles Taylor,Home Office,United States,Nashville,Tennessee,South,PRD-OFF-9609,Office Supplies,Storage,Storage Classic 801,1,0.1,9.74,3.05
ORD-101982,2023-06-07,2023-06-08,CU-10226,Charles Miller,Consumer,United States,Dallas,Texas,Central,PRD-OFF-8988,Office Supplies,Paper,Paper Elite 365,2,0.15,8.59,1.43
ORD-101983,2024-11-23,2024-11-27,CU-10034,Barbara Miller,Corporate,United States,Tampa,Florida,South,PRD-OFF-1202,Office Supplies,Storage,Storage Elite 641,6,0.3,113.61,5.23
ORD-101984,2023-10-15,2023-10-20,CU-10174,Patricia Brown,Home Office,United States,Pittsburgh,Pennsylvania,East,PRD-OFF-6393,Office Supplies,Labels,Labels Elite 549,10,0.0,479.19,63.69
ORD-101985,2023-12-30,2024-01-05,CU-10155,Michael Hernandez,Home Office,United States,Seattle,Washington,West,PRD-FUR-1112,Furniture,Chairs,Chairs Basic 263,10,0.15,4636.43,-440.09
ORD-101986,2023-06-22,2023-06-24,CU-10262,Richard Davis,Home Office,United States,Detroit,Michigan,Central,PRD-FUR-5947,Furniture,Bookcases,Bookcases Standard 522,6,0.0,1084.56,-104.08
ORD-101987,2023-03-29,2023-03-31,CU-10026,Barbara Martin,Home Office,United States,Cleveland,Ohio,Central,PRD-TEC-3041,Technology,Copiers,Copiers Executive 472,10,0.4,5019.42,-284.56
ORD-101988,2024-05-21,2024-05-27,CU-10197,Linda Brown,Corporate,United States,Charlotte,North Carolina,South,PRD-OFF-2611,Office Supplies,Storage,Storage Elite 420,4,0.0,350.89,103.94
ORD-101989,2024-01-26,2024-01-27,CU-10264,Patricia Anderson,Consumer,United States,Chicago,Illinois,Central,PRD-OFF-3417,Office Supplies,Art,Art Standard 341,5,0.0,169.16,36.14
ORD-101990,2024-05-30,2024-06-03,CU-10089,Susan Miller,Home Office,United States,Nashville,Tennessee,South,PRD-FUR-9796,Furniture,Tables,Tables Pro 242,6,0.15,1325.3,-93.48
ORD-101991,2025-05-18,2025-05-22,CU-10020,Barbara Lee,Consumer,United States,Memphis,Tennessee,South,PRD-OFF-8696,Office Supplies,Paper,Paper Deluxe 767,10,0.3,432.26,88.25
ORD-101992,2024-09-11,2024-09-12,CU-10276,Jessica Thomas,Consumer,United States,Nashville,Tennessee,South,PRD-FUR-7068,Furniture,Furnishings,Furnishings Advanced 282,5,0.1,3448.85,687.97
ORD-101993,2023-05-30,2023-05-31,CU-10252,Karen Hernandez,Consumer,United States,Eugene,Oregon,West,PRD-OFF-8952,Office Supplies,Storage,Storage Standard 542,6,0.1,67.2,9.86
ORD-101994,2025-06-08,2025-06-15,CU-10119,Joseph Jones,Home Office,United States,Chicago,Illinois,Central,PRD-TEC-8527,Technology,Phones,Phones Standard 914,9,0.0,8907.76,2124.8
ORD-101995,2025-05-23,2025-05-28,CU-10010,Michael Jackson,Consumer,United States,Orlando,Florida,South,PRD-TEC-2321,Technology,Machines,Machines Advanced 567,4,0.1,2096.87,-240.33
ORD-101996,2025-05-23,2025-05-29,CU-10296,James Lopez,Consumer,United States,San Diego,California,West,PRD-OFF-7143,Office Supplies,Paper,Paper Basic 824,8,0.0,358.49,35.06
ORD-101997,2023-01-13,2023-01-19,CU-10285,John Jones,Consumer,United States,Cleveland,Ohio,Central,PRD-OFF-1188,Office Supplies,Art,Art Executive 616,7,0.1,331.88,40.96
ORD-101998,2024-10-28,2024-11-02,CU-10183,Mary Smith,Home Office,United States,Pittsburgh,Pennsylvania,East,PRD-OFF-6364,Office Supplies,Storage,Storage Standard 266,6,0.1,236.06,48.15
ORD-101999,2023-05-18,2023-05-21,CU-10150,Karen Johnson,Home Office,United States,Boston,Massachusetts,East,PRD-TEC-8026,Technology,Accessories,Accessories Elite 865,2,0.0,995.01,185.33
ORD-102000,2024-04-14,2024-04-18,CU-10182,Susan Rodriguez,Corporate,United States,Philadelphia,Pennsylvania,East,PRD-FUR-8636,Furniture,Furnishings,Furnishings Deluxe 608,3,0.4,305.22,82.91
ORD-102001,2023-03-22,2023-03-28,CU-10101,Linda Williams,Consumer,United States,Seattle,Washington,West,PRD-TEC-6033,Technology,Phones,Phones Classic 164,9,0.1,7102.03,189.29
ORD-102002,2025-06-26,2025-07-02,CU-10163,Sarah Miller,Consumer,United States,Los Angeles,California,West,PRD-OFF-2722,Office Supplies,Storage,Storage Executive 350,8,0.1,216.05,-6.63
ORD-102003,2023-02-03,2023-02-08,CU-10257,Linda Taylor,Consumer,United States,Atlanta,Georgia,South,PRD-OFF-7840,Office Supplies,Storage,Storage Basic 789,1,0.0,98.61,-2.79
ORD-102004,2024-09-01,2024-09-06,CU-10190,Sarah Johnson,Consumer,United States,New York City,New York,East,PRD-FUR-2026,Furniture,Tables,Tables Basic 177,5,0.15,298.25,100.29
ORD-102005,2025-05-19,2025-05-25,CU-10281,Robert Martinez,Consumer,United States,Nashville,Tennessee,South,PRD-FUR-9119,Furniture,Bookcases,Bookcases Classic 982,1,0.1,205.36,35.35
ORD-102006,2024-06-07,2024-06-09,CU-10104,Linda Rodriguez,Consumer,United States,Columbus,Ohio,Central,PRD-FUR-5788,Furniture,Furnishings,Furnishings Advanced 167,1,0.0,734.07,-105.71
ORD-102007,2023-08-15,2023-08-17,CU-10062,Joseph Moore,Corporate,United States,Eugene,Oregon,West,PRD-TEC-6854,Technology,Copiers,Copiers Basic 236,1,0.0,1497.83,283.85
ORD-102008,2025-05-16,2025-05-23,CU-10237,Elizabeth Jackson,Corporate,United States,San Francisco,California,West,PRD-FUR-8870,Furniture,Furnishings,Furnishings Classic 602,7,0.0,3182.92,-130.92
ORD-102009,2025-08-09,2025-08-15,CU-10039,Richard Rodriguez,Home Office,United States,Seattle,Washington,West,PRD-TEC-5143,Technology,Machines,Machines Classic 758,3,0.15,958.79,29.36
ORD-102010,2024-10-15,2024-10-18,CU-10256,James Johnson,Home Office,United States,Tampa,Florida,South,PRD-OFF-1656,Office Supplies,Paper,Paper Basic 216,9,0.3,528.21,126.47
ORD-102011,2024-05-22,2024-05-28,CU-10054,Barbara Davis,Home Office,United States,Ann Arbor,Michigan,Central,PRD-OFF-1540,Office Supplies,Labels,Labels Deluxe 682,2,0.3,93.83,19.72
ORD-102012,2025-01-10,2025-01-13,CU-10156,Linda Rodriguez,Corporate,United States,Seattle,Washington,West,PRD-FUR-1893,Furniture,Bookcases,Bookcases Basic 131,7,0.4,1023.62,-149.23
ORD-102013,2025-08-16,2025-08-22,CU-10038,Jennifer Thomas,Home Office,United States,Springfield,Illinois,Central,PRD-TEC-5374,Technology,Accessories,Accessories Standard 156,6,0.1,5899.68,1102.56
ORD-102014,2024-08-01,2024-08-08,CU-10018,Robert Wilson,Corporate,United States,Memphis,Tennessee,South,PRD-TEC-1149,Technology,Machines,Machines Standard 918,2,0.0,212.23,40.23
ORD-102015,2024-07-21,2024-07-22,CU-10158,Elizabeth Thomas,Consumer,United States,Miami,Florida,South,PRD-OFF-1376,Office Supplies,Art,Art Elite 804,8,0.15,418.57,-42.95
ORD-102016,2024-09-28,2024-10-03,CU-10218,Patricia Rodriguez,Home Office,United States,Nashville,Tennessee,South,PRD-OFF-5239,Office Supplies,Storage,Storage Basic 252,7,0.4,162.2,-19.52
ORD-102017,2025-04-28,2025-05-02,CU-10042,Linda Johnson,Home Office,United States,New York City,New York,East,PRD-OFF-4672,Office Supplies,Art,Art Pro 336,4,0.15,198.13,35.63
ORD-102018,2023-03-01,2023-03-05,CU-10125,Sarah Smith,Home Office,United States,Eugene,Oregon,West,PRD-OFF-1934,Office Supplies,Labels,Labels Classic 773,5,0.1,442.13,74.96
ORD-102019,2024-06-18,2024-06-25,CU-10116,David Brown,Home Office,United States,Worcester,Massachusetts,East,PRD-TEC-4139,Technology,Machines,Machines Basic 513,10,0.0,4596.39,-447.5
ORD-102020,2023-05-02,2023-05-03,CU-10261,Richard Taylor,Consumer,United States,Charlotte,North Carolina,South,PRD-FUR-2321,Furniture,Chairs,Chairs Basic 465,7,0.0,5202.76,425.89
ORD-102021,2025-08-30,2025-08-31,CU-10011,Susan Davis,Corporate,United States,Portland,Oregon,West,PRD-OFF-3262,Office Supplies,Paper,Paper Standard 462,7,0.2,330.03,-14.85
ORD-102022,2024-10-07,2024-10-08,CU-10079,Patricia Lopez,Corporate,United States,Los Angeles,California,West,PRD-OFF-9008,Office Supplies,Binders,Binders Elite 216,10,0.0,1086.13,43.0
ORD-102023,2023-07-29,2023-07-31,CU-10205,William Garcia,Corporate,United States,Los Angeles,California,West,PRD-FUR-5003,Furniture,Tables,Tables Elite 791,5,0.4,825.18,146.05
ORD-102024,2025-01-18,2025-01-25,CU-10102,Mary Hernandez,Corporate,United States,Springfield,Illinois,Central,PRD-FUR-3321,Furniture,Chairs,Chairs Executive 211,6,0.15,3151.11,-47.05
ORD-102025,2025-04-26,2025-05-03,CU-10043,David Wilson,Consumer,United States,Cleveland,Ohio,Central,PRD-OFF-6094,Office Supplies,Storage,Storage Standard 511,9,0.0,708.6,-10.73
ORD-102026,2023-03-06,2023-03-08,CU-10098,Linda Martin,Home Office,United States,Spokane,Washington,West,PRD-OFF-3808,Office Supplies,Labels,Labels Deluxe 945,6,0.2,406.9,117.17
ORD-102027,2025-11-06,2025-11-11,CU-10015,David Rodriguez,Corporate,United States,Dallas,Texas,Central,PRD-FUR-6867,Furniture,Furnishings,Furnishings Elite 699,8,0.15,5011.95,1533.83
ORD-102028,2024-01-06,2024-01-09,CU-10242,Richard Jackson,Corporate,United States,Memphis,Tennessee,South,PRD-OFF-1142,Office Supplies,Storage,Storage Executive 370,10,0.0,402.04,-50.49
ORD-102029,2025-03-02,2025-03-07,CU-10272,David Thomas,Home Office,United States,Reno,Nevada,West,PRD-OFF-5755,Office Supplies,Paper,Paper Classic 472,6,0.2,298.26,89.96
ORD-102030,2025-02-16,2025-02-17,CU-10298,Susan Jackson,Consumer,United States,Newark,New Jersey,East,PRD-OFF-8112,Office Supplies,Binders,Binders Classic 260,6,0.3,493.26,-63.25
ORD-102031,2023-05-04,2023-05-09,CU-10113,Susan Thomas,Consumer,United States,Eugene,Oregon,West,PRD-OFF-3037,Office Supplies,Labels,Labels Standard 506,3,0.4,203.18,-0.34
ORD-102032,2025-03-18,2025-03-25,CU-10029,Elizabeth Williams,Consumer,United States,Spokane,Washington,West,PRD-TEC-6857,Technology,Machines,Machines Basic 352,10,0.0,14242.16,1138.87
ORD-102033,2023-11-15,2023-11-21,CU-10124,Patricia Johnson,Home Office,United States,Orlando,Florida,South,PRD-OFF-6800,Office Supplies,Labels,Labels Executive 843,5,0.2,387.28,79.64
ORD-102034,2025-07-23,2025-07-29,CU-10259,Joseph Anderson,Home Office,United States,Jersey City,New Jersey,East,PRD-FUR-9668,Furniture,Chairs,Chairs Classic 826,5,0.4,1886.69,405.02
ORD-102035,2024-04-13,2024-04-15,CU-10074,John Lopez,Consumer,United States,Houston,Texas,Central,PRD-TEC-5534,Technology,Machines,Machines Executive 983,3,0.15,1638.5,336.3
ORD-102036,2023-03-24,2023-03-27,CU-10199,Susan Lee,Consumer,United States,Columbus,Ohio,Central,PRD-FUR-3150,Furniture,Furnishings,Furnishings Deluxe 616,2,0.0,1726.9,351.73
ORD-102037,2025-12-25,2025-12-31,CU-10082,Charles Williams,Home Office,United States,Worcester,Massachusetts,East,PRD-TEC-5471,Technology,Accessories,Accessories Advanced 273,9,0.3,4355.9,414.61
ORD-102038,2024-01-09,2024-01-11,CU-10107,Charles Martin,Consumer,United States,Columbus,Ohio,Central,PRD-TEC-4065,Technology,Copiers,Copiers Deluxe 848,3,0.3,762.56,179.1
ORD-102039,2023-06-13,2023-06-20,CU-10176,William Martinez,Consumer,United States,New York City,New York,East,PRD-OFF-9551,Office Supplies,Binders,Binders Classic 551,3,0.15,69.56,22.74
ORD-102040,2025-02-28,2025-03-05,CU-10195,Barbara Johnson,Consumer,United States,Springfield,Illinois,Central,PRD-OFF-8424,Office Supplies,Storage,Storage Classic 354,2,0.1,82.71,-9.7
ORD-102041,2024-03-30,2024-03-31,CU-10290,Sarah Thomas,Home Office,United States,Dallas,Texas,Central,PRD-FUR-5508,Furniture,Tables,Tables Classic 560,4,0.1,502.68,148.06
ORD-102042,2023-06-25,2023-07-01,CU-10159,David Williams,Home Office,United States,Houston,Texas,Central,PRD-TEC-8734,Technology,Copiers,Copiers Advanced 721,1,0.0,1088.46,167.35
ORD-102043,2023-11-05,2023-11-07,CU-10014,Jennifer Anderson,Consumer,United States,Miami,Florida,South,PRD-TEC-3152,Technology,Accessories,Accessories Advanced 284,4,0.3,1452.8,343.17
ORD-102044,2024-04-25,2024-04-27,CU-10038,Jennifer Thomas,Consumer,United States,Ann Arbor,Michigan,Central,PRD-OFF-1049,Office Supplies,Storage,Storage Classic 908,10,0.0,242.45,59.93
ORD-102045,2024-08-02,2024-08-03,CU-10238,John Miller,Home Office,United States,Houston,Texas,Central,PRD-OFF-8939,Office Supplies,Binders,Binders Deluxe 124,1,0.2,61.53,6.64
ORD-102046,2024-10-26,2024-10-29,CU-10277,William Davis,Corporate,United States,Austin,Texas,Central,PRD-TEC-5772,Technology,Phones,Phones Basic 443,1,0.1,616.25,27.99
ORD-102047,2025-03-16,2025-03-18,CU-10228,Susan Smith,Consumer,United States,Reno,Nevada,West,PRD-TEC-6307,Technology,Phones,Phones Basic 885,3,0.15,3524.98,820.32
ORD-102048,2023-04-05,2023-04-11,CU-10132,Richard Rodriguez,Corporate,United States,Atlanta,Georgia,South,PRD-OFF-7187,Office Supplies,Storage,Storage Deluxe 402,10,0.0,1037.06,65.2
ORD-102049,2025-07-08,2025-07-11,CU-10017,David Brown,Home Office,United States,Memphis,Tennessee,South,PRD-OFF-3477,Office Supplies,Art,Art Basic 735,2,0.3,20.85,1.64
ORD-102050,2025-05-28,2025-05-31,CU-10046,David Miller,Home Office,United States,Savannah,Georgia,South,PRD-TEC-2794,Technology,Accessories,Accessories Deluxe 565,8,0.1,3270.04,946.37
ORD-102051,2025-06-02,2025-06-08,CU-10136,Michael Martinez,Consumer,United States,Springfield,Illinois,Central,PRD-OFF-2118,Office Supplies,Labels,Labels Pro 376,8,0.1,68.52,3.05
ORD-102052,2025-11-08,2025-11-15,CU-10228,Susan Smith,Corporate,United States,Detroit,Michigan,Central,PRD-TEC-9131,Technology,Machines,Machines Pro 953,4,0.1,1010.16,335.32
ORD-102053,2023-08-30,2023-09-01,CU-10186,Joseph Jackson,Consumer,United States,Nashville,Tennessee,South,PRD-FUR-2886,Furniture,Tables,Tables Pro 127,9,0.2,5136.22,1252.39
ORD-102054,2025-01-22,2025-01-24,CU-10072,Elizabeth Moore,Corporate,United States,Springfield,Illinois,Central,PRD-OFF-9809,Office Supplies,Binders,Binders Pro 694,9,0.2,743.17,229.22
ORD-102055,2024-03-11,2024-03-15,CU-10023,Patricia Wilson,Corporate,United States,Los Angeles,California,West,PRD-FUR-8271,Furniture,Tables,Tables Executive 446,4,0.15,531.28,84.08
ORD-102056,2025-06-22,2025-06-29,CU-10014,Jennifer Anderson,Consumer,United States,Orlando,Florida,South,PRD-FUR-1833,Furniture,Furnishings,Furnishings Basic 486,2,0.4,908.2,-121.98
ORD-102057,2024-07-22,2024-07-28,CU-10040,Sarah Davis,Consumer,United States,Raleigh,North Carolina,South,PRD-OFF-6861,Office Supplies,Labels,Labels Classic 184,7,0.0,767.89,220.76
ORD-102058,2025-09-05,2025-09-11,CU-10250,Jennifer Williams,Corporate,United States,Austin,Texas,Central,PRD-OFF-5490,Office Supplies,Storage,Storage Executive 539,2,0.4,46.08,0.18
ORD-102059,2023-12-15,2023-12-19,CU-10259,Joseph Anderson,Corporate,United States,Chicago,Illinois,Central,PRD-FUR-4584,Furniture,Furnishings,Furnishings Standard 528,4,0.0,2609.93,-213.55
ORD-102060,2025-12-09,2025-12-16,CU-10081,Mary Davis,Consumer,United States,Philadelphia,Pennsylvania,East,PRD-OFF-6752,Office Supplies,Binders,Binders Deluxe 981,3,0.15,14.72,4.59
ORD-102061,2025-05-09,2025-05-13,CU-10247,Joseph Thomas,Consumer,United States,Pittsburgh,Pennsylvania,East,PRD-TEC-2617,Technology,Copiers,Copiers Executive 499,1,0.1,813.77,112.6
ORD-102062,2025-04-03,2025-04-09,CU-10158,Elizabeth Thomas,Corporate,United States,Ann Arbor,Michigan,Central,PRD-TEC-1767,Technology,Copiers,Copiers Executive 481,8,0.4,6234.84,2096.98
ORD-102063,2024-12-23,2024-12-25,CU-10004,Robert Martin,Corporate,United States,Springfield,Illinois,Central,PRD-OFF-9212,Office Supplies,Storage,Storage Standard 172,8,0.4,182.71,20.94
ORD-102064,2025-09-25,2025-09-27,CU-10239,Susan Wilson,Consumer,United States,Cleveland,Ohio,Central,PRD-FUR-9785,Furniture,Chairs,Chairs Executive 178,9,0.0,3217.89,474.5
ORD-102065,2025-08-15,2025-08-22,CU-10118,Michael Jackson,Consumer,United States,Charlotte,North Carolina,South,PRD-OFF-2437,Office Supplies,Art,Art Standard 412,7,0.1,344.33,-23.72
ORD-102066,2024-06-10,2024-06-12,CU-10028,Mary Davis,Home Office,United States,San Diego,California,West,PRD-FUR-7561,Furniture,Tables,Tables Deluxe 940,1,0.15,690.47,127.25
ORD-102067,2024-12-25,2024-12-28,CU-10256,James Johnson,Corporate,United States,Cleveland,Ohio,Central,PRD-OFF-8495,Office Supplies,Paper,Paper Basic 464,3,0.1,45.9,2.57
ORD-102068,2024-06-02,2024-06-05,CU-10232,David Lee,Corporate,United States,Portland,Oregon,West,PRD-TEC-8078,Technology,Machines,Machines Classic 829,2,0.3,2036.83,625.17
ORD-102069,2024-05-21,2024-05-27,CU-10104,Linda Rodriguez,Consumer,United States,Ann Arbor,Michigan,Central,PRD-OFF-8080,Office Supplies,Labels,Labels Standard 434,7,0.0,592.46,140.68
ORD-102070,2023-09-22,2023-09-25,CU-10217,David Smith,Home Office,United States,Ann Arbor,Michigan,Central,PRD-FUR-8496,Furniture,Tables,Tables Executive 920,9,0.0,2622.27,242.88
ORD-102071,2024-01-27,2024-01-31,CU-10246,Karen Hernandez,Consumer,United States,New York City,New York,East,PRD-TEC-4078,Technology,Copiers,Copiers Elite 721,1,0.0,503.57,135.13
ORD-102072,2025-07-19,2025-07-21,CU-10051,Sarah Rodriguez,Home Office,United States,San Francisco,California,West,PRD-FUR-3996,Furniture,Chairs,Chairs Basic 460,7,0.15,1164.97,68.19
ORD-102073,2023-11-05,2023-11-06,CU-10048,Joseph Jones,Corporate,United States,Raleigh,North Carolina,South,PRD-FUR-6292,Furniture,Tables,Tables Deluxe 794,6,0.0,485.99,20.23
ORD-102074,2024-05-07,2024-05-13,CU-10275,Joseph Garcia,Consumer,United States,Philadelphia,Pennsylvania,East,PRD-FUR-2004,Furniture,Furnishings,Furnishings Advanced 420,10,0.15,5892.28,1749.91
ORD-102075,2023-10-17,2023-10-20,CU-10270,Joseph Moore,Consumer,United States,Springfield,Illinois,Central,PRD-OFF-8628,Office Supplies,Storage,Storage Advanced 114,10,0.0,1047.19,290.58
ORD-102076,2023-02-20,2023-02-22,CU-10135,Jessica Jones,Consumer,United States,Dallas,Texas,Central,PRD-FUR-4957,Furniture,Chairs,Chairs Pro 579,8,0.2,843.29,169.76
ORD-102077,2023-09-22,2023-09-29,CU-10250,Jennifer Williams,Corporate,United States,Savannah,Georgia,South,PRD-OFF-6078,Office Supplies,Storage,Storage Basic 551,7,0.1,123.71,2.32
ORD-102078,2023-08-07,2023-08-10,CU-10239,Susan Wilson,Corporate,United States,Jersey City,New Jersey,East,PRD-OFF-3936,Office Supplies,Binders,Binders Advanced 799,4,0.0,387.37,59.5
ORD-102079,2025-08-05,2025-08-11,CU-10026,Barbara Martin,Consumer,United States,San Francisco,California,West,PRD-TEC-9840,Technology,Phones,Phones Deluxe 360,4,0.4,1639.59,261.29
ORD-102080,2024-11-07,2024-11-12,CU-10092,Barbara Thomas,Consumer,United States,Ann Arbor,Michigan,Central,PRD-FUR-8235,Furniture,Chairs,Chairs Standard 717,10,0.0,7848.68,-596.35
ORD-102081,2024-12-10,2024-12-15,CU-10124,Patricia Johnson,Home Office,United States,Cleveland,Ohio,Central,PRD-FUR-7415,Furniture,Bookcases,Bookcases Standard 186,2,0.0,816.42,217.67
ORD-102082,2024-10-28,2024-11-02,CU-10045,Michael Martin,Corporate,United States,Buffalo,New York,East,PRD-FUR-7855,Furniture,Furnishings,Furnishings Basic 997,4,0.0,1533.81,344.15
ORD-102083,2023-07-10,2023-07-13,CU-10075,Jennifer Jackson,Consumer,United States,San Diego,California,West,PRD-OFF-9311,Office Supplies,Paper,Paper Standard 552,7,0.0,227.38,62.21
ORD-102084,2025-07-02,2025-07-07,CU-10163,Sarah Miller,Home Office,United States,Miami,Florida,South,PRD-FUR-3302,Furniture,Tables,Tables Advanced 323,1,0.3,43.49,-1.92
ORD-102085,2024-12-01,2024-12-06,CU-10217,David Smith,Corporate,United States,Memphis,Tennessee,South,PRD-OFF-5492,Office Supplies,Storage,Storage Executive 223,8,0.0,645.42,-18.93
ORD-102086,2025-05-12,2025-05-18,CU-10110,Michael Brown,Corporate,United States,Spokane,Washington,West,PRD-OFF-6121,Office Supplies,Art,Art Basic 942,2,0.2,145.74,-13.04
ORD-102087,2025-10-10,2025-10-12,CU-10160,James Thomas,Home Office,United States,Philadelphia,Pennsylvania,East,PRD-OFF-4746,Office Supplies,Art,Art Executive 467,10,0.3,501.83,-72.11
ORD-102088,2024-03-24,2024-03-28,CU-10161,Karen Martin,Home Office,United States,Spokane,Washington,West,PRD-OFF-5351,Office Supplies,Labels,Labels Basic 752,3,0.0,209.56,2.73
ORD-102089,2024-11-24,2024-11-27,CU-10245,Susan Martin,Home Office,United States,Springfield,Illinois,Central,PRD-FUR-1940,Furniture,Tables,Tables Classic 506,7,0.3,432.73,1.49
ORD-102090,2024-01-14,2024-01-19,CU-10241,Charles Martinez,Corporate,United States,New York City,New York,East,PRD-FUR-4116,Furniture,Tables,Tables Standard 224,1,0.0,576.94,3.29
ORD-102091,2023-11-09,2023-11-11,CU-10189,Robert Jones,Home Office,United States,Buffalo,New York,East,PRD-OFF-1891,Office Supplies,Paper,Paper Basic 126,8,0.2,530.18,-27.0
ORD-102092,2025-08-16,2025-08-21,CU-10108,Jessica Davis,Corporate,United States,Ann Arbor,Michigan,Central,PRD-TEC-6056,Technology,Phones,Phones Pro 548,9,0.3,4251.65,164.3
ORD-102093,2024-03-30,2024-04-03,CU-10002,Linda Jones,Home Office,United States,Springfield,Illinois,Central,PRD-FUR-8810,Furniture,Bookcases,Bookcases Pro 642,6,0.3,1407.34,-94.88
ORD-102094,2024-01-13,2024-01-17,CU-10194,Mary Martinez,Corporate,United States,Seattle,Washington,West,PRD-OFF-1898,Office Supplies,Paper,Paper Classic 350,5,0.0,532.13,46.18
ORD-102095,2024-07-07,2024-07-11,CU-10090,Sarah Miller,Home Office,United States,Spokane,Washington,West,PRD-OFF-1789,Office Supplies,Art,Art Executive 507,2,0.3,23.12,-2.46
ORD-102096,2025-02-14,2025-02-21,CU-10262,Richard Davis,Home Office,United States,Savannah,Georgia,South,PRD-TEC-6901,Technology,Copiers,Copiers Standard 378,5,0.1,6028.95,1146.05
ORD-102097,2023-06-20,2023-06-25,CU-10218,Patricia Rodriguez,Consumer,United States,Detroit,Michigan,Central,PRD-TEC-9920,Technology,Accessories,Accessories Basic 148,9,0.0,9007.85,1101.04
ORD-102098,2023-02-26,2023-02-27,CU-10202,Susan Smith,Corporate,United States,Eugene,Oregon,West,PRD-TEC-1038,Technology,Phones,Phones Standard 760,4,0.1,5240.5,868.97
ORD-102099,2023-07-06,2023-07-13,CU-10080,Elizabeth Davis,Corporate,United States,Los Angeles,California,West,PRD-FUR-2199,Furniture,Chairs,Chairs Advanced 284,1,0.2,44.01,-3.26
ORD-102100,2024-02-04,2024-02-06,CU-10202,Susan Smith,Consumer,United States,San Francisco,California,West,PRD-TEC-1572,Technology,Machines,Machines Elite 271,8,0.3,4740.02,435.86
ORD-102101,2023-08-19,2023-08-21,CU-10178,David Miller,Home Office,United States,Newark,New Jersey,East,PRD-OFF-2297,Office Supplies,Art,Art Advanced 508,10,0.0,65.8,11.72
ORD-102102,2025-08-06,2025-08-10,CU-10175,Sarah Jones,Corporate,United States,Spokane,Washington,West,PRD-TEC-9074,Technology,Machines,Machines Basic 323,9,0.0,5313.97,33.52
ORD-102103,2024-09-15,2024-09-19,CU-10059,Susan Lee,Home Office,United States,Boston,Massachusetts,East,PRD-TEC-4889,Technology,Copiers,Copiers Pro 236,8,0.15,9274.28,-1144.31
ORD-102104,2025-11-30,2025-12-01,CU-10279,Jessica Davis,Consumer,United States,Portland,Oregon,West,PRD-FUR-2246,Furniture,Tables,Tables Elite 489,1,0.1,64.13,-3.91
ORD-102105,2024-04-23,2024-04-25,CU-10179,William Moore,Consumer,United States,Reno,Nevada,West,PRD-OFF-3713,Office Supplies,Paper,Paper Pro 267,2,0.2,26.17,5.57
ORD-102106,2025-12-19,2025-12-25,CU-10110,Michael Brown,Home Office,United States,Reno,Nevada,West,PRD-FUR-9798,Furniture,Chairs,Chairs Elite 510,8,0.4,2302.59,569.51
ORD-102107,2025-04-22,2025-04-28,CU-10069,James Rodriguez,Consumer,United States,Jersey City,New Jersey,East,PRD-OFF-1668,Office Supplies,Paper,Paper Executive 995,5,0.0,273.58,-17.7
ORD-102108,2024-09-04,2024-09-05,CU-10247,Joseph Thomas,Corporate,United States,Chicago,Illinois,Central,PRD-TEC-1450,Technology,Phones,Phones Advanced 910,4,0.0,4719.98,860.79
ORD-102109,2025-07-05,2025-07-08,CU-10163,Sarah Miller,Consumer,United States,Pittsburgh,Pennsylvania,East,PRD-TEC-9063,Technology,Accessories,Accessories Executive 601,8,0.3,4374.17,332.62
ORD-102110,2023-04-12,2023-04-18,CU-10003,Patricia Jackson,Corporate,United States,San Diego,California,West,PRD-OFF-3677,Office Supplies,Storage,Storage Basic 950,1,0.0,63.64,-6.87
ORD-102111,2025-06-23,2025-06-25,CU-10232,David Lee,Home Office,United States,Atlanta,Georgia,South,PRD-FUR-2035,Furniture,Chairs,Chairs Elite 967,9,0.0,7394.48,1668.96
ORD-102112,2024-01-31,2024-02-03,CU-10014,Jennifer Anderson,Home Office,United States,Savannah,Georgia,South,PRD-FUR-5475,Furniture,Chairs,Chairs Pro 472,1,0.0,201.95,37.81
ORD-102113,2025-08-30,2025-09-06,CU-10039,Richard Rodriguez,Home Office,United States,Boston,Massachusetts,East,PRD-OFF-2467,Office Supplies,Storage,Storage Advanced 931,8,0.1,791.43,130.88
ORD-102114,2023-12-01,2023-12-08,CU-10130,Mary Garcia,Corporate,United States,Boston,Massachusetts,East,PRD-TEC-5495,Technology,Accessories,Accessories Elite 352,9,0.0,7987.02,-799.51
ORD-102115,2024-11-17,2024-11-23,CU-10208,Linda Miller,Corporate,United States,Memphis,Tennessee,South,PRD-OFF-2549,Office Supplies,Binders,Binders Advanced 232,5,0.0,449.23,60.25
ORD-102116,2025-07-10,2025-07-14,CU-10156,Linda Rodriguez,Corporate,United States,Dallas,Texas,Central,PRD-FUR-9270,Furniture,Tables,Tables Standard 781,4,0.1,1878.66,5.01
ORD-102117,2023-11-29,2023-12-03,CU-10235,Elizabeth Anderson,Home Office,United States,Portland,Oregon,West,PRD-FUR-6910,Furniture,Chairs,Chairs Advanced 751,10,0.4,3586.1,867.55
ORD-102118,2025-10-25,2025-10-29,CU-10089,Susan Miller,Consumer,United States,Atlanta,Georgia,South,PRD-TEC-7568,Technology,Accessories,Accessories Classic 800,1,0.1,84.17,11.59
ORD-102119,2025-05-17,2025-05-19,CU-10270,Joseph Moore,Home Office,United States,Ann Arbor,Michigan,Central,PRD-OFF-6682,Office Supplies,Storage,Storage Standard 793,8,0.3,386.86,95.95
ORD-102120,2023-09-26,2023-10-02,CU-10122,Linda Williams,Corporate,United States,Worcester,Massachusetts,East,PRD-FUR-7396,Furniture,Tables,Tables Classic 354,6,0.15,4474.3,1331.0
ORD-102121,2023-11-20,2023-11-21,CU-10053,Charles Wilson,Consumer,United States,Nashville,Tennessee,South,PRD-OFF-7809,Office Supplies,Binders,Binders Elite 368,3,0.2,121.95,-7.5
ORD-102122,2024-03-09,2024-03-13,CU-10087,Jennifer Rodriguez,Consumer,United States,Atlanta,Georgia,South,PRD-OFF-5759,Office Supplies,Art,Art Pro 390,5,0.15,198.7,-9.6
ORD-102123,2023-10-29,2023-10-30,CU-10039,Richard Rodriguez,Corporate,United States,Worcester,Massachusetts,East,PRD-TEC-9707,Technology,Accessories,Accessories Basic 681,6,0.0,6958.19,1154.28
ORD-102124,2024-09-04,2024-09-06,CU-10153,Charles Moore,Corporate,United States,Atlanta,Georgia,South,PRD-FUR-5723,Furniture,Tables,Tables Elite 225,7,0.15,1678.76,302.7
ORD-102125,2023-12-31,2024-01-05,CU-10256,James Johnson,Corporate,United States,Savannah,Georgia,South,PRD-TEC-1034,Technology,Machines,Machines Advanced 319,10,0.0,5932.53,178.37
ORD-102126,2023-05-06,2023-05-10,CU-10161,Karen Martin,Home Office,United States,Pittsburgh,Pennsylvania,East,PRD-FUR-3810,Furniture,Tables,Tables Basic 591,10,0.2,1606.47,528.42
ORD-102127,2024-06-16,2024-06-19,CU-10100,Robert Johnson,Consumer,United States,New York City,New York,East,PRD-OFF-1777,Office Supplies,Art,Art Basic 344,8,0.0,666.11,2.84
ORD-102128,2023-05-26,2023-05-29,CU-10212,Michael Wilson,Home Office,United States,Worcester,Massachusetts,East,PRD-TEC-6071,Technology,Copiers,Copiers Elite 842,1,0.1,862.79,194.11
ORD-102129,2023-07-29,2023-08-05,CU-10075,Jennifer Jackson,Corporate,United States,Boston,Massachusetts,East,PRD-OFF-6217,Office Supplies,Binders,Binders Executive 179,5,0.0,226.25,67.92
ORD-102130,2023-01-05,2023-01-07,CU-10097,Charles Jackson,Consumer,United States,Boston,Massachusetts,East,PRD-OFF-2848,Office Supplies,Binders,Binders Standard 592,3,0.1,265.43,44.97
ORD-102131,2023-12-20,2023-12-21,CU-10283,David Hernandez,Home Office,United States,Orlando,Florida,South,PRD-TEC-5280,Technology,Accessories,Accessories Standard 480,1,0.4,693.69,71.19
ORD-102132,2023-12-02,2023-12-03,CU-10031,Richard Rodriguez,Corporate,United States,Philadelphia,Pennsylvania,East,PRD-OFF-9736,Office Supplies,Paper,Paper Basic 501,1,0.1,27.56,5.59
ORD-102133,2025-05-16,2025-05-17,CU-10181,Mary Williams,Home Office,United States,Springfield,Illinois,Central,PRD-TEC-9254,Technology,Accessories,Accessories Classic 431,8,0.4,5484.51,1103.28
ORD-102134,2023-12-16,2023-12-21,CU-10117,Linda Miller,Corporate,United States,Pittsburgh,Pennsylvania,East,PRD-OFF-8684,Office Supplies,Labels,Labels Classic 775,10,0.4,615.55,41.41
ORD-102135,2024-09-30,2024-10-06,CU-10051,Sarah Rodriguez,Home Office,United States,Philadelphia,Pennsylvania,East,PRD-OFF-6586,Office Supplies,Labels,Labels Elite 424,1,0.0,98.99,33.42
ORD-102136,2025-06-07,2025-06-13,CU-10013,William Smith,Home Office,United States,Eugene,Oregon,West,PRD-TEC-7435,Technology,Copiers,Copiers Executive 833,1,0.4,340.79,103.46
ORD-102137,2023-02-05,2023-02-09,CU-10167,Barbara Martinez,Consumer,United States,Newark,New Jersey,East,PRD-FUR-9624,Furniture,Bookcases,Bookcases Standard 498,3,0.15,1565.17,481.19
ORD-102138,2023-02-17,2023-02-24,CU-10066,David Brown,Consumer,United States,Cleveland,Ohio,Central,PRD-TEC-8424,Technology,Accessories,Accessories Deluxe 429,7,0.1,7633.08,651.21
ORD-102139,2024-11-08,2024-11-09,CU-10228,Susan Smith,Corporate,United States,Raleigh,North Carolina,South,PRD-FUR-6422,Furniture,Furnishings,Furnishings Basic 673,6,0.0,4009.84,-259.57
ORD-102140,2024-08-17,2024-08-21,CU-10234,Elizabeth Moore,Corporate,United States,Buffalo,New York,East,PRD-FUR-3655,Furniture,Tables,Tables Classic 703,3,0.3,1213.78,16.84
ORD-102141,2024-03-04,2024-03-11,CU-10203,Jennifer Hernandez,Consumer,United States,Charlotte,North Carolina,South,PRD-FUR-2345,Furniture,Tables,Tables Advanced 375,1,0.0,422.01,8.97
ORD-102142,2023-09-21,2023-09-24,CU-10073,Karen Miller,Corporate,United States,Raleigh,North Carolina,South,PRD-FUR-5658,Furniture,Bookcases,Bookcases Elite 824,4,0.1,2247.69,37.88
ORD-102143,2025-05-04,2025-05-05,CU-10159,David Williams,Consumer,United States,Las Vegas,Nevada,West,PRD-OFF-9637,Office Supplies,Binders,Binders Advanced 244,1,0.3,23.31,-2.61
ORD-102144,2025-10-17,2025-10-22,CU-10253,Robert Davis,Home Office,United States,Las Vegas,Nevada,West,PRD-FUR-2080,Furniture,Furnishings,Furnishings Advanced 717,4,0.0,2440.64,502.65
ORD-102145,2025-09-12,2025-09-13,CU-10196,Barbara Miller,Home Office,United States,Newark,New Jersey,East,PRD-TEC-8043,Technology,Machines,Machines Pro 616,6,0.1,5360.32,320.65
ORD-102146,2023-04-22,2023-04-28,CU-10092,Barbara Thomas,Consumer,United States,Newark,New Jersey,East,PRD-OFF-7769,Office Supplies,Labels,Labels Pro 848,3,0.3,26.64,2.47
ORD-102147,2025-10-18,2025-10-22,CU-10237,Elizabeth Jackson,Corporate,United States,Savannah,Georgia,South,PRD-OFF-9261,Office Supplies,Art,Art Basic 465,6,0.15,387.65,116.2
ORD-102148,2023-08-15,2023-08-20,CU-10169,Sarah Martinez,Home Office,United States,Springfield,Illinois,Central,PRD-TEC-1807,Technology,Phones,Phones Elite 151,3,0.1,1368.75,-44.46
ORD-102149,2023-10-05,2023-10-07,CU-10127,Jennifer Anderson,Corporate,United States,Los Angeles,California,West,PRD-TEC-5102,Technology,Phones,Phones Basic 770,9,0.0,821.82,-64.41
ORD-102150,2023-02-05,2023-02-09,CU-10070,Thomas Garcia,Corporate,United States,Orlando,Florida,South,PRD-OFF-2759,Office Supplies,Binders,Binders Advanced 747,2,0.4,46.98,3.22
ORD-102151,2025-05-10,2025-05-13,CU-10287,John Miller,Corporate,United States,Portland,Oregon,West,PRD-TEC-6650,Technology,Copiers,Copiers Deluxe 155,3,0.4,1569.31,485.09
ORD-102152,2023-12-10,2023-12-16,CU-10017,David Brown,Home Office,United States,Spokane,Washington,West,PRD-TEC-5917,Technology,Machines,Machines Classic 573,2,0.0,1657.34,241.76
ORD-102153,2025-01-03,2025-01-04,CU-10196,Barbara Miller,Home Office,United States,Austin,Texas,Central,PRD-TEC-3365,Technology,Accessories,Accessories Advanced 956,7,0.15,2873.04,671.51
ORD-102154,2024-05-02,2024-05-09,CU-10299,Sarah Lee,Consumer,United States,Buffalo,New York,East,PRD-OFF-6987,Office Supplies,Paper,Paper Basic 993,3,0.3,222.74,21.77
ORD-102155,2024-11-07,2024-11-10,CU-10252,Karen Hernandez,Corporate,United States,Buffalo,New York,East,PRD-TEC-3347,Technology,Accessories,Accessories Pro 227,5,0.1,5109.68,315.57
ORD-102156,2024-12-04,2024-12-05,CU-10065,Sarah Rodriguez,Home Office,United States,Buffalo,New York,East,PRD-FUR-5066,Furniture,Furnishings,Furnishings Classic 828,1,0.3,528.05,-67.88
ORD-102157,2023-08-05,2023-08-09,CU-10050,Linda Jackson,Home Office,United States,Portland,Oregon,West,PRD-OFF-5728,Office Supplies,Labels,Labels Standard 921,2,0.0,71.68,6.73
ORD-102158,2024-01-02,2024-01-08,CU-10257,Linda Taylor,Corporate,United States,Spokane,Washington,West,PRD-TEC-8669,Technology,Accessories,Accessories Elite 463,1,0.0,805.55,19.14
ORD-102159,2023-08-13,2023-08-19,CU-10166,Robert Davis,Consumer,United States,Ann Arbor,Michigan,Central,PRD-OFF-1231,Office Supplies,Art,Art Basic 144,10,0.15,955.7,51.29
ORD-102160,2024-11-30,2024-12-05,CU-10189,Robert Jones,Corporate,United States,Austin,Texas,Central,PRD-FUR-2222,Furniture,Chairs,Chairs Deluxe 312,10,0.15,2839.75,860.87
ORD-102161,2025-11-12,2025-11-14,CU-10191,Barbara Martin,Home Office,United States,Nashville,Tennessee,South,PRD-FUR-7354,Furniture,Chairs,Chairs Standard 756,7,0.15,4867.16,627.97
ORD-102162,2025-09-22,2025-09-27,CU-10155,Michael Hernandez,Consumer,United States,Nashville,Tennessee,South,PRD-TEC-4001,Technology,Copiers,Copiers Deluxe 159,6,0.1,2304.79,102.2
ORD-102163,2024-01-05,2024-01-12,CU-10177,Karen Miller,Consumer,United States,Worcester,Massachusetts,East,PRD-FUR-7397,Furniture,Chairs,Chairs Elite 237,8,0.0,2314.66,-219.2
ORD-102164,2024-02-22,2024-02-23,CU-10046,David Miller,Home Office,United States,Savannah,Georgia,South,PRD-TEC-1197,Technology,Phones,Phones Advanced 783,6,0.0,3954.53,-249.58
ORD-102165,2025-04-26,2025-04-28,CU-10178,David Miller,Home Office,United States,Nashville,Tennessee,South,PRD-TEC-1030,Technology,Accessories,Accessories Classic 565,6,0.15,1484.06,371.3
ORD-102166,2024-09-02,2024-09-03,CU-10018,Robert Wilson,Consumer,United States,Spokane,Washington,West,PRD-FUR-6322,Furniture,Tables,Tables Standard 415,9,0.3,1247.38,-57.99
ORD-102167,2023-09-18,2023-09-24,CU-10117,Linda Miller,Consumer,United States,Detroit,Michigan,Central,PRD-TEC-7767,Technology,Machines,Machines Pro 348,9,0.2,9306.53,956.6
ORD-102168,2023-10-12,2023-10-18,CU-10034,Barbara Miller,Home Office,United States,Chicago,Illinois,Central,PRD-FUR-7945,Furniture,Chairs,Chairs Standard 614,2,0.1,803.95,135.69
ORD-102169,2025-02-27,2025-03-03,CU-10117,Linda Miller,Consumer,United States,Raleigh,North Carolina,South,PRD-TEC-4294,Technology,Phones,Phones Deluxe 262,7,0.2,4465.22,-647.08
ORD-102170,2025-10-03,2025-10-08,CU-10025,Elizabeth Lee,Consumer,United States,Portland,Oregon,West,PRD-OFF-3066,Office Supplies,Storage,Storage Deluxe 453,4,0.15,59.09,12.99
ORD-102171,2025-07-06,2025-07-12,CU-10168,Jennifer Thomas,Home Office,United States,Nashville,Tennessee,South,PRD-TEC-2098,Technology,Accessories,Accessories Pro 932,4,0.0,2837.69,221.46
ORD-102172,2023-09-15,2023-09-21,CU-10203,Jennifer Hernandez,Home Office,United States,Springfield,Illinois,Central,PRD-OFF-3772,Office Supplies,Labels,Labels Elite 612,6,0.1,476.12,49.44
ORD-102173,2023-01-09,2023-01-15,CU-10037,Sarah Davis,Home Office,United States,Dallas,Texas,Central,PRD-OFF-8216,Office Supplies,Art,Art Classic 523,5,0.3,116.55,32.47
ORD-102174,2025-04-27,2025-05-04,CU-10177,Karen Miller,Home Office,United States,Seattle,Washington,West,PRD-OFF-5317,Office Supplies,Binders,Binders Advanced 772,5,0.0,349.04,45.85
ORD-102175,2024-08-30,2024-09-01,CU-10131,Richard Smith,Corporate,United States,Ann Arbor,Michigan,Central,PRD-OFF-2481,Office Supplies,Binders,Binders Deluxe 655,9,0.0,400.28,81.46
ORD-102176,2025-01-22,2025-01-27,CU-10177,Karen Miller,Consumer,United States,Nashville,Tennessee,South,PRD-FUR-1502,Furniture,Bookcases,Bookcases Deluxe 492,1,0.0,835.13,140.77
ORD-102177,2025-04-30,2025-05-04,CU-10054,Barbara Davis,Consumer,United States,Springfield,Illinois,Central,PRD-TEC-4517,Technology,Copiers,Copiers Pro 548,3,0.1,3667.82,1148.79
ORD-102178,2023-07-25,2023-07-26,CU-10080,Elizabeth Davis,Corporate,United States,Worcester,Massachusetts,East,PRD-OFF-7149,Office Supplies,Paper,Paper Classic 267,1,0.15,47.63,4.84
ORD-102179,2025-01-10,2025-01-14,CU-10247,Joseph Thomas,Home Office,United States,Boston,Massachusetts,East,PRD-TEC-9013,Technology,Phones,Phones Advanced 515,6,0.1,7019.34,1014.13
ORD-102180,2025-09-06,2025-09-07,CU-10162,Patricia Williams,Consumer,United States,Ann Arbor,Michigan,Central,PRD-TEC-7974,Technology,Machines,Machines Elite 501,5,0.2,5688.38,-83.77
ORD-102181,2025-12-26,2025-12-30,CU-10123,Joseph Jackson,Home Office,United States,Pittsburgh,Pennsylvania,East,PRD-FUR-7874,Furniture,Chairs,Chairs Standard 438,4,0.0,3535.47,216.41
ORD-102182,2023-09-19,2023-09-22,CU-10139,Mary Hernandez,Consumer,United States,Tampa,Florida,South,PRD-TEC-8648,Technology,Accessories,Accessories Pro 413,1,0.2,487.88,75.23
ORD-102183,2023-01-27,2023-01-28,CU-10013,William Smith,Corporate,United States,New York City,New York,East,PRD-FUR-7584,Furniture,Bookcases,Bookcases Basic 501,8,0.4,3984.11,-33.75
ORD-102184,2024-04-20,2024-04-27,CU-10293,Richard Martin,Consumer,United States,Philadelphia,Pennsylvania,East,PRD-FUR-3061,Furniture,Bookcases,Bookcases Executive 609,2,0.0,990.25,24.83
ORD-102185,2024-06-02,2024-06-08,CU-10089,Susan Miller,Consumer,United States,Houston,Texas,Central,PRD-TEC-5631,Technology,Phones,Phones Deluxe 873,6,0.15,361.49,-24.21
ORD-102186,2023-05-10,2023-05-17,CU-10092,Barbara Thomas,Home Office,United States,Detroit,Michigan,Central,PRD-TEC-8048,Technology,Machines,Machines Standard 352,9,0.4,3548.72,158.25
ORD-102187,2023-03-16,2023-03-22,CU-10198,Barbara Jackson,Consumer,United States,Portland,Oregon,West,PRD-OFF-4185,Office Supplies,Binders,Binders Deluxe 677,10,0.4,354.57,-2.35
ORD-102188,2023-02-13,2023-02-18,CU-10051,Sarah Rodriguez,Consumer,United States,Las Vegas,Nevada,West,PRD-TEC-8731,Technology,Machines,Machines Classic 822,1,0.0,401.42,115.9
ORD-102189,2023-09-08,2023-09-11,CU-10158,Elizabeth Thomas,Consumer,United States,Philadelphia,Pennsylvania,East,PRD-FUR-8410,Furniture,Chairs,Chairs Elite 932,8,0.4,2318.17,122.85
ORD-102190,2025-10-07,2025-10-08,CU-10069,James Rodriguez,Consumer,United States,Los Angeles,California,West,PRD-FUR-1211,Furniture,Furnishings,Furnishings Advanced 923,8,0.0,2234.75,-69.02
ORD-102191,2024-03-04,2024-03-08,CU-10006,James Williams,Home Office,United States,Memphis,Tennessee,South,PRD-OFF-8624,Office Supplies,Binders,Binders Standard 372,10,0.2,894.51,201.56
ORD-102192,2023-05-12,2023-05-14,CU-10207,Mary Taylor,Corporate,United States,Ann Arbor,Michigan,Central,PRD-TEC-5922,Technology,Accessories,Accessories Elite 811,5,0.2,4640.0,332.69
ORD-102193,2024-08-31,2024-09-06,CU-10265,Linda Garcia,Home Office,United States,Portland,Oregon,West,PRD-OFF-6155,Office Supplies,Labels,Labels Pro 824,2,0.0,94.02,24.4
ORD-102194,2025-06-05,2025-06-09,CU-10127,Jennifer Anderson,Corporate,United States,Portland,Oregon,West,PRD-OFF-9717,Office Supplies,Art,Art Basic 853,7,0.3,45.39,10.23
ORD-102195,2023-01-19,2023-01-24,CU-10278,William Moore,Home Office,United States,Seattle,Washington,West,PRD-FUR-5902,Furniture,Bookcases,Bookcases Executive 431,1,0.3,140.6,-17.46
ORD-102196,2024-12-05,2024-12-09,CU-10103,Robert Moore,Consumer,United States,Seattle,Washington,West,PRD-OFF-6525,Office Supplies,Labels,Labels Advanced 241,5,0.2,227.95,64.23
ORD-102197,2025-08-21,2025-08-28,CU-10271,Sarah Lee,Home Office,United States,Las Vegas,Nevada,West,PRD-TEC-7185,Technology,Phones,Phones Deluxe 923,3,0.0,3364.59,275.87
ORD-102198,2023-08-14,2023-08-20,CU-10268,Linda Brown,Home Office,United States,Savannah,Georgia,South,PRD-OFF-6644,Office Supplies,Storage,Storage Classic 527,3,0.0,359.19,-16.32
ORD-102199,2024-07-25,2024-07-29,CU-10286,Linda Wilson,Home Office,United States,Savannah,Georgia,South,PRD-FUR-3878,Furniture,Tables,Tables Elite 915,10,0.0,1817.64,428.87
ORD-102200,2024-04-01,2024-04-03,CU-10261,Richard Taylor,Corporate,United States,Boston,Massachusetts,East,PRD-FUR-9680,Furniture,Bookcases,Bookcases Elite 613,6,0.0,1700.33,15.56
ORD-102201,2024-05-04,2024-05-05,CU-10133,Joseph Martinez,Corporate,United States,New York City,New York,East,PRD-OFF-1148,Office Supplies,Paper,Paper Pro 307,3,0.15,139.17,39.74
ORD-102202,2024-09-23,2024-09-27,CU-10296,James Lopez,Consumer,United States,Raleigh,North Carolina,South,PRD-OFF-7845,Office Supplies,Labels,Labels Executive 769,3,0.2,52.78,-6.34
ORD-102203,2023-12-20,2023-12-27,CU-10276,Jessica Thomas,Corporate,United States,Raleigh,North Carolina,South,PRD-TEC-3785,Technology,Machines,Machines Basic 548,7,0.0,8713.66,-388.19
ORD-102204,2025-01-10,2025-01-15,CU-10224,Karen Moore,Corporate,United States,Eugene,Oregon,West,PRD-TEC-2689,Technology,Machines,Machines Executive 314,2,0.15,2185.01,95.53
ORD-102205,2025-08-18,2025-08-20,CU-10201,Jennifer Garcia,Consumer,United States,Los Angeles,California,West,PRD-TEC-2322,Technology,Copiers,Copiers Basic 723,1,0.4,711.11,-6.65
ORD-102206,2023-07-04,2023-07-08,CU-10122,Linda Williams,Consumer,United States,Chicago,Illinois,Central,PRD-FUR-6944,Furniture,Chairs,Chairs Elite 497,7,0.0,1747.47,195.86
ORD-102207,2024-10-13,2024-10-16,CU-10037,Sarah Davis,Home Office,United States,Austin,Texas,Central,PRD-OFF-9379,Office Supplies,Art,Art Executive 255,3,0.0,136.44,22.78
ORD-102208,2024-10-01,2024-10-06,CU-10218,Patricia Rodriguez,Home Office,United States,Buffalo,New York,East,PRD-OFF-6496,Office Supplies,Binders,Binders Pro 287,7,0.0,273.44,19.44
ORD-102209,2024-02-13,2024-02-18,CU-10054,Barbara Davis,Corporate,United States,Savannah,Georgia,South,PRD-FUR-3416,Furniture,Chairs,Chairs Executive 498,8,0.1,3699.62,1014.38
ORD-102210,2023-06-05,2023-06-09,CU-10178,David Miller,Consumer,United States,Jersey City,New Jersey,East,PRD-FUR-1250,Furniture,Tables,Tables Advanced 372,5,0.0,3850.34,658.87
ORD-102211,2025-08-08,2025-08-15,CU-10087,Jennifer Rodriguez,Consumer,United States,Houston,Texas,Central,PRD-TEC-4643,Technology,Phones,Phones Advanced 754,1,0.2,149.37,-4.93
ORD-102212,2024-02-12,2024-02-19,CU-10062,Joseph Moore,Corporate,United States,Orlando,Florida,South,PRD-TEC-3912,Technology,Accessories,Accessories Advanced 361,2,0.0,2612.46,-9.53
ORD-102213,2023-11-17,2023-11-18,CU-10092,Barbara Thomas,Consumer,United States,Philadelphia,Pennsylvania,East,PRD-TEC-8046,Technology,Accessories,Accessories Standard 213,8,0.0,1794.3,105.02
ORD-102214,2023-12-07,2023-12-10,CU-10023,Patricia Wilson,Home Office,United States,Dallas,Texas,Central,PRD-FUR-3765,Furniture,Tables,Tables Basic 867,10,0.0,1038.52,-27.49
ORD-102215,2025-01-18,2025-01-19,CU-10086,Jessica Jackson,Consumer,United States,Raleigh,North Carolina,South,PRD-FUR-7438,Furniture,Tables,Tables Basic 402,1,0.1,625.39,56.86
ORD-102216,2024-12-27,2024-12-30,CU-10107,Charles Martin,Home Office,United States,Springfield,Illinois,Central,PRD-TEC-5027,Technology,Phones,Phones Deluxe 330,1,0.15,1054.54,135.31
ORD-102217,2023-09-20,2023-09-25,CU-10023,Patricia Wilson,Consumer,United States,Dallas,Texas,Central,PRD-OFF-8645,Office Supplies,Labels,Labels Classic 776,2,0.0,16.38,5.01
ORD-102218,2025-09-26,2025-09-28,CU-10053,Charles Wilson,Corporate,United States,Buffalo,New York,East,PRD-OFF-1161,Office Supplies,Storage,Storage Classic 686,4,0.4,202.94,64.91
ORD-102219,2023-03-02,2023-03-04,CU-10131,Richard Smith,Home Office,United States,Ann Arbor,Michigan,Central,PRD-OFF-1080,Office Supplies,Storage,Storage Classic 872,4,0.3,265.4,10.22
ORD-102220,2025-06-25,2025-06-27,CU-10112,Barbara Anderson,Corporate,United States,Nashville,Tennessee,South,PRD-OFF-3520,Office Supplies,Storage,Storage Elite 251,1,0.1,60.72,6.1
ORD-102221,2024-12-29,2025-01-05,CU-10067,Elizabeth Anderson,Consumer,United States,Dallas,Texas,Central,PRD-TEC-8227,Technology,Machines,Machines Advanced 219,7,0.2,6566.14,601.3
ORD-102222,2025-02-03,2025-02-05,CU-10220,William Johnson,Consumer,United States,Charlotte,North Carolina,South,PRD-TEC-2098,Technology,Phones,Phones Executive 301,7,0.15,3016.02,805.62
ORD-102223,2024-05-23,2024-05-26,CU-10124,Patricia Johnson,Consumer,United States,Memphis,Tennessee,South,PRD-TEC-7506,Technology,Machines,Machines Deluxe 111,4,0.2,1820.64,-149.61
ORD-102224,2023-03-27,2023-04-01,CU-10275,Joseph Garcia,Home Office,United States,Chicago,Illinois,Central,PRD-TEC-5990,Technology,Copiers,Copiers Deluxe 397,1,0.4,734.42,196.74
ORD-102225,2025-07-21,2025-07-24,CU-10139,Mary Hernandez,Corporate,United States,Savannah,Georgia,South,PRD-FUR-6511,Furniture,Bookcases,Bookcases Pro 689,7,0.3,2155.99,729.44
ORD-102226,2025-09-08,2025-09-12,CU-10119,Joseph Jones,Home Office,United States,Miami,Florida,South,PRD-FUR-9501,Furniture,Bookcases,Bookcases Pro 451,8,0.0,1798.04,559.65
ORD-102227,2023-02-11,2023-02-14,CU-10056,Jessica Williams,Home Office,United States,Raleigh,North Carolina,South,PRD-TEC-2119,Technology,Accessories,Accessories Deluxe 132,8,0.4,5843.61,1056.98
ORD-102228,2025-05-19,2025-05-24,CU-10051,Sarah Rodriguez,Consumer,United States,Raleigh,North Carolina,South,PRD-FUR-7874,Furniture,Furnishings,Furnishings Deluxe 415,2,0.4,181.09,63.09
ORD-102229,2025-07-09,2025-07-10,CU-10074,John Lopez,Home Office,United States,Raleigh,North Carolina,South,PRD-FUR-3696,Furniture,Chairs,Chairs Standard 961,10,0.2,6112.45,1869.79
ORD-102230,2024-06-12,2024-06-17,CU-10298,Susan Jackson,Home Office,United States,Boston,Massachusetts,East,PRD-TEC-4717,Technology,Accessories,Accessories Elite 836,6,0.2,2569.75,-137.09
ORD-102231,2023-05-07,2023-05-13,CU-10142,Thomas Moore,Consumer,United States,Reno,Nevada,West,PRD-FUR-5185,Furniture,Bookcases,Bookcases Advanced 679,7,0.3,4288.98,967.97
ORD-102232,2024-06-06,2024-06-11,CU-10048,Joseph Jones,Consumer,United States,Columbus,Ohio,Central,PRD-FUR-7927,Furniture,Bookcases,Bookcases Pro 903,8,0.0,2913.22,-362.82
ORD-102233,2024-10-01,2024-10-08,CU-10020,Barbara Lee,Home Office,United States,Nashville,Tennessee,South,PRD-OFF-4377,Office Supplies,Labels,Labels Standard 280,9,0.15,828.6,-60.54
ORD-102234,2024-07-01,2024-07-04,CU-10248,Joseph Miller,Home Office,United States,Portland,Oregon,West,PRD-TEC-7000,Technology,Copiers,Copiers Deluxe 931,7,0.15,3072.99,223.34
ORD-102235,2025-11-07,2025-11-14,CU-10236,David Wilson,Consumer,United States,Las Vegas,Nevada,West,PRD-TEC-9119,Technology,Accessories,Accessories Deluxe 701,3,0.3,272.91,53.65
ORD-102236,2025-07-30,2025-07-31,CU-10285,John Jones,Consumer,United States,Springfield,Illinois,Central,PRD-TEC-1964,Technology,Phones,Phones Classic 396,4,0.0,5785.47,145.2
ORD-102237,2023-04-06,2023-04-09,CU-10061,Richard Lee,Home Office,United States,San Francisco,California,West,PRD-OFF-8679,Office Supplies,Art,Art Classic 460,3,0.0,359.88,104.61
ORD-102238,2023-07-30,2023-08-03,CU-10220,William Johnson,Corporate,United States,Portland,Oregon,West,PRD-OFF-2649,Office Supplies,Paper,Paper Classic 261,10,0.1,993.86,105.21
ORD-102239,2025-09-24,2025-09-30,CU-10208,Linda Miller,Consumer,United States,Nashville,Tennessee,South,PRD-OFF-6219,Office Supplies,Binders,Binders Standard 855,6,0.1,617.42,84.76
ORD-102240,2025-11-11,2025-11-14,CU-10215,Barbara Moore,Corporate,United States,Detroit,Michigan,Central,PRD-OFF-8140,Office Supplies,Binders,Binders Basic 493,8,0.0,511.38,97.69
ORD-102241,2023-02-13,2023-02-17,CU-10055,John Moore,Home Office,United States,Columbus,Ohio,Central,PRD-FUR-3212,Furniture,Furnishings,Furnishings Elite 343,5,0.1,337.88,-34.87
ORD-102242,2023-11-13,2023-11-20,CU-10028,Mary Davis,Corporate,United States,Memphis,Tennessee,South,PRD-OFF-2866,Office Supplies,Storage,Storage Basic 771,1,0.0,89.63,14.66
ORD-102243,2025-04-23,2025-04-28,CU-10142,Thomas Moore,Home Office,United States,Portland,Oregon,West,PRD-FUR-9508,Furniture,Furnishings,Furnishings Elite 577,9,0.1,4987.17,1685.66
ORD-102244,2023-03-07,2023-03-10,CU-10231,Susan Williams,Consumer,United States,Seattle,Washington,West,PRD-OFF-8216,Office Supplies,Art,Art Executive 403,6,0.2,229.5,-20.75
ORD-102245,2023-01-23,2023-01-29,CU-10178,David Miller,Corporate,United States,Detroit,Michigan,Central,PRD-FUR-4128,Furniture,Bookcases,Bookcases Pro 675,7,0.0,3513.04,-304.39
ORD-102246,2024-12-04,2024-12-10,CU-10298,Susan Jackson,Home Office,United States,Savannah,Georgia,South,PRD-OFF-6666,Office Supplies,Labels,Labels Standard 995,7,0.0,381.86,6.63
ORD-102247,2023-05-09,2023-05-12,CU-10044,William Williams,Consumer,United States,Memphis,Tennessee,South,PRD-TEC-4242,Technology,Machines,Machines Classic 998,9,0.0,1323.27,102.12
ORD-102248,2024-07-01,2024-07-08,CU-10128,Jessica Taylor,Consumer,United States,Austin,Texas,Central,PRD-TEC-7171,Technology,Copiers,Copiers Executive 804,3,0.0,1963.41,94.94
ORD-102249,2023-06-07,2023-06-10,CU-10076,Thomas Smith,Consumer,United States,Charlotte,North Carolina,South,PRD-FUR-9651,Furniture,Tables,Tables Basic 999,8,0.0,666.06,-64.2
ORD-102250,2023-08-10,2023-08-12,CU-10298,Susan Jackson,Home Office,United States,Tampa,Florida,South,PRD-TEC-5948,Technology,Accessories,Accessories Pro 892,9,0.4,2235.88,523.26
ORD-102251,2023-09-02,2023-09-09,CU-10069,James Rodriguez,Home Office,United States,Orlando,Florida,South,PRD-FUR-9320,Furniture,Chairs,Chairs Pro 633,1,0.0,325.09,4.83
ORD-102252,2023-03-27,2023-04-01,CU-10061,Richard Lee,Consumer,United States,Houston,Texas,Central,PRD-OFF-4626,Office Supplies,Binders,Binders Advanced 134,9,0.0,161.24,3.15
ORD-102253,2024-11-29,2024-12-05,CU-10265,Linda Garcia,Consumer,United States,Tampa,Florida,South,PRD-FUR-2230,Furniture,Tables,Tables Elite 199,7,0.0,4524.85,1495.01
ORD-102254,2023-11-26,2023-11-29,CU-10220,William Johnson,Consumer,United States,Memphis,Tennessee,South,PRD-TEC-5382,Technology,Phones,Phones Standard 822,6,0.0,3749.89,-465.78
ORD-102255,2025-11-08,2025-11-15,CU-10286,Linda Wilson,Consumer,United States,Columbus,Ohio,Central,PRD-OFF-6799,Office Supplies,Binders,Binders Standard 100,4,0.3,247.13,8.58
ORD-102256,2025-10-11,2025-10-17,CU-10061,Richard Lee,Corporate,United States,Memphis,Tennessee,South,PRD-TEC-9213,Technology,Phones,Phones Deluxe 123,5,0.15,5446.71,-176.69
ORD-102257,2025-03-22,2025-03-25,CU-10051,Sarah Rodriguez,Consumer,United States,Raleigh,North Carolina,South,PRD-TEC-1376,Technology,Copiers,Copiers Standard 996,10,0.0,13371.47,3657.23
ORD-102258,2025-08-24,2025-08-26,CU-10138,Charles Jackson,Consumer,United States,Memphis,Tennessee,South,PRD-FUR-9914,Furniture,Furnishings,Furnishings Elite 322,10,0.4,2156.78,-52.52
ORD-102259,2025-03-23,2025-03-24,CU-10258,Karen Williams,Home Office,United States,Philadelphia,Pennsylvania,East,PRD-FUR-8763,Furniture,Bookcases,Bookcases Pro 630,4,0.0,1454.58,272.97
ORD-102260,2025-11-20,2025-11-25,CU-10180,Jessica Rodriguez,Corporate,United States,Newark,New Jersey,East,PRD-TEC-8511,Technology,Copiers,Copiers Advanced 490,10,0.3,9640.98,2459.58
ORD-102261,2025-06-11,2025-06-17,CU-10083,Robert Taylor,Home Office,United States,Spokane,Washington,West,PRD-FUR-8705,Furniture,Chairs,Chairs Standard 581,6,0.2,1181.24,392.91
ORD-102262,2023-03-09,2023-03-11,CU-10068,Jennifer Thomas,Corporate,United States,Buffalo,New York,East,PRD-FUR-5690,Furniture,Chairs,Chairs Executive 233,10,0.3,2112.39,380.8
ORD-102263,2024-07-01,2024-07-05,CU-10114,Mary Brown,Consumer,United States,Springfield,Illinois,Central,PRD-TEC-8064,Technology,Accessories,Accessories Deluxe 736,2,0.0,2854.36,752.1
ORD-102264,2025-05-24,2025-05-28,CU-10293,Richard Martin,Home Office,United States,Worcester,Massachusetts,East,PRD-OFF-4775,Office Supplies,Storage,Storage Classic 593,3,0.0,260.79,-0.62
ORD-102265,2025-11-09,2025-11-12,CU-10126,Robert Davis,Consumer,United States,Savannah,Georgia,South,PRD-FUR-5628,Furniture,Furnishings,Furnishings Classic 828,8,0.1,5169.39,1464.18
ORD-102266,2023-10-19,2023-10-21,CU-10166,Robert Davis,Consumer,United States,Seattle,Washington,West,PRD-OFF-6555,Office Supplies,Paper,Paper Advanced 882,8,0.15,636.11,19.76
ORD-102267,2023-04-09,2023-04-11,CU-10054,Barbara Davis,Consumer,United States,Chicago,Illinois,Central,PRD-OFF-9752,Office Supplies,Labels,Labels Basic 542,1,0.3,33.97,6.99
ORD-102268,2025-09-28,2025-10-03,CU-10258,Karen Williams,Home Office,United States,Chicago,Illinois,Central,PRD-TEC-8779,Technology,Accessories,Accessories Classic 439,10,0.15,8601.24,632.51
ORD-102269,2023-04-25,2023-04-29,CU-10295,Richard Taylor,Consumer,United States,Spokane,Washington,West,PRD-FUR-5748,Furniture,Chairs,Chairs Standard 424,5,0.4,1188.62,173.57
ORD-102270,2025-04-22,2025-04-28,CU-10227,William Johnson,Home Office,United States,Tampa,Florida,South,PRD-TEC-5760,Technology,Copiers,Copiers Deluxe 834,7,0.2,2105.58,335.21
ORD-102271,2024-11-02,2024-11-09,CU-10299,Sarah Lee,Home Office,United States,Los Angeles,California,West,PRD-TEC-8546,Technology,Accessories,Accessories Classic 277,4,0.0,3856.11,614.61
ORD-102272,2024-03-13,2024-03-17,CU-10249,Thomas Taylor,Home Office,United States,Savannah,Georgia,South,PRD-FUR-3518,Furniture,Furnishings,Furnishings Advanced 399,10,0.0,8521.07,1738.3
ORD-102273,2023-10-04,2023-10-05,CU-10022,Joseph Jackson,Consumer,United States,New York City,New York,East,PRD-TEC-9002,Technology,Accessories,Accessories Standard 616,7,0.2,3488.31,-373.59
ORD-102274,2024-10-24,2024-10-29,CU-10174,Patricia Brown,Home Office,United States,Philadelphia,Pennsylvania,East,PRD-TEC-8925,Technology,Copiers,Copiers Classic 200,1,0.2,867.28,93.17
ORD-102275,2024-01-11,2024-01-14,CU-10080,Elizabeth Davis,Home Office,United States,Reno,Nevada,West,PRD-TEC-6657,Technology,Copiers,Copiers Executive 457,3,0.0,1012.93,329.13
ORD-102276,2023-08-24,2023-08-28,CU-10063,William Jackson,Consumer,United States,Savannah,Georgia,South,PRD-FUR-9154,Furniture,Tables,Tables Basic 310,4,0.4,788.2,149.7
ORD-102277,2025-06-28,2025-06-30,CU-10128,Jessica Taylor,Home Office,United States,Reno,Nevada,West,PRD-OFF-8705,Office Supplies,Storage,Storage Pro 311,2,0.0,173.04,-3.74
ORD-102278,2025-09-04,2025-09-05,CU-10093,Thomas Thomas,Home Office,United States,Boston,Massachusetts,East,PRD-TEC-9151,Technology,Phones,Phones Classic 962,5,0.3,3768.01,573.2
ORD-102279,2024-07-13,2024-07-17,CU-10077,Karen Hernandez,Consumer,United States,Boston,Massachusetts,East,PRD-OFF-6705,Office Supplies,Paper,Paper Advanced 499,7,0.0,686.78,-28.15
ORD-102280,2024-02-08,2024-02-12,CU-10293,Richard Martin,Corporate,United States,Springfield,Illinois,Central,PRD-TEC-9179,Technology,Copiers,Copiers Executive 601,4,0.0,5823.59,1299.0
ORD-102281,2023-12-27,2024-01-01,CU-10114,Mary Brown,Corporate,United States,Ann Arbor,Michigan,Central,PRD-TEC-4875,Technology,Copiers,Copiers Elite 287,7,0.1,6152.37,1095.92
ORD-102282,2023-08-08,2023-08-15,CU-10293,Richard Martin,Corporate,United States,Savannah,Georgia,South,PRD-OFF-7568,Office Supplies,Storage,Storage Basic 328,10,0.2,75.19,3.51
ORD-102283,2024-03-21,2024-03-22,CU-10031,Richard Rodriguez,Consumer,United States,Savannah,Georgia,South,PRD-TEC-9215,Technology,Phones,Phones Pro 467,2,0.0,1580.21,451.23
ORD-102284,2023-08-10,2023-08-11,CU-10104,Linda Rodriguez,Home Office,United States,Springfield,Illinois,Central,PRD-TEC-9914,Technology,Machines,Machines Executive 473,3,0.2,687.9,96.56
ORD-102285,2025-03-14,2025-03-18,CU-10235,Elizabeth Anderson,Corporate,United States,Orlando,Florida,South,PRD-OFF-2574,Office Supplies,Labels,Labels Pro 585,2,0.3,118.64,18.33
ORD-102286,2024-10-28,2024-10-31,CU-10281,Robert Martinez,Consumer,United States,Las Vegas,Nevada,West,PRD-TEC-5289,Technology,Machines,Machines Deluxe 322,2,0.1,1419.31,121.33
ORD-102287,2025-05-11,2025-05-12,CU-10080,Elizabeth Davis,Home Office,United States,Jersey City,New Jersey,East,PRD-TEC-3830,Technology,Accessories,Accessories Elite 468,8,0.0,9005.46,1018.97
ORD-102288,2025-02-05,2025-02-06,CU-10180,Jessica Rodriguez,Corporate,United States,Orlando,Florida,South,PRD-TEC-6294,Technology,Accessories,Accessories Advanced 671,10,0.0,5844.72,1142.07
ORD-102289,2025-10-01,2025-10-07,CU-10013,William Smith,Home Office,United States,Atlanta,Georgia,South,PRD-FUR-9156,Furniture,Tables,Tables Standard 722,4,0.4,1746.65,198.38
ORD-102290,2023-08-01,2023-08-04,CU-10099,Linda Smith,Corporate,United States,Ann Arbor,Michigan,Central,PRD-FUR-3472,Furniture,Furnishings,Furnishings Basic 970,8,0.0,2209.36,171.06
ORD-102291,2025-11-30,2025-12-02,CU-10052,Charles Anderson,Home Office,United States,Buffalo,New York,East,PRD-TEC-6544,Technology,Phones,Phones Pro 652,8,0.2,7918.69,1782.37
ORD-102292,2023-08-16,2023-08-22,CU-10006,James Williams,Consumer,United States,Houston,Texas,Central,PRD-TEC-8316,Technology,Copiers,Copiers Classic 708,8,0.0,6194.76,892.89
ORD-102293,2025-12-24,2025-12-31,CU-10280,William Thomas,Corporate,United States,Nashville,Tennessee,South,PRD-TEC-7691,Technology,Accessories,Accessories Executive 881,6,0.4,1747.82,124.69
ORD-102294,2024-04-13,2024-04-15,CU-10245,Susan Martin,Consumer,United States,Spokane,Washington,West,PRD-TEC-6131,Technology,Phones,Phones Elite 453,1,0.4,209.86,-5.78
ORD-102295,2023-04-13,2023-04-16,CU-10084,Robert Jackson,Corporate,United States,Philadelphia,Pennsylvania,East,PRD-TEC-2245,Technology,Phones,Phones Basic 584,3,0.3,1561.12,-106.28
ORD-102296,2024-07-06,2024-07-09,CU-10249,Thomas Taylor,Corporate,United States,Savannah,Georgia,South,PRD-FUR-6977,Furniture,Bookcases,Bookcases Elite 721,9,0.1,1046.23,46.49
ORD-102297,2024-02-24,2024-02-29,CU-10225,Patricia Wilson,Home Office,United States,Ann Arbor,Michigan,Central,PRD-TEC-5324,Technology,Accessories,Accessories Advanced 563,2,0.15,1593.76,525.3
ORD-102298,2025-03-10,2025-03-11,CU-10222,Susan Lopez,Corporate,United States,Portland,Oregon,West,PRD-OFF-5491,Office Supplies,Storage,Storage Classic 588,8,0.0,443.5,-17.24
ORD-102299,2025-11-21,2025-11-25,CU-10227,William Johnson,Home Office,United States,Detroit,Michigan,Central,PRD-FUR-4070,Furniture,Furnishings,Furnishings Advanced 482,8,0.1,3986.88,-345.2
ORD-102300,2023-03-24,2023-03-30,CU-10014,Jennifer Anderson,Corporate,United States,Philadelphia,Pennsylvania,East,PRD-OFF-2100,Office Supplies,Storage,Storage Elite 548,4,0.2,218.59,46.93
ORD-102301,2024-04-03,2024-04-06,CU-10155,Michael Hernandez,Consumer,United States,Eugene,Oregon,West,PRD-TEC-7658,Technology,Copiers,Copiers Elite 237,4,0.0,5323.41,1263.72
ORD-102302,2024-11-19,2024-11-21,CU-10103,Robert Moore,Home Office,United States,Springfield,Illinois,Central,PRD-OFF-1001,Office Supplies,Storage,Storage Pro 684,7,0.0,160.93,23.69
ORD-102303,2025-12-11,2025-12-15,CU-10286,Linda Wilson,Home Office,United States,Raleigh,North Carolina,South,PRD-TEC-9445,Technology,Machines,Machines Classic 294,8,0.4,569.92,44.36
ORD-102304,2024-05-21,2024-05-28,CU-10223,David Anderson,Home Office,United States,Nashville,Tennessee,South,PRD-OFF-5789,Office Supplies,Labels,Labels Classic 615,6,0.0,703.5,135.82
ORD-102305,2024-07-22,2024-07-25,CU-10023,Patricia Wilson,Consumer,United States,Savannah,Georgia,South,PRD-TEC-3420,Technology,Phones,Phones Elite 117,8,0.0,8400.94,440.05
ORD-102306,2025-07-07,2025-07-12,CU-10081,Mary Davis,Consumer,United States,Cleveland,Ohio,Central,PRD-FUR-4330,Furniture,Bookcases,Bookcases Basic 786,2,0.4,812.59,57.73
ORD-102307,2025-06-24,2025-06-26,CU-10142,Thomas Moore,Home Office,United States,Austin,Texas,Central,PRD-TEC-1036,Technology,Copiers,Copiers Pro 618,9,0.1,8765.56,1712.28
ORD-102308,2025-01-16,2025-01-18,CU-10200,John Davis,Corporate,United States,Detroit,Michigan,Central,PRD-TEC-7696,Technology,Machines,Machines Advanced 134,8,0.1,4005.66,1105.67
ORD-102309,2025-04-30,2025-05-04,CU-10093,Thomas Thomas,Corporate,United States,Newark,New Jersey,East,PRD-OFF-3549,Office Supplies,Labels,Labels Deluxe 666,8,0.2,641.37,-24.25
ORD-102310,2023-08-17,2023-08-20,CU-10293,Richard Martin,Consumer,United States,Portland,Oregon,West,PRD-OFF-9670,Office Supplies,Binders,Binders Classic 347,1,0.0,54.0,14.28
ORD-102311,2025-01-31,2025-02-05,CU-10110,Michael Brown,Home Office,United States,Worcester,Massachusetts,East,PRD-TEC-7779,Technology,Machines,Machines Executive 897,9,0.3,1793.8,112.62
ORD-102312,2023-04-05,2023-04-09,CU-10243,James Martinez,Home Office,United States,Raleigh,North Carolina,South,PRD-OFF-3143,Office Supplies,Art,Art Deluxe 852,6,0.4,353.71,32.08
ORD-102313,2024-12-25,2024-12-26,CU-10150,Karen Johnson,Home Office,United States,Jersey City,New Jersey,East,PRD-TEC-8936,Technology,Phones,Phones Pro 743,9,0.0,7348.21,-326.15
ORD-102314,2025-10-28,2025-10-31,CU-10184,David Jones,Home Office,United States,Atlanta,Georgia,South,PRD-FUR-5963,Furniture,Tables,Tables Basic 216,1,0.4,434.42,94.52
ORD-102315,2024-05-16,2024-05-17,CU-10207,Mary Taylor,Home Office,United States,Tampa,Florida,South,PRD-FUR-5661,Furniture,Furnishings,Furnishings Elite 188,6,0.0,3539.58,-122.19
ORD-102316,2023-02-04,2023-02-10,CU-10141,Charles Taylor,Consumer,United States,Charlotte,North Carolina,South,PRD-FUR-1378,Furniture,Bookcases,Bookcases Advanced 665,5,0.0,394.15,64.28
ORD-102317,2025-04-11,2025-04-18,CU-10292,Michael Anderson,Home Office,United States,Worcester,Massachusetts,East,PRD-OFF-4690,Office Supplies,Labels,Labels Deluxe 440,7,0.0,629.98,195.39
ORD-102318,2025-03-17,2025-03-19,CU-10287,John Miller,Corporate,United States,Reno,Nevada,West,PRD-FUR-4619,Furniture,Tables,Tables Basic 471,6,0.0,4233.2,474.07
ORD-102319,2024-04-27,2024-04-30,CU-10033,Jennifer Lopez,Corporate,United States,Springfield,Illinois,Central,PRD-TEC-4468,Technology,Copiers,Copiers Executive 819,4,0.0,435.63,-8.75
ORD-102320,2023-02-07,2023-02-10,CU-10281,Robert Martinez,Corporate,United States,Nashville,Tennessee,South,PRD-FUR-9156,Furniture,Bookcases,Bookcases Pro 803,10,0.4,2220.05,-99.06
ORD-102321,2023-01-29,2023-02-03,CU-10256,James Johnson,Home Office,United States,Worcester,Massachusetts,East,PRD-TEC-2571,Technology,Phones,Phones Deluxe 118,4,0.0,2402.42,455.7
ORD-102322,2025-01-17,2025-01-18,CU-10051,Sarah Rodriguez,Corporate,United States,Raleigh,North Carolina,South,PRD-OFF-8231,Office Supplies,Art,Art Standard 478,8,0.3,127.68,-12.26
ORD-102323,2025-04-04,2025-04-09,CU-10256,James Johnson,Consumer,United States,Nashville,Tennessee,South,PRD-TEC-9283,Technology,Accessories,Accessories Classic 910,10,0.0,5775.97,955.55
ORD-102324,2025-07-13,2025-07-14,CU-10238,John Miller,Corporate,United States,Seattle,Washington,West,PRD-OFF-5136,Office Supplies,Binders,Binders Executive 137,5,0.15,479.61,128.12
ORD-102325,2025-07-06,2025-07-07,CU-10213,David Rodriguez,Corporate,United States,Dallas,Texas,Central,PRD-FUR-7784,Furniture,Bookcases,Bookcases Standard 540,5,0.0,1456.7,218.21
ORD-102326,2024-08-08,2024-08-14,CU-10188,James Brown,Home Office,United States,Austin,Texas,Central,PRD-TEC-4102,Technology,Phones,Phones Deluxe 847,8,0.3,4388.57,-361.98
ORD-102327,2024-01-29,2024-02-02,CU-10126,Robert Davis,Corporate,United States,Charlotte,North Carolina,South,PRD-FUR-5427,Furniture,Furnishings,Furnishings Executive 102,8,0.15,1966.02,535.6
ORD-102328,2023-01-07,2023-01-14,CU-10087,Jennifer Rodriguez,Corporate,United States,Miami,Florida,South,PRD-FUR-2446,Furniture,Bookcases,Bookcases Standard 433,6,0.3,1429.11,300.02
ORD-102329,2024-03-01,2024-03-06,CU-10130,Mary Garcia,Consumer,United States,Pittsburgh,Pennsylvania,East,PRD-FUR-9866,Furniture,Bookcases,Bookcases Basic 235,6,0.2,3392.75,172.97
ORD-102330,2025-10-27,2025-11-02,CU-10031,Richard Rodriguez,Corporate,United States,Chicago,Illinois,Central,PRD-FUR-4471,Furniture,Furnishings,Furnishings Elite 254,7,0.0,1469.48,261.99
ORD-102331,2025-09-27,2025-10-02,CU-10053,Charles Wilson,Corporate,United States,Spokane,Washington,West,PRD-FUR-8117,Furniture,Furnishings,Furnishings Deluxe 349,3,0.3,1672.95,116.24
ORD-102332,2024-11-18,2024-11-23,CU-10260,Charles Miller,Home Office,United States,Pittsburgh,Pennsylvania,East,PRD-OFF-4297,Office Supplies,Art,Art Basic 697,3,0.1,103.4,25.2
ORD-102333,2025-05-04,2025-05-08,CU-10177,Karen Miller,Corporate,United States,Savannah,Georgia,South,PRD-TEC-1520,Technology,Accessories,Accessories Pro 803,6,0.1,7297.93,1690.41
ORD-102334,2024-01-27,2024-01-28,CU-10203,Jennifer Hernandez,Corporate,United States,Newark,New Jersey,East,PRD-OFF-2668,Office Supplies,Labels,Labels Pro 449,4,0.1,396.87,-21.94
ORD-102335,2024-10-15,2024-10-22,CU-10049,William Jones,Corporate,United States,Buffalo,New York,East,PRD-OFF-6986,Office Supplies,Labels,Labels Pro 261,4,0.1,240.63,24.15
ORD-102336,2024-02-02,2024-02-03,CU-10056,Jessica Williams,Home Office,United States,Columbus,Ohio,Central,PRD-OFF-7186,Office Supplies,Labels,Labels Elite 468,8,0.0,784.39,-109.23
ORD-102337,2025-05-23,2025-05-24,CU-10256,James Johnson,Home Office,United States,Atlanta,Georgia,South,PRD-OFF-6094,Office Supplies,Storage,Storage Pro 396,7,0.0,148.62,37.88
ORD-102338,2025-10-09,2025-10-14,CU-10067,Elizabeth Anderson,Home Office,United States,Portland,Oregon,West,PRD-TEC-1988,Technology,Machines,Machines Executive 756,2,0.3,754.82,-65.91
ORD-102339,2025-12-20,2025-12-23,CU-10016,John Miller,Home Office,United States,Pittsburgh,Pennsylvania,East,PRD-TEC-4013,Technology,Copiers,Copiers Pro 504,3,0.4,257.81,44.16
ORD-102340,2025-05-15,2025-05-20,CU-10202,Susan Smith,Home Office,United States,Charlotte,North Carolina,South,PRD-FUR-8250,Furniture,Furnishings,Furnishings Elite 881,7,0.0,3665.06,-16.66
ORD-102341,2024-04-07,2024-04-11,CU-10100,Robert Johnson,Corporate,United States,Boston,Massachusetts,East,PRD-FUR-7408,Furniture,Chairs,Chairs Deluxe 733,1,0.0,562.36,11.61
ORD-102342,2023-12-29,2024-01-02,CU-10020,Barbara Lee,Consumer,United States,Tampa,Florida,South,PRD-TEC-3756,Technology,Accessories,Accessories Classic 392,9,0.0,6307.94,-747.14
ORD-102343,2025-08-03,2025-08-05,CU-10272,David Thomas,Consumer,United States,Philadelphia,Pennsylvania,East,PRD-TEC-2837,Technology,Machines,Machines Standard 238,10,0.2,11583.22,-255.28
ORD-102344,2024-08-30,2024-09-04,CU-10127,Jennifer Anderson,Corporate,United States,Ann Arbor,Michigan,Central,PRD-FUR-3845,Furniture,Chairs,Chairs Executive 906,5,0.0,1784.28,156.62
ORD-102345,2024-07-06,2024-07-13,CU-10219,Jennifer Martin,Home Office,United States,Reno,Nevada,West,PRD-TEC-6508,Technology,Machines,Machines Classic 962,6,0.0,3479.89,-34.55
ORD-102346,2024-05-14,2024-05-19,CU-10252,Karen Hernandez,Home Office,United States,Houston,Texas,Central,PRD-OFF-2274,Office Supplies,Art,Art Pro 731,10,0.0,266.53,-27.32
ORD-102347,2024-04-09,2024-04-16,CU-10185,William Garcia,Consumer,United States,Philadelphia,Pennsylvania,East,PRD-FUR-1507,Furniture,Chairs,Chairs Advanced 789,7,0.0,3805.08,23.56
ORD-102348,2023-07-05,2023-07-10,CU-10102,Mary Hernandez,Consumer,United States,Portland,Oregon,West,PRD-OFF-3137,Office Supplies,Paper,Paper Standard 928,7,0.3,344.03,76.24
ORD-102349,2025-03-02,2025-03-06,CU-10116,David Brown,Consumer,United States,San Francisco,California,West,PRD-OFF-5834,Office Supplies,Binders,Binders Standard 294,2,0.0,119.33,18.02
ORD-102350,2024-10-10,2024-10-14,CU-10128,Jessica Taylor,Home Office,United States,Philadelphia,Pennsylvania,East,PRD-TEC-8224,Technology,Accessories,Accessories Pro 667,2,0.2,93.18,5.27
ORD-102351,2024-04-21,2024-04-27,CU-10183,Mary Smith,Corporate,United States,Las Vegas,Nevada,West,PRD-TEC-4042,Technology,Accessories,Accessories Elite 583,7,0.0,1460.69,-109.5
ORD-102352,2025-12-15,2025-12-22,CU-10192,Sarah Jones,Corporate,United States,Miami,Florida,South,PRD-OFF-5711,Office Supplies,Storage,Storage Executive 122,3,0.4,43.7,3.07
ORD-102353,2023-06-16,2023-06-22,CU-10154,David Rodriguez,Consumer,United States,Pittsburgh,Pennsylvania,East,PRD-OFF-6699,Office Supplies,Storage,Storage Deluxe 254,3,0.4,187.79,37.0
ORD-102354,2023-12-01,2023-12-05,CU-10062,Joseph Moore,Corporate,United States,Detroit,Michigan,Central,PRD-TEC-5310,Technology,Machines,Machines Elite 588,2,0.15,315.76,-21.71
ORD-102355,2023-08-26,2023-08-28,CU-10149,Linda Martin,Corporate,United States,Cleveland,Ohio,Central,PRD-OFF-1008,Office Supplies,Paper,Paper Elite 788,4,0.15,377.93,-39.23
ORD-102356,2025-04-19,2025-04-23,CU-10164,Thomas Rodriguez,Home Office,United States,Columbus,Ohio,Central,PRD-OFF-7607,Office Supplies,Art,Art Pro 296,5,0.0,95.29,30.17
ORD-102357,2023-07-02,2023-07-06,CU-10014,Jennifer Anderson,Home Office,United States,Miami,Florida,South,PRD-FUR-1485,Furniture,Chairs,Chairs Elite 788,3,0.0,1302.43,100.99
ORD-102358,2024-05-15,2024-05-18,CU-10240,Jennifer Lee,Corporate,United States,Raleigh,North Carolina,South,PRD-FUR-3127,Furniture,Chairs,Chairs Elite 683,2,0.2,985.36,-4.55
ORD-102359,2025-03-27,2025-04-02,CU-10029,Elizabeth Williams,Consumer,United States,Savannah,Georgia,South,PRD-FUR-5152,Furniture,Furnishings,Furnishings Basic 310,5,0.0,3489.78,935.64
ORD-102360,2025-08-26,2025-08-29,CU-10149,Linda Martin,Corporate,United States,Nashville,Tennessee,South,PRD-TEC-2298,Technology,Machines,Machines Standard 334,1,0.0,1329.35,294.01
ORD-102361,2025-05-15,2025-05-20,CU-10133,Joseph Martinez,Home Office,United States,Miami,Florida,South,PRD-TEC-3406,Technology,Accessories,Accessories Elite 742,6,0.3,5808.84,264.04
ORD-102362,2023-05-13,2023-05-20,CU-10253,Robert Davis,Corporate,United States,Ann Arbor,Michigan,Central,PRD-FUR-5718,Furniture,Tables,Tables Elite 543,5,0.2,2173.66,375.58
ORD-102363,2023-07-31,2023-08-01,CU-10109,Jessica Anderson,Home Office,United States,Miami,Florida,South,PRD-TEC-1745,Technology,Accessories,Accessories Executive 860,4,0.4,161.35,19.63
ORD-102364,2025-09-17,2025-09-22,CU-10219,Jennifer Martin,Consumer,United States,Ann Arbor,Michigan,Central,PRD-FUR-9002,Furniture,Tables,Tables Pro 380,2,0.15,1090.0,184.61
ORD-102365,2024-09-19,2024-09-26,CU-10255,Michael Jones,Home Office,United States,Spokane,Washington,West,PRD-FUR-6902,Furniture,Bookcases,Bookcases Classic 354,7,0.3,3406.47,343.99
ORD-102366,2023-11-16,2023-11-23,CU-10185,William Garcia,Home Office,United States,San Diego,California,West,PRD-OFF-7518,Office Supplies,Storage,Storage Pro 360,1,0.0,29.64,3.24
ORD-102367,2025-07-05,2025-07-08,CU-10009,James Jackson,Corporate,United States,Chicago,Illinois,Central,PRD-TEC-3511,Technology,Accessories,Accessories Pro 713,6,0.15,3968.7,291.53
ORD-102368,2025-03-10,2025-03-14,CU-10258,Karen Williams,Home Office,United States,Boston,Massachusetts,East,PRD-TEC-7246,Technology,Machines,Machines Basic 178,7,0.15,5446.63,-721.04
ORD-102369,2023-12-30,2024-01-05,CU-10249,Thomas Taylor,Home Office,United States,Buffalo,New York,East,PRD-FUR-3624,Furniture,Chairs,Chairs Elite 253,2,0.0,882.59,211.16
ORD-102370,2024-03-05,2024-03-07,CU-10041,David Johnson,Corporate,United States,Eugene,Oregon,West,PRD-OFF-3864,Office Supplies,Paper,Paper Advanced 102,4,0.3,124.78,-11.03
ORD-102371,2025-08-01,2025-08-07,CU-10059,Susan Lee,Corporate,United States,Houston,Texas,Central,PRD-FUR-3947,Furniture,Furnishings,Furnishings Classic 293,3,0.4,398.37,112.12
ORD-102372,2023-07-27,2023-08-02,CU-10158,Elizabeth Thomas,Corporate,United States,San Diego,California,West,PRD-FUR-5710,Furniture,Chairs,Chairs Classic 708,4,0.4,1948.62,-228.47
ORD-102373,2023-10-21,2023-10-24,CU-10025,Elizabeth Lee,Consumer,United States,Springfield,Illinois,Central,PRD-TEC-3984,Technology,Phones,Phones Advanced 467,9,0.1,11771.34,561.38
ORD-102374,2025-09-27,2025-09-29,CU-10235,Elizabeth Anderson,Consumer,United States,Detroit,Michigan,Central,PRD-TEC-2206,Technology,Phones,Phones Executive 797,2,0.0,794.12,-78.63
ORD-102375,2024-05-05,2024-05-11,CU-10106,Sarah Jones,Corporate,United States,New York City,New York,East,PRD-OFF-5724,Office Supplies,Paper,Paper Advanced 883,1,0.15,29.68,9.72
ORD-102376,2023-08-01,2023-08-03,CU-10108,Jessica Davis,Consumer,United States,Seattle,Washington,West,PRD-FUR-5987,Furniture,Chairs,Chairs Classic 904,4,0.4,1188.39,-143.06
ORD-102377,2024-02-29,2024-03-05,CU-10053,Charles Wilson,Home Office,United States,Las Vegas,Nevada,West,PRD-OFF-4044,Office Supplies,Labels,Labels Classic 631,4,0.0,97.95,6.09
ORD-102378,2023-10-15,2023-10-19,CU-10027,Michael Williams,Consumer,United States,Jersey City,New Jersey,East,PRD-OFF-4233,Office Supplies,Binders,Binders Deluxe 176,8,0.1,285.72,34.33
ORD-102379,2025-06-28,2025-07-04,CU-10142,Thomas Moore,Consumer,United States,Atlanta,Georgia,South,PRD-FUR-1510,Furniture,Tables,Tables Classic 162,5,0.2,2154.53,14.18
ORD-102380,2025-06-19,2025-06-26,CU-10249,Thomas Taylor,Consumer,United States,Buffalo,New York,East,PRD-OFF-1449,Office Supplies,Storage,Storage Standard 974,4,0.0,273.81,65.58
ORD-102381,2024-01-02,2024-01-07,CU-10118,Michael Jackson,Home Office,United States,Houston,Texas,Central,PRD-TEC-4591,Technology,Accessories,Accessories Classic 592,10,0.4,8665.3,1890.43
ORD-102382,2025-08-09,2025-08-10,CU-10190,Sarah Johnson,Corporate,United States,Charlotte,North Carolina,South,PRD-FUR-7579,Furniture,Tables,Tables Pro 556,1,0.0,374.13,64.47
ORD-102383,2024-03-12,2024-03-19,CU-10119,Joseph Jones,Home Office,United States,New York City,New York,East,PRD-OFF-2869,Office Supplies,Binders,Binders Elite 704,6,0.4,109.17,-5.15
ORD-102384,2024-01-25,2024-01-28,CU-10029,Elizabeth Williams,Home Office,United States,Reno,Nevada,West,PRD-FUR-9822,Furniture,Furnishings,Furnishings Pro 892,4,0.3,1295.84,-131.19
ORD-102385,2023-10-08,2023-10-09,CU-10007,Michael Davis,Consumer,United States,Columbus,Ohio,Central,PRD-OFF-5423,Office Supplies,Paper,Paper Elite 500,3,0.0,169.82,-0.12
ORD-102386,2025-09-06,2025-09-08,CU-10075,Jennifer Jackson,Corporate,United States,Columbus,Ohio,Central,PRD-OFF-8377,Office Supplies,Paper,Paper Pro 443,4,0.0,440.99,-37.62
ORD-102387,2023-11-22,2023-11-28,CU-10017,David Brown,Consumer,United States,Detroit,Michigan,Central,PRD-OFF-5309,Office Supplies,Storage,Storage Pro 650,2,0.3,128.32,15.37
ORD-102388,2024-07-22,2024-07-25,CU-10222,Susan Lopez,Home Office,United States,Detroit,Michigan,Central,PRD-OFF-7060,Office Supplies,Storage,Storage Basic 289,1,0.2,27.95,8.44
ORD-102389,2024-10-29,2024-11-02,CU-10247,Joseph Thomas,Consumer,United States,Austin,Texas,Central,PRD-FUR-1393,Furniture,Chairs,Chairs Executive 761,8,0.1,5249.22,-694.38
ORD-102390,2023-05-27,2023-05-29,CU-10131,Richard Smith,Corporate,United States,Philadelphia,Pennsylvania,East,PRD-TEC-6887,Technology,Phones,Phones Executive 745,8,0.15,2852.75,932.04
ORD-102391,2024-09-25,2024-09-30,CU-10131,Richard Smith,Consumer,United States,New York City,New York,East,PRD-OFF-4457,Office Supplies,Binders,Binders Pro 399,7,0.3,226.68,25.89
ORD-102392,2024-08-28,2024-09-03,CU-10274,Susan Jackson,Corporate,United States,Charlotte,North Carolina,South,PRD-OFF-7914,Office Supplies,Binders,Binders Basic 664,10,0.0,1038.63,8.44
ORD-102393,2023-05-04,2023-05-05,CU-10098,Linda Martin,Home Office,United States,Worcester,Massachusetts,East,PRD-FUR-2925,Furniture,Chairs,Chairs Elite 274,2,0.2,1157.96,-139.03
ORD-102394,2025-01-23,2025-01-28,CU-10168,Jennifer Thomas,Consumer,United States,Philadelphia,Pennsylvania,East,PRD-OFF-8933,Office Supplies,Binders,Binders Classic 988,2,0.15,58.69,5.31
ORD-102395,2025-03-04,2025-03-06,CU-10051,Sarah Rodriguez,Home Office,United States,Newark,New Jersey,East,PRD-FUR-5161,Furniture,Chairs,Chairs Classic 511,8,0.0,793.79,44.97
ORD-102396,2024-08-22,2024-08-25,CU-10194,Mary Martinez,Home Office,United States,Raleigh,North Carolina,South,PRD-TEC-4966,Technology,Machines,Machines Basic 799,5,0.0,1902.49,539.18
ORD-102397,2025-06-28,2025-07-04,CU-10065,Sarah Rodriguez,Home Office,United States,Cleveland,Ohio,Central,PRD-TEC-6009,Technology,Machines,Machines Classic 866,6,0.15,6608.75,2218.59
ORD-102398,2023-02-10,2023-02-11,CU-10294,James Martin,Home Office,United States,Ann Arbor,Michigan,Central,PRD-OFF-8808,Office Supplies,Art,Art Deluxe 914,10,0.4,546.66,71.11
ORD-102399,2024-05-14,2024-05-18,CU-10203,Jennifer Hernandez,Home Office,United States,Memphis,Tennessee,South,PRD-OFF-9814,Office Supplies,Paper,Paper Classic 643,1,0.0,36.53,4.8
ORD-102400,2025-07-19,2025-07-20,CU-10216,Richard Jackson,Corporate,United States,Reno,Nevada,West,PRD-OFF-6976,Office Supplies,Art,Art Executive 535,7,0.0,592.12,89.23
ORD-102401,2023-12-02,2023-12-06,CU-10129,Michael Wilson,Consumer,United States,Portland,Oregon,West,PRD-OFF-2913,Office Supplies,Art,Art Classic 965,1,0.4,27.5,0.26
ORD-102402,2023-02-23,2023-03-01,CU-10191,Barbara Martin,Corporate,United States,Savannah,Georgia,South,PRD-FUR-6823,Furniture,Bookcases,Bookcases Basic 903,8,0.0,3646.78,-51.62
ORD-102403,2025-07-11,2025-07-18,CU-10239,Susan Wilson,Home Office,United States,Jersey City,New Jersey,East,PRD-FUR-6304,Furniture,Chairs,Chairs Advanced 477,5,0.2,1070.56,84.73
ORD-102404,2023-09-28,2023-10-01,CU-10199,Susan Lee,Corporate,United States,Reno,Nevada,West,PRD-TEC-6542,Technology,Accessories,Accessories Advanced 444,6,0.3,2587.39,-115.76
ORD-102405,2024-07-10,2024-07-12,CU-10001,William Davis,Corporate,United States,Austin,Texas,Central,PRD-FUR-6357,Furniture,Chairs,Chairs Classic 264,8,0.0,6714.04,586.82
ORD-102406,2025-11-05,2025-11-10,CU-10254,Elizabeth Davis,Home Office,United States,Philadelphia,Pennsylvania,East,PRD-TEC-4070,Technology,Copiers,Copiers Executive 123,4,0.0,3738.74,912.18
ORD-102407,2025-08-09,2025-08-13,CU-10156,Linda Rodriguez,Consumer,United States,Springfield,Illinois,Central,PRD-TEC-9122,Technology,Accessories,Accessories Pro 157,8,0.2,1272.23,-48.39
ORD-102408,2025-08-14,2025-08-20,CU-10269,Joseph Jones,Corporate,United States,Springfield,Illinois,Central,PRD-FUR-1355,Furniture,Furnishings,Furnishings Basic 677,2,0.3,767.84,108.24
ORD-102409,2025-08-22,2025-08-29,CU-10088,Thomas Lee,Consumer,United States,Springfield,Illinois,Central,PRD-FUR-8835,Furniture,Furnishings,Furnishings Elite 457,7,0.0,3997.64,-183.57
ORD-102410,2023-04-05,2023-04-06,CU-10268,Linda Brown,Home Office,United States,Newark,New Jersey,East,PRD-OFF-3876,Office Supplies,Labels,Labels Pro 244,4,0.3,168.66,23.12
ORD-102411,2024-07-24,2024-07-29,CU-10144,Thomas Williams,Home Office,United States,New York City,New York,East,PRD-OFF-5306,Office Supplies,Labels,Labels Advanced 725,10,0.15,672.85,40.55
ORD-102412,2023-03-22,2023-03-24,CU-10034,Barbara Miller,Home Office,United States,Jersey City,New Jersey,East,PRD-FUR-4776,Furniture,Bookcases,Bookcases Executive 465,10,0.0,3465.47,883.21
ORD-102413,2023-05-02,2023-05-05,CU-10197,Linda Brown,Consumer,United States,Memphis,Tennessee,South,PRD-FUR-9681,Furniture,Bookcases,Bookcases Deluxe 671,4,0.15,2253.72,661.03
ORD-102414,2025-10-22,2025-10-25,CU-10197,Linda Brown,Consumer,United States,Reno,Nevada,West,PRD-OFF-3238,Office Supplies,Labels,Labels Advanced 154,4,0.4,282.79,24.73
ORD-102415,2023-06-12,2023-06-16,CU-10294,James Martin,Consumer,United States,San Francisco,California,West,PRD-OFF-6000,Office Supplies,Binders,Binders Advanced 460,4,0.15,190.41,53.5
ORD-102416,2025-11-12,2025-11-14,CU-10238,John Miller,Home Office,United States,Reno,Nevada,West,PRD-OFF-9627,Office Supplies,Labels,Labels Deluxe 851,9,0.0,589.93,147.88
ORD-102417,2025-06-12,2025-06-16,CU-10084,Robert Jackson,Corporate,United States,Memphis,Tennessee,South,PRD-TEC-7240,Technology,Copiers,Copiers Elite 153,5,0.0,6571.9,975.3
ORD-102418,2024-10-04,2024-10-06,CU-10144,Thomas Williams,Consumer,United States,Pittsburgh,Pennsylvania,East,PRD-FUR-2131,Furniture,Chairs,Chairs Standard 118,5,0.4,201.48,50.94
ORD-102419,2023-10-03,2023-10-08,CU-10143,Jennifer Johnson,Consumer,United States,Spokane,Washington,West,PRD-FUR-2293,Furniture,Furnishings,Furnishings Advanced 548,9,0.2,6009.76,53.64
ORD-102420,2024-03-05,2024-03-08,CU-10107,Charles Martin,Consumer,United States,New York City,New York,East,PRD-TEC-1758,Technology,Accessories,Accessories Basic 478,7,0.1,8310.7,736.12
ORD-102421,2023-05-15,2023-05-21,CU-10236,David Wilson,Corporate,United States,Chicago,Illinois,Central,PRD-OFF-4491,Office Supplies,Art,Art Pro 921,8,0.4,27.76,-1.21
ORD-102422,2024-04-28,2024-05-05,CU-10246,Karen Hernandez,Consumer,United States,New York City,New York,East,PRD-TEC-3609,Technology,Accessories,Accessories Standard 523,3,0.0,2549.48,789.5
ORD-102423,2024-06-18,2024-06-19,CU-10000,Patricia Smith,Home Office,United States,Miami,Florida,South,PRD-OFF-5437,Office Supplies,Storage,Storage Basic 966,10,0.2,410.63,113.99
ORD-102424,2024-05-26,2024-05-29,CU-10277,William Davis,Consumer,United States,Pittsburgh,Pennsylvania,East,PRD-FUR-6373,Furniture,Chairs,Chairs Pro 410,6,0.0,568.22,115.84
ORD-102425,2025-04-12,2025-04-13,CU-10077,Karen Hernandez,Home Office,United States,Nashville,Tennessee,South,PRD-OFF-6190,Office Supplies,Art,Art Classic 721,7,0.2,573.69,21.81
ORD-102426,2025-08-25,2025-08-28,CU-10004,Robert Martin,Corporate,United States,Chicago,Illinois,Central,PRD-OFF-9061,Office Supplies,Storage,Storage Pro 496,10,0.3,568.65,129.9
ORD-102427,2024-11-22,2024-11-29,CU-10132,Richard Rodriguez,Corporate,United States,Jersey City,New Jersey,East,PRD-FUR-9179,Furniture,Chairs,Chairs Basic 675,9,0.0,6779.13,2193.9
ORD-102428,2024-11-07,2024-11-10,CU-10250,Jennifer Williams,Corporate,United States,Jersey City,New Jersey,East,PRD-TEC-5269,Technology,Copiers,Copiers Advanced 147,5,0.15,5772.98,1289.1
ORD-102429,2023-10-24,2023-10-30,CU-10207,Mary Taylor,Home Office,United States,Tampa,Florida,South,PRD-FUR-3896,Furniture,Bookcases,Bookcases Pro 166,6,0.3,3134.33,1064.81
ORD-102430,2025-04-21,2025-04-26,CU-10129,Michael Wilson,Consumer,United States,Orlando,Florida,South,PRD-OFF-7261,Office Supplies,Binders,Binders Executive 843,10,0.0,183.86,13.36
ORD-102431,2023-06-10,2023-06-14,CU-10005,Susan Johnson,Corporate,United States,Boston,Massachusetts,East,PRD-FUR-2716,Furniture,Furnishings,Furnishings Advanced 690,8,0.4,868.98,39.73
ORD-102432,2023-04-08,2023-04-11,CU-10128,Jessica Taylor,Corporate,United States,Boston,Massachusetts,East,PRD-FUR-9796,Furniture,Chairs,Chairs Classic 542,1,0.0,118.28,24.27
ORD-102433,2023-01-13,2023-01-14,CU-10229,Thomas Jackson,Home Office,United States,Charlotte,North Carolina,South,PRD-OFF-8101,Office Supplies,Storage,Storage Advanced 567,7,0.4,322.94,80.6
ORD-102434,2025-05-26,2025-05-30,CU-10067,Elizabeth Anderson,Home Office,United States,Newark,New Jersey,East,PRD-FUR-8413,Furniture,Bookcases,Bookcases Elite 365,4,0.0,236.29,7.37
ORD-102435,2023-12-28,2024-01-03,CU-10186,Joseph Jackson,Corporate,United States,Atlanta,Georgia,South,PRD-OFF-8623,Office Supplies,Storage,Storage Pro 636,10,0.15,714.02,181.41
ORD-102436,2025-03-11,2025-03-16,CU-10273,Karen Moore,Home Office,United States,New York City,New York,East,PRD-FUR-9842,Furniture,Bookcases,Bookcases Executive 916,3,0.0,305.11,85.38
ORD-102437,2023-03-20,2023-03-22,CU-10183,Mary Smith,Corporate,United States,Miami,Florida,South,PRD-TEC-6762,Technology,Machines,Machines Pro 852,7,0.2,2119.06,664.41
ORD-102438,2023-08-05,2023-08-08,CU-10063,William Jackson,Consumer,United States,Memphis,Tennessee,South,PRD-OFF-4159,Office Supplies,Art,Art Standard 686,7,0.3,570.12,177.79
ORD-102439,2025-03-01,2025-03-08,CU-10027,Michael Williams,Corporate,United States,Portland,Oregon,West,PRD-TEC-1321,Technology,Copiers,Copiers Deluxe 247,1,0.2,1052.79,-133.7
ORD-102440,2025-03-04,2025-03-09,CU-10137,Michael Johnson,Consumer,United States,Worcester,Massachusetts,East,PRD-TEC-1833,Technology,Copiers,Copiers Elite 936,9,0.0,4201.98,955.26
ORD-102441,2023-01-10,2023-01-14,CU-10199,Susan Lee,Consumer,United States,Cleveland,Ohio,Central,PRD-TEC-7784,Technology,Machines,Machines Pro 874,1,0.2,853.81,229.05
ORD-102442,2023-01-03,2023-01-09,CU-10273,Karen Moore,Corporate,United States,Orlando,Florida,South,PRD-TEC-6159,Technology,Machines,Machines Classic 481,10,0.0,7278.44,1220.79
ORD-102443,2024-05-11,2024-05-12,CU-10134,Susan Jackson,Corporate,United States,Miami,Florida,South,PRD-TEC-1782,Technology,Phones,Phones Standard 969,8,0.0,11974.33,2308.82
ORD-102444,2024-10-18,2024-10-24,CU-10025,Elizabeth Lee,Corporate,United States,Pittsburgh,Pennsylvania,East,PRD-OFF-3620,Office Supplies,Art,Art Deluxe 655,9,0.15,515.02,-70.98
ORD-102445,2025-11-11,2025-11-13,CU-10256,James Johnson,Consumer,United States,Dallas,Texas,Central,PRD-OFF-7058,Office Supplies,Storage,Storage Deluxe 288,1,0.0,21.1,0.21
ORD-102446,2023-04-25,2023-04-26,CU-10096,David Smith,Corporate,United States,Springfield,Illinois,Central,PRD-FUR-3000,Furniture,Chairs,Chairs Classic 666,9,0.0,4075.97,855.04
ORD-102447,2024-03-02,2024-03-09,CU-10061,Richard Lee,Consumer,United States,Austin,Texas,Central,PRD-OFF-1683,Office Supplies,Binders,Binders Basic 204,3,0.4,156.63,-3.27
ORD-102448,2024-07-16,2024-07-22,CU-10191,Barbara Martin,Home Office,United States,Pittsburgh,Pennsylvania,East,PRD-TEC-5345,Technology,Machines,Machines Deluxe 921,3,0.3,547.74,71.69
ORD-102449,2025-07-06,2025-07-08,CU-10261,Richard Taylor,Home Office,United States,Atlanta,Georgia,South,PRD-FUR-1743,Furniture,Bookcases,Bookcases Standard 971,4,0.3,1574.5,-79.75
ORD-102450,2025-06-17,2025-06-18,CU-10076,Thomas Smith,Corporate,United States,Houston,Texas,Central,PRD-FUR-5704,Furniture,Bookcases,Bookcases Elite 240,6,0.3,2120.67,94.76
ORD-102451,2024-01-24,2024-01-28,CU-10152,Susan Martin,Home Office,United States,Reno,Nevada,West,PRD-TEC-7892,Technology,Machines,Machines Elite 773,5,0.15,4483.01,163.25
ORD-102452,2023-08-29,2023-09-01,CU-10016,John Miller,Corporate,United States,Dallas,Texas,Central,PRD-TEC-1759,Technology,Machines,Machines Elite 646,8,0.1,9520.13,-286.3
ORD-102453,2023-09-21,2023-09-23,CU-10004,Robert Martin,Consumer,United States,Chicago,Illinois,Central,PRD-FUR-5235,Furniture,Tables,Tables Elite 777,10,0.0,3785.97,370.38
ORD-102454,2023-01-12,2023-01-13,CU-10158,Elizabeth Thomas,Corporate,United States,Reno,Nevada,West,PRD-TEC-9294,Technology,Accessories,Accessories Classic 141,8,0.4,5378.03,38.93
ORD-102455,2025-05-07,2025-05-11,CU-10103,Robert Moore,Consumer,United States,Orlando,Florida,South,PRD-OFF-1707,Office Supplies,Paper,Paper Pro 963,9,0.1,949.74,276.81
ORD-102456,2025-07-31,2025-08-01,CU-10047,Jessica Wilson,Corporate,United States,Eugene,Oregon,West,PRD-FUR-7615,Furniture,Furnishings,Furnishings Advanced 201,9,0.3,4022.78,1085.14
ORD-102457,2025-07-31,2025-08-05,CU-10089,Susan Miller,Consumer,United States,Worcester,Massachusetts,East,PRD-FUR-1769,Furniture,Furnishings,Furnishings Executive 974,9,0.0,5659.13,527.27
ORD-102458,2024-09-30,2024-10-06,CU-10083,Robert Taylor,Corporate,United States,Springfield,Illinois,Central,PRD-OFF-2652,Office Supplies,Labels,Labels Pro 532,9,0.0,746.33,123.63
ORD-102459,2025-07-23,2025-07-28,CU-10226,Charles Miller,Consumer,United States,Newark,New Jersey,East,PRD-TEC-5234,Technology,Phones,Phones Deluxe 370,9,0.2,9903.38,2896.89
ORD-102460,2024-06-11,2024-06-16,CU-10233,David Brown,Consumer,United States,Philadelphia,Pennsylvania,East,PRD-OFF-3994,Office Supplies,Art,Art Advanced 652,7,0.0,403.58,17.53
ORD-102461,2023-07-24,2023-07-26,CU-10035,William Williams,Home Office,United States,Worcester,Massachusetts,East,PRD-TEC-1398,Technology,Copiers,Copiers Basic 157,6,0.15,4529.02,-175.34
ORD-102462,2025-12-23,2025-12-27,CU-10284,Sarah Williams,Home Office,United States,Jersey City,New Jersey,East,PRD-FUR-2315,Furniture,Bookcases,Bookcases Deluxe 549,2,0.4,189.26,-26.2
ORD-102463,2024-11-14,2024-11-21,CU-10163,Sarah Miller,Home Office,United States,Miami,Florida,South,PRD-TEC-7352,Technology,Copiers,Copiers Deluxe 831,2,0.4,1748.6,322.32
ORD-102464,2023-10-09,2023-10-12,CU-10246,Karen Hernandez,Consumer,United States,Columbus,Ohio,Central,PRD-FUR-3209,Furniture,Furnishings,Furnishings Standard 560,4,0.4,1593.72,86.46
ORD-102465,2023-03-07,2023-03-12,CU-10158,Elizabeth Thomas,Home Office,United States,Worcester,Massachusetts,East,PRD-OFF-8959,Office Supplies,Storage,Storage Pro 882,2,0.3,79.29,-6.39
ORD-102466,2025-11-12,2025-11-18,CU-10162,Patricia Williams,Corporate,United States,Charlotte,North Carolina,South,PRD-OFF-1898,Office Supplies,Storage,Storage Standard 369,6,0.0,321.12,43.76
ORD-102467,2025-08-06,2025-08-08,CU-10069,James Rodriguez,Consumer,United States,Memphis,Tennessee,South,PRD-OFF-9807,Office Supplies,Binders,Binders Elite 421,5,0.1,289.93,37.27
ORD-102468,2025-12-12,2025-12-14,CU-10121,William Thomas,Consumer,United States,Spokane,Washington,West,PRD-FUR-1989,Furniture,Bookcases,Bookcases Basic 533,9,0.3,4275.78,1460.09
ORD-102469,2024-04-09,2024-04-12,CU-10205,William Garcia,Home Office,United States,Ann Arbor,Michigan,Central,PRD-TEC-8881,Technology,Phones,Phones Basic 305,8,0.0,3942.72,217.67
ORD-102470,2024-04-19,2024-04-25,CU-10187,Susan Jackson,Consumer,United States,Boston,Massachusetts,East,PRD-TEC-8109,Technology,Phones,Phones Standard 941,7,0.0,4312.16,615.5
ORD-102471,2023-06-04,2023-06-07,CU-10018,Robert Wilson,Home Office,United States,New York City,New York,East,PRD-FUR-2574,Furniture,Furnishings,Furnishings Executive 464,10,0.1,7128.5,-931.18
ORD-102472,2025-08-29,2025-09-03,CU-10137,Michael Johnson,Home Office,United States,Savannah,Georgia,South,PRD-OFF-4235,Office Supplies,Paper,Paper Pro 762,6,0.4,313.63,60.61
ORD-102473,2023-04-26,2023-04-30,CU-10101,Linda Williams,Corporate,United States,San Francisco,California,West,PRD-OFF-9104,Office Supplies,Art,Art Elite 146,8,0.0,529.64,149.5
ORD-102474,2023-07-10,2023-07-12,CU-10129,Michael Wilson,Consumer,United States,Jersey City,New Jersey,East,PRD-FUR-6023,Furniture,Furnishings,Furnishings Basic 280,3,0.15,2248.93,-61.62
ORD-102475,2025-04-27,2025-04-30,CU-10071,Thomas Brown,Corporate,United States,Charlotte,North Carolina,South,PRD-FUR-6773,Furniture,Bookcases,Bookcases Classic 602,5,0.2,470.41,94.35
ORD-102476,2024-01-29,2024-02-04,CU-10281,Robert Martinez,Home Office,United States,Raleigh,North Carolina,South,PRD-TEC-9673,Technology,Copiers,Copiers Advanced 677,3,0.2,2462.41,-167.87
ORD-102477,2023-12-04,2023-12-11,CU-10116,David Brown,Corporate,United States,Buffalo,New York,East,PRD-TEC-5575,Technology,Machines,Machines Pro 774,4,0.4,2218.77,175.27
ORD-102478,2024-08-26,2024-09-01,CU-10147,Linda Wilson,Home Office,United States,Seattle,Washington,West,PRD-TEC-1881,Technology,Accessories,Accessories Advanced 795,8,0.15,9363.67,2706.83
ORD-102479,2024-08-27,2024-09-03,CU-10241,Charles Martinez,Home Office,United States,Savannah,Georgia,South,PRD-TEC-5846,Technology,Copiers,Copiers Basic 735,8,0.1,8072.51,1459.09
ORD-102480,2023-07-30,2023-08-04,CU-10005,Susan Johnson,Consumer,United States,Nashville,Tennessee,South,PRD-FUR-5254,Furniture,Furnishings,Furnishings Basic 398,3,0.0,1714.7,67.96
ORD-102481,2023-09-26,2023-09-27,CU-10065,Sarah Rodriguez,Home Office,United States,Reno,Nevada,West,PRD-OFF-6959,Office Supplies,Labels,Labels Classic 893,1,0.0,104.66,-15.61
ORD-102482,2025-08-19,2025-08-24,CU-10293,Richard Martin,Consumer,United States,Pittsburgh,Pennsylvania,East,PRD-OFF-5509,Office Supplies,Storage,Storage Executive 458,2,0.1,214.74,66.48
ORD-102483,2023-04-25,2023-05-01,CU-10239,Susan Wilson,Home Office,United States,Buffalo,New York,East,PRD-FUR-5415,Furniture,Chairs,Chairs Deluxe 705,6,0.4,2047.67,245.59
ORD-102484,2024-10-29,2024-11-03,CU-10010,Michael Jackson,Consumer,United States,Atlanta,Georgia,South,PRD-TEC-9370,Technology,Machines,Machines Elite 752,2,0.0,994.85,-102.14
ORD-102485,2023-06-11,2023-06-14,CU-10131,Richard Smith,Corporate,United States,Detroit,Michigan,Central,PRD-TEC-1327,Technology,Copiers,Copiers Pro 599,1,0.2,69.16,22.37
ORD-102486,2025-04-03,2025-04-05,CU-10197,Linda Brown,Corporate,United States,Spokane,Washington,West,PRD-FUR-1861,Furniture,Bookcases,Bookcases Deluxe 233,7,0.4,1404.92,215.21
ORD-102487,2024-06-06,2024-06-12,CU-10251,Elizabeth Moore,Corporate,United States,Boston,Massachusetts,East,PRD-TEC-4197,Technology,Copiers,Copiers Classic 779,6,0.3,1372.04,367.57
ORD-102488,2025-03-07,2025-03-12,CU-10055,John Moore,Corporate,United States,Cleveland,Ohio,Central,PRD-FUR-6765,Furniture,Tables,Tables Advanced 563,10,0.0,1805.7,-180.02
ORD-102489,2023-08-03,2023-08-06,CU-10295,Richard Taylor,Corporate,United States,Springfield,Illinois,Central,PRD-OFF-8306,Office Supplies,Labels,Labels Classic 201,6,0.1,483.17,-55.4
ORD-102490,2024-04-11,2024-04-12,CU-10109,Jessica Anderson,Corporate,United States,Ann Arbor,Michigan,Central,PRD-FUR-1710,Furniture,Furnishings,Furnishings Elite 979,8,0.0,2980.33,747.72
ORD-102491,2023-12-18,2023-12-22,CU-10270,Joseph Moore,Home Office,United States,Raleigh,North Carolina,South,PRD-TEC-1875,Technology,Copiers,Copiers Pro 886,1,0.1,1274.7,135.59
ORD-102492,2025-05-13,2025-05-15,CU-10048,Joseph Jones,Corporate,United States,Philadelphia,Pennsylvania,East,PRD-OFF-9158,Office Supplies,Labels,Labels Deluxe 274,9,0.0,640.69,130.99
ORD-102493,2024-08-10,2024-08-16,CU-10197,Linda Brown,Home Office,United States,Spokane,Washington,West,PRD-TEC-4381,Technology,Copiers,Copiers Advanced 299,2,0.15,488.07,112.17
ORD-102494,2025-10-04,2025-10-06,CU-10013,William Smith,Home Office,United States,Raleigh,North Carolina,South,PRD-FUR-7153,Furniture,Chairs,Chairs Basic 981,5,0.0,1317.16,193.43
ORD-102495,2024-07-07,2024-07-10,CU-10294,James Martin,Home Office,United States,Savannah,Georgia,South,PRD-FUR-4744,Furniture,Bookcases,Bookcases Pro 688,3,0.2,1684.51,126.73
ORD-102496,2025-04-27,2025-05-02,CU-10169,Sarah Martinez,Corporate,United States,Boston,Massachusetts,East,PRD-TEC-9704,Technology,Phones,Phones Standard 457,2,0.1,169.65,-17.84
ORD-102497,2025-06-08,2025-06-12,CU-10066,David Brown,Home Office,United States,Worcester,Massachusetts,East,PRD-FUR-8522,Furniture,Bookcases,Bookcases Basic 948,6,0.3,1688.88,427.3
ORD-102498,2025-02-09,2025-02-16,CU-10004,Robert Martin,Home Office,United States,Philadelphia,Pennsylvania,East,PRD-OFF-5982,Office Supplies,Paper,Paper Basic 101,2,0.2,42.11,3.23
ORD-102499,2025-08-03,2025-08-06,CU-10214,Robert Rodriguez,Consumer,United States,Raleigh,North Carolina,South,PRD-TEC-3488,Technology,Machines,Machines Classic 591,5,0.2,215.75,33.91
